[0.096s] DEBUG:colcon:Command line arguments: ['/usr/bin/colcon', 'build']
[0.096s] DEBUG:colcon:Parsed command line arguments: Namespace(log_base=None, log_level=None, verb_name='build', build_base='build', install_base='install', merge_install=False, symlink_install=False, test_result_base=None, continue_on_error=False, executor='parallel', parallel_workers=8, event_handlers=None, ignore_user_meta=False, metas=['./colcon.meta'], base_paths=['.'], packages_ignore=None, packages_ignore_regex=None, paths=None, packages_up_to=None, packages_up_to_regex=None, packages_above=None, packages_above_and_dependencies=None, packages_above_depth=None, packages_select_by_dep=None, packages_skip_by_dep=None, packages_skip_up_to=None, packages_select_build_failed=False, packages_skip_build_finished=False, packages_select_test_failures=False, packages_skip_test_passed=False, packages_select=None, packages_skip=None, packages_select_regex=None, packages_skip_regex=None, packages_start=None, packages_end=None, allow_overriding=[], cmake_args=None, cmake_target=None, cmake_target_skip_unavailable=False, cmake_clean_cache=False, cmake_clean_first=False, cmake_force_configure=False, ament_cmake_args=None, catkin_cmake_args=None, catkin_skip_building_tests=False, mixin_files=None, mixin=None, verb_parser=<colcon_mixin.mixin.mixin_argument.MixinArgumentDecorator object at 0x7b022690f520>, verb_extension=<colcon_core.verb.build.BuildVerb object at 0x7b022690ee90>, main=<bound method BuildVerb.main of <colcon_core.verb.build.BuildVerb object at 0x7b022690ee90>>, mixin_verb=('build',))
[0.230s] Level 1:colcon.colcon_core.package_discovery:discover_packages(colcon_meta) check parameters
[0.230s] Level 1:colcon.colcon_core.package_discovery:discover_packages(recursive) check parameters
[0.230s] Level 1:colcon.colcon_core.package_discovery:discover_packages(ignore) check parameters
[0.230s] Level 1:colcon.colcon_core.package_discovery:discover_packages(path) check parameters
[0.230s] Level 1:colcon.colcon_core.package_discovery:discover_packages(colcon_meta) discover
[0.230s] Level 1:colcon.colcon_core.package_discovery:discover_packages(recursive) discover
[0.230s] INFO:colcon.colcon_core.package_discovery:Crawling recursively for packages in '/home/akinsantos/minipulator_ws'
[0.230s] Level 1:colcon.colcon_core.package_identification:_identify(.) by extensions ['ignore', 'ignore_ament_install']
[0.230s] Level 1:colcon.colcon_core.package_identification:_identify(.) by extension 'ignore'
[0.231s] Level 1:colcon.colcon_core.package_identification:_identify(.) by extension 'ignore_ament_install'
[0.231s] Level 1:colcon.colcon_core.package_identification:_identify(.) by extensions ['colcon_pkg']
[0.231s] Level 1:colcon.colcon_core.package_identification:_identify(.) by extension 'colcon_pkg'
[0.231s] Level 1:colcon.colcon_core.package_identification:_identify(.) by extensions ['colcon_meta']
[0.231s] Level 1:colcon.colcon_core.package_identification:_identify(.) by extension 'colcon_meta'
[0.231s] Level 1:colcon.colcon_core.package_identification:_identify(.) by extensions ['ros']
[0.231s] Level 1:colcon.colcon_core.package_identification:_identify(.) by extension 'ros'
[0.238s] Level 1:colcon.colcon_core.package_identification:_identify(.) by extensions ['cmake', 'python']
[0.239s] Level 1:colcon.colcon_core.package_identification:_identify(.) by extension 'cmake'
[0.239s] Level 1:colcon.colcon_core.package_identification:_identify(.) by extension 'python'
[0.239s] Level 1:colcon.colcon_core.package_identification:_identify(.) by extensions ['python_setup_py']
[0.239s] Level 1:colcon.colcon_core.package_identification:_identify(.) by extension 'python_setup_py'
[0.239s] Level 1:colcon.colcon_core.package_identification:_identify(build) by extensions ['ignore', 'ignore_ament_install']
[0.239s] Level 1:colcon.colcon_core.package_identification:_identify(build) by extension 'ignore'
[0.239s] Level 1:colcon.colcon_core.package_identification:_identify(build) ignored
[0.239s] Level 1:colcon.colcon_core.package_identification:_identify(install) by extensions ['ignore', 'ignore_ament_install']
[0.239s] Level 1:colcon.colcon_core.package_identification:_identify(install) by extension 'ignore'
[0.239s] Level 1:colcon.colcon_core.package_identification:_identify(install) ignored
[0.239s] Level 1:colcon.colcon_core.package_identification:_identify(log) by extensions ['ignore', 'ignore_ament_install']
[0.239s] Level 1:colcon.colcon_core.package_identification:_identify(log) by extension 'ignore'
[0.239s] Level 1:colcon.colcon_core.package_identification:_identify(log) ignored
[0.239s] Level 1:colcon.colcon_core.package_identification:_identify(src) by extensions ['ignore', 'ignore_ament_install']
[0.239s] Level 1:colcon.colcon_core.package_identification:_identify(src) by extension 'ignore'
[0.239s] Level 1:colcon.colcon_core.package_identification:_identify(src) by extension 'ignore_ament_install'
[0.239s] Level 1:colcon.colcon_core.package_identification:_identify(src) by extensions ['colcon_pkg']
[0.239s] Level 1:colcon.colcon_core.package_identification:_identify(src) by extension 'colcon_pkg'
[0.239s] Level 1:colcon.colcon_core.package_identification:_identify(src) by extensions ['colcon_meta']
[0.239s] Level 1:colcon.colcon_core.package_identification:_identify(src) by extension 'colcon_meta'
[0.239s] Level 1:colcon.colcon_core.package_identification:_identify(src) by extensions ['ros']
[0.240s] Level 1:colcon.colcon_core.package_identification:_identify(src) by extension 'ros'
[0.240s] Level 1:colcon.colcon_core.package_identification:_identify(src) by extensions ['cmake', 'python']
[0.240s] Level 1:colcon.colcon_core.package_identification:_identify(src) by extension 'cmake'
[0.240s] Level 1:colcon.colcon_core.package_identification:_identify(src) by extension 'python'
[0.240s] Level 1:colcon.colcon_core.package_identification:_identify(src) by extensions ['python_setup_py']
[0.240s] Level 1:colcon.colcon_core.package_identification:_identify(src) by extension 'python_setup_py'
[0.240s] Level 1:colcon.colcon_core.package_identification:_identify(src/dynamixel-workbench) by extensions ['ignore', 'ignore_ament_install']
[0.240s] Level 1:colcon.colcon_core.package_identification:_identify(src/dynamixel-workbench) by extension 'ignore'
[0.240s] Level 1:colcon.colcon_core.package_identification:_identify(src/dynamixel-workbench) by extension 'ignore_ament_install'
[0.240s] Level 1:colcon.colcon_core.package_identification:_identify(src/dynamixel-workbench) by extensions ['colcon_pkg']
[0.240s] Level 1:colcon.colcon_core.package_identification:_identify(src/dynamixel-workbench) by extension 'colcon_pkg'
[0.240s] Level 1:colcon.colcon_core.package_identification:_identify(src/dynamixel-workbench) by extensions ['colcon_meta']
[0.240s] Level 1:colcon.colcon_core.package_identification:_identify(src/dynamixel-workbench) by extension 'colcon_meta'
[0.240s] Level 1:colcon.colcon_core.package_identification:_identify(src/dynamixel-workbench) by extensions ['ros']
[0.240s] Level 1:colcon.colcon_core.package_identification:_identify(src/dynamixel-workbench) by extension 'ros'
[0.240s] Level 1:colcon.colcon_core.package_identification:_identify(src/dynamixel-workbench) by extensions ['cmake', 'python']
[0.240s] Level 1:colcon.colcon_core.package_identification:_identify(src/dynamixel-workbench) by extension 'cmake'
[0.240s] Level 1:colcon.colcon_core.package_identification:_identify(src/dynamixel-workbench) by extension 'python'
[0.240s] Level 1:colcon.colcon_core.package_identification:_identify(src/dynamixel-workbench) by extensions ['python_setup_py']
[0.240s] Level 1:colcon.colcon_core.package_identification:_identify(src/dynamixel-workbench) by extension 'python_setup_py'
[0.240s] Level 1:colcon.colcon_core.package_identification:_identify(src/dynamixel-workbench/dynamixel_workbench) by extensions ['ignore', 'ignore_ament_install']
[0.240s] Level 1:colcon.colcon_core.package_identification:_identify(src/dynamixel-workbench/dynamixel_workbench) by extension 'ignore'
[0.240s] Level 1:colcon.colcon_core.package_identification:_identify(src/dynamixel-workbench/dynamixel_workbench) by extension 'ignore_ament_install'
[0.240s] Level 1:colcon.colcon_core.package_identification:_identify(src/dynamixel-workbench/dynamixel_workbench) by extensions ['colcon_pkg']
[0.240s] Level 1:colcon.colcon_core.package_identification:_identify(src/dynamixel-workbench/dynamixel_workbench) by extension 'colcon_pkg'
[0.240s] Level 1:colcon.colcon_core.package_identification:_identify(src/dynamixel-workbench/dynamixel_workbench) by extensions ['colcon_meta']
[0.240s] Level 1:colcon.colcon_core.package_identification:_identify(src/dynamixel-workbench/dynamixel_workbench) by extension 'colcon_meta'
[0.241s] Level 1:colcon.colcon_core.package_identification:_identify(src/dynamixel-workbench/dynamixel_workbench) by extensions ['ros']
[0.241s] Level 1:colcon.colcon_core.package_identification:_identify(src/dynamixel-workbench/dynamixel_workbench) by extension 'ros'
[0.242s] DEBUG:colcon.colcon_core.package_identification:Package 'src/dynamixel-workbench/dynamixel_workbench' with type 'ros.ament_cmake' and name 'dynamixel_workbench'
[0.243s] Level 1:colcon.colcon_core.package_identification:_identify(src/dynamixel-workbench/dynamixel_workbench_toolbox) by extensions ['ignore', 'ignore_ament_install']
[0.243s] Level 1:colcon.colcon_core.package_identification:_identify(src/dynamixel-workbench/dynamixel_workbench_toolbox) by extension 'ignore'
[0.243s] Level 1:colcon.colcon_core.package_identification:_identify(src/dynamixel-workbench/dynamixel_workbench_toolbox) by extension 'ignore_ament_install'
[0.243s] Level 1:colcon.colcon_core.package_identification:_identify(src/dynamixel-workbench/dynamixel_workbench_toolbox) by extensions ['colcon_pkg']
[0.243s] Level 1:colcon.colcon_core.package_identification:_identify(src/dynamixel-workbench/dynamixel_workbench_toolbox) by extension 'colcon_pkg'
[0.243s] Level 1:colcon.colcon_core.package_identification:_identify(src/dynamixel-workbench/dynamixel_workbench_toolbox) by extensions ['colcon_meta']
[0.243s] Level 1:colcon.colcon_core.package_identification:_identify(src/dynamixel-workbench/dynamixel_workbench_toolbox) by extension 'colcon_meta'
[0.243s] Level 1:colcon.colcon_core.package_identification:_identify(src/dynamixel-workbench/dynamixel_workbench_toolbox) by extensions ['ros']
[0.243s] Level 1:colcon.colcon_core.package_identification:_identify(src/dynamixel-workbench/dynamixel_workbench_toolbox) by extension 'ros'
[0.244s] DEBUG:colcon.colcon_core.package_identification:Package 'src/dynamixel-workbench/dynamixel_workbench_toolbox' with type 'ros.ament_cmake' and name 'dynamixel_workbench_toolbox'
[0.244s] Level 1:colcon.colcon_core.package_identification:_identify(src/dynamixel-workbench-msgs) by extensions ['ignore', 'ignore_ament_install']
[0.244s] Level 1:colcon.colcon_core.package_identification:_identify(src/dynamixel-workbench-msgs) by extension 'ignore'
[0.244s] Level 1:colcon.colcon_core.package_identification:_identify(src/dynamixel-workbench-msgs) by extension 'ignore_ament_install'
[0.244s] Level 1:colcon.colcon_core.package_identification:_identify(src/dynamixel-workbench-msgs) by extensions ['colcon_pkg']
[0.244s] Level 1:colcon.colcon_core.package_identification:_identify(src/dynamixel-workbench-msgs) by extension 'colcon_pkg'
[0.244s] Level 1:colcon.colcon_core.package_identification:_identify(src/dynamixel-workbench-msgs) by extensions ['colcon_meta']
[0.244s] Level 1:colcon.colcon_core.package_identification:_identify(src/dynamixel-workbench-msgs) by extension 'colcon_meta'
[0.244s] Level 1:colcon.colcon_core.package_identification:_identify(src/dynamixel-workbench-msgs) by extensions ['ros']
[0.244s] Level 1:colcon.colcon_core.package_identification:_identify(src/dynamixel-workbench-msgs) by extension 'ros'
[0.244s] Level 1:colcon.colcon_core.package_identification:_identify(src/dynamixel-workbench-msgs) by extensions ['cmake', 'python']
[0.244s] Level 1:colcon.colcon_core.package_identification:_identify(src/dynamixel-workbench-msgs) by extension 'cmake'
[0.244s] Level 1:colcon.colcon_core.package_identification:_identify(src/dynamixel-workbench-msgs) by extension 'python'
[0.244s] Level 1:colcon.colcon_core.package_identification:_identify(src/dynamixel-workbench-msgs) by extensions ['python_setup_py']
[0.244s] Level 1:colcon.colcon_core.package_identification:_identify(src/dynamixel-workbench-msgs) by extension 'python_setup_py'
[0.244s] Level 1:colcon.colcon_core.package_identification:_identify(src/dynamixel-workbench-msgs/dynamixel_workbench_msgs) by extensions ['ignore', 'ignore_ament_install']
[0.244s] Level 1:colcon.colcon_core.package_identification:_identify(src/dynamixel-workbench-msgs/dynamixel_workbench_msgs) by extension 'ignore'
[0.244s] Level 1:colcon.colcon_core.package_identification:_identify(src/dynamixel-workbench-msgs/dynamixel_workbench_msgs) by extension 'ignore_ament_install'
[0.244s] Level 1:colcon.colcon_core.package_identification:_identify(src/dynamixel-workbench-msgs/dynamixel_workbench_msgs) by extensions ['colcon_pkg']
[0.244s] Level 1:colcon.colcon_core.package_identification:_identify(src/dynamixel-workbench-msgs/dynamixel_workbench_msgs) by extension 'colcon_pkg'
[0.244s] Level 1:colcon.colcon_core.package_identification:_identify(src/dynamixel-workbench-msgs/dynamixel_workbench_msgs) by extensions ['colcon_meta']
[0.244s] Level 1:colcon.colcon_core.package_identification:_identify(src/dynamixel-workbench-msgs/dynamixel_workbench_msgs) by extension 'colcon_meta'
[0.244s] Level 1:colcon.colcon_core.package_identification:_identify(src/dynamixel-workbench-msgs/dynamixel_workbench_msgs) by extensions ['ros']
[0.244s] Level 1:colcon.colcon_core.package_identification:_identify(src/dynamixel-workbench-msgs/dynamixel_workbench_msgs) by extension 'ros'
[0.246s] DEBUG:colcon.colcon_core.package_identification:Package 'src/dynamixel-workbench-msgs/dynamixel_workbench_msgs' with type 'ros.ament_cmake' and name 'dynamixel_workbench_msgs'
[0.246s] Level 1:colcon.colcon_core.package_identification:_identify(src/dynamixel_control) by extensions ['ignore', 'ignore_ament_install']
[0.246s] Level 1:colcon.colcon_core.package_identification:_identify(src/dynamixel_control) by extension 'ignore'
[0.246s] Level 1:colcon.colcon_core.package_identification:_identify(src/dynamixel_control) by extension 'ignore_ament_install'
[0.246s] Level 1:colcon.colcon_core.package_identification:_identify(src/dynamixel_control) by extensions ['colcon_pkg']
[0.246s] Level 1:colcon.colcon_core.package_identification:_identify(src/dynamixel_control) by extension 'colcon_pkg'
[0.246s] Level 1:colcon.colcon_core.package_identification:_identify(src/dynamixel_control) by extensions ['colcon_meta']
[0.246s] Level 1:colcon.colcon_core.package_identification:_identify(src/dynamixel_control) by extension 'colcon_meta'
[0.246s] Level 1:colcon.colcon_core.package_identification:_identify(src/dynamixel_control) by extensions ['ros']
[0.246s] Level 1:colcon.colcon_core.package_identification:_identify(src/dynamixel_control) by extension 'ros'
[0.246s] Level 1:colcon.colcon_core.package_identification:_identify(src/dynamixel_control) by extensions ['cmake', 'python']
[0.246s] Level 1:colcon.colcon_core.package_identification:_identify(src/dynamixel_control) by extension 'cmake'
[0.246s] Level 1:colcon.colcon_core.package_identification:_identify(src/dynamixel_control) by extension 'python'
[0.246s] Level 1:colcon.colcon_core.package_identification:_identify(src/dynamixel_control) by extensions ['python_setup_py']
[0.246s] Level 1:colcon.colcon_core.package_identification:_identify(src/dynamixel_control) by extension 'python_setup_py'
[0.246s] Level 1:colcon.colcon_core.package_identification:_identify(src/dynamixel_control/dynamixel_hardware) by extensions ['ignore', 'ignore_ament_install']
[0.247s] Level 1:colcon.colcon_core.package_identification:_identify(src/dynamixel_control/dynamixel_hardware) by extension 'ignore'
[0.247s] Level 1:colcon.colcon_core.package_identification:_identify(src/dynamixel_control/dynamixel_hardware) by extension 'ignore_ament_install'
[0.247s] Level 1:colcon.colcon_core.package_identification:_identify(src/dynamixel_control/dynamixel_hardware) by extensions ['colcon_pkg']
[0.247s] Level 1:colcon.colcon_core.package_identification:_identify(src/dynamixel_control/dynamixel_hardware) by extension 'colcon_pkg'
[0.247s] Level 1:colcon.colcon_core.package_identification:_identify(src/dynamixel_control/dynamixel_hardware) by extensions ['colcon_meta']
[0.247s] Level 1:colcon.colcon_core.package_identification:_identify(src/dynamixel_control/dynamixel_hardware) by extension 'colcon_meta'
[0.247s] Level 1:colcon.colcon_core.package_identification:_identify(src/dynamixel_control/dynamixel_hardware) by extensions ['ros']
[0.247s] Level 1:colcon.colcon_core.package_identification:_identify(src/dynamixel_control/dynamixel_hardware) by extension 'ros'
[0.247s] DEBUG:colcon.colcon_core.package_identification:Package 'src/dynamixel_control/dynamixel_hardware' with type 'ros.ament_cmake' and name 'dynamixel_hardware'
[0.248s] Level 1:colcon.colcon_core.package_identification:_identify(src/moveit2_final_test) by extensions ['ignore', 'ignore_ament_install']
[0.248s] Level 1:colcon.colcon_core.package_identification:_identify(src/moveit2_final_test) by extension 'ignore'
[0.248s] Level 1:colcon.colcon_core.package_identification:_identify(src/moveit2_final_test) by extension 'ignore_ament_install'
[0.248s] Level 1:colcon.colcon_core.package_identification:_identify(src/moveit2_final_test) by extensions ['colcon_pkg']
[0.248s] Level 1:colcon.colcon_core.package_identification:_identify(src/moveit2_final_test) by extension 'colcon_pkg'
[0.248s] Level 1:colcon.colcon_core.package_identification:_identify(src/moveit2_final_test) by extensions ['colcon_meta']
[0.248s] Level 1:colcon.colcon_core.package_identification:_identify(src/moveit2_final_test) by extension 'colcon_meta'
[0.248s] Level 1:colcon.colcon_core.package_identification:_identify(src/moveit2_final_test) by extensions ['ros']
[0.248s] Level 1:colcon.colcon_core.package_identification:_identify(src/moveit2_final_test) by extension 'ros'
[0.248s] Level 1:colcon.colcon_core.package_identification:_identify(src/moveit2_final_test) by extensions ['cmake', 'python']
[0.248s] Level 1:colcon.colcon_core.package_identification:_identify(src/moveit2_final_test) by extension 'cmake'
[0.248s] Level 1:colcon.colcon_core.package_identification:_identify(src/moveit2_final_test) by extension 'python'
[0.248s] Level 1:colcon.colcon_core.package_identification:_identify(src/moveit2_final_test) by extensions ['python_setup_py']
[0.248s] Level 1:colcon.colcon_core.package_identification:_identify(src/moveit2_final_test) by extension 'python_setup_py'
[0.248s] Level 1:colcon.colcon_core.package_identification:_identify(src/movevit2_test) by extensions ['ignore', 'ignore_ament_install']
[0.248s] Level 1:colcon.colcon_core.package_identification:_identify(src/movevit2_test) by extension 'ignore'
[0.248s] Level 1:colcon.colcon_core.package_identification:_identify(src/movevit2_test) by extension 'ignore_ament_install'
[0.248s] Level 1:colcon.colcon_core.package_identification:_identify(src/movevit2_test) by extensions ['colcon_pkg']
[0.248s] Level 1:colcon.colcon_core.package_identification:_identify(src/movevit2_test) by extension 'colcon_pkg'
[0.248s] Level 1:colcon.colcon_core.package_identification:_identify(src/movevit2_test) by extensions ['colcon_meta']
[0.248s] Level 1:colcon.colcon_core.package_identification:_identify(src/movevit2_test) by extension 'colcon_meta'
[0.248s] Level 1:colcon.colcon_core.package_identification:_identify(src/movevit2_test) by extensions ['ros']
[0.248s] Level 1:colcon.colcon_core.package_identification:_identify(src/movevit2_test) by extension 'ros'
[0.249s] DEBUG:colcon.colcon_core.package_identification:Package 'src/movevit2_test' with type 'ros.ament_cmake' and name 'movevit2_test'
[0.249s] Level 1:colcon.colcon_core.package_identification:_identify(src/open_manipulator_pro_gazebo) by extensions ['ignore', 'ignore_ament_install']
[0.249s] Level 1:colcon.colcon_core.package_identification:_identify(src/open_manipulator_pro_gazebo) by extension 'ignore'
[0.249s] Level 1:colcon.colcon_core.package_identification:_identify(src/open_manipulator_pro_gazebo) by extension 'ignore_ament_install'
[0.249s] Level 1:colcon.colcon_core.package_identification:_identify(src/open_manipulator_pro_gazebo) by extensions ['colcon_pkg']
[0.249s] Level 1:colcon.colcon_core.package_identification:_identify(src/open_manipulator_pro_gazebo) by extension 'colcon_pkg'
[0.249s] Level 1:colcon.colcon_core.package_identification:_identify(src/open_manipulator_pro_gazebo) by extensions ['colcon_meta']
[0.249s] Level 1:colcon.colcon_core.package_identification:_identify(src/open_manipulator_pro_gazebo) by extension 'colcon_meta'
[0.249s] Level 1:colcon.colcon_core.package_identification:_identify(src/open_manipulator_pro_gazebo) by extensions ['ros']
[0.249s] Level 1:colcon.colcon_core.package_identification:_identify(src/open_manipulator_pro_gazebo) by extension 'ros'
[0.250s] DEBUG:colcon.colcon_core.package_identification:Package 'src/open_manipulator_pro_gazebo' with type 'ros.ament_cmake' and name 'open_manipulator_pro_gazebo'
[0.250s] Level 1:colcon.colcon_core.package_identification:_identify(src/phantomx_reactor_arm_description) by extensions ['ignore', 'ignore_ament_install']
[0.250s] Level 1:colcon.colcon_core.package_identification:_identify(src/phantomx_reactor_arm_description) by extension 'ignore'
[0.250s] Level 1:colcon.colcon_core.package_identification:_identify(src/phantomx_reactor_arm_description) by extension 'ignore_ament_install'
[0.250s] Level 1:colcon.colcon_core.package_identification:_identify(src/phantomx_reactor_arm_description) by extensions ['colcon_pkg']
[0.250s] Level 1:colcon.colcon_core.package_identification:_identify(src/phantomx_reactor_arm_description) by extension 'colcon_pkg'
[0.250s] Level 1:colcon.colcon_core.package_identification:_identify(src/phantomx_reactor_arm_description) by extensions ['colcon_meta']
[0.250s] Level 1:colcon.colcon_core.package_identification:_identify(src/phantomx_reactor_arm_description) by extension 'colcon_meta'
[0.250s] Level 1:colcon.colcon_core.package_identification:_identify(src/phantomx_reactor_arm_description) by extensions ['ros']
[0.250s] Level 1:colcon.colcon_core.package_identification:_identify(src/phantomx_reactor_arm_description) by extension 'ros'
[0.257s] DEBUG:colcon.colcon_core.package_identification:Package 'src/phantomx_reactor_arm_description' with type 'ros.ament_cmake' and name 'phantomx_reactor_arm_description'
[0.257s] Level 1:colcon.colcon_core.package_identification:_identify(src/phantomx_reactor_arm_moveit2_config) by extensions ['ignore', 'ignore_ament_install']
[0.258s] Level 1:colcon.colcon_core.package_identification:_identify(src/phantomx_reactor_arm_moveit2_config) by extension 'ignore'
[0.258s] Level 1:colcon.colcon_core.package_identification:_identify(src/phantomx_reactor_arm_moveit2_config) by extension 'ignore_ament_install'
[0.258s] Level 1:colcon.colcon_core.package_identification:_identify(src/phantomx_reactor_arm_moveit2_config) by extensions ['colcon_pkg']
[0.258s] Level 1:colcon.colcon_core.package_identification:_identify(src/phantomx_reactor_arm_moveit2_config) by extension 'colcon_pkg'
[0.258s] Level 1:colcon.colcon_core.package_identification:_identify(src/phantomx_reactor_arm_moveit2_config) by extensions ['colcon_meta']
[0.258s] Level 1:colcon.colcon_core.package_identification:_identify(src/phantomx_reactor_arm_moveit2_config) by extension 'colcon_meta'
[0.258s] Level 1:colcon.colcon_core.package_identification:_identify(src/phantomx_reactor_arm_moveit2_config) by extensions ['ros']
[0.258s] Level 1:colcon.colcon_core.package_identification:_identify(src/phantomx_reactor_arm_moveit2_config) by extension 'ros'
[0.258s] DEBUG:colcon.colcon_core.package_identification:Package 'src/phantomx_reactor_arm_moveit2_config' with type 'ros.ament_cmake' and name 'phantomx_reactor_arm_moveit2_config'
[0.258s] Level 1:colcon.colcon_core.package_discovery:discover_packages(recursive) using defaults
[0.259s] Level 1:colcon.colcon_core.package_discovery:discover_packages(ignore) discover
[0.259s] Level 1:colcon.colcon_core.package_discovery:discover_packages(ignore) using defaults
[0.259s] Level 1:colcon.colcon_core.package_discovery:discover_packages(path) discover
[0.259s] Level 1:colcon.colcon_core.package_discovery:discover_packages(path) using defaults
[0.275s] Level 1:colcon.colcon_core.package_discovery:discover_packages(prefix_path) check parameters
[0.275s] Level 1:colcon.colcon_core.package_discovery:discover_packages(prefix_path) discover
[0.278s] DEBUG:colcon.colcon_installed_package_information.package_discovery:Found 8 installed packages in /home/akinsantos/minipulator_ws/install
[0.279s] DEBUG:colcon.colcon_installed_package_information.package_discovery:Found 55 installed packages in /home/akinsantos/ws_moveit/install
[0.280s] DEBUG:colcon.colcon_installed_package_information.package_discovery:Found 362 installed packages in /opt/ros/humble
[0.282s] Level 1:colcon.colcon_core.package_discovery:discover_packages(prefix_path) using defaults
[0.321s] Level 5:colcon.colcon_core.verb:set package 'dynamixel_workbench_msgs' build argument 'cmake_args' from command line to 'None'
[0.321s] Level 5:colcon.colcon_core.verb:set package 'dynamixel_workbench_msgs' build argument 'cmake_target' from command line to 'None'
[0.321s] Level 5:colcon.colcon_core.verb:set package 'dynamixel_workbench_msgs' build argument 'cmake_target_skip_unavailable' from command line to 'False'
[0.321s] Level 5:colcon.colcon_core.verb:set package 'dynamixel_workbench_msgs' build argument 'cmake_clean_cache' from command line to 'False'
[0.321s] Level 5:colcon.colcon_core.verb:set package 'dynamixel_workbench_msgs' build argument 'cmake_clean_first' from command line to 'False'
[0.321s] Level 5:colcon.colcon_core.verb:set package 'dynamixel_workbench_msgs' build argument 'cmake_force_configure' from command line to 'False'
[0.321s] Level 5:colcon.colcon_core.verb:set package 'dynamixel_workbench_msgs' build argument 'ament_cmake_args' from command line to 'None'
[0.321s] Level 5:colcon.colcon_core.verb:set package 'dynamixel_workbench_msgs' build argument 'catkin_cmake_args' from command line to 'None'
[0.321s] Level 5:colcon.colcon_core.verb:set package 'dynamixel_workbench_msgs' build argument 'catkin_skip_building_tests' from command line to 'False'
[0.321s] DEBUG:colcon.colcon_core.verb:Building package 'dynamixel_workbench_msgs' with the following arguments: {'ament_cmake_args': None, 'build_base': '/home/akinsantos/minipulator_ws/build/dynamixel_workbench_msgs', 'catkin_cmake_args': None, 'catkin_skip_building_tests': False, 'cmake_args': None, 'cmake_clean_cache': False, 'cmake_clean_first': False, 'cmake_force_configure': False, 'cmake_target': None, 'cmake_target_skip_unavailable': False, 'install_base': '/home/akinsantos/minipulator_ws/install/dynamixel_workbench_msgs', 'merge_install': False, 'path': '/home/akinsantos/minipulator_ws/src/dynamixel-workbench-msgs/dynamixel_workbench_msgs', 'symlink_install': False, 'test_result_base': None}
[0.321s] Level 5:colcon.colcon_core.verb:set package 'dynamixel_workbench_toolbox' build argument 'cmake_args' from command line to 'None'
[0.321s] Level 5:colcon.colcon_core.verb:set package 'dynamixel_workbench_toolbox' build argument 'cmake_target' from command line to 'None'
[0.321s] Level 5:colcon.colcon_core.verb:set package 'dynamixel_workbench_toolbox' build argument 'cmake_target_skip_unavailable' from command line to 'False'
[0.321s] Level 5:colcon.colcon_core.verb:set package 'dynamixel_workbench_toolbox' build argument 'cmake_clean_cache' from command line to 'False'
[0.321s] Level 5:colcon.colcon_core.verb:set package 'dynamixel_workbench_toolbox' build argument 'cmake_clean_first' from command line to 'False'
[0.321s] Level 5:colcon.colcon_core.verb:set package 'dynamixel_workbench_toolbox' build argument 'cmake_force_configure' from command line to 'False'
[0.321s] Level 5:colcon.colcon_core.verb:set package 'dynamixel_workbench_toolbox' build argument 'ament_cmake_args' from command line to 'None'
[0.321s] Level 5:colcon.colcon_core.verb:set package 'dynamixel_workbench_toolbox' build argument 'catkin_cmake_args' from command line to 'None'
[0.321s] Level 5:colcon.colcon_core.verb:set package 'dynamixel_workbench_toolbox' build argument 'catkin_skip_building_tests' from command line to 'False'
[0.321s] DEBUG:colcon.colcon_core.verb:Building package 'dynamixel_workbench_toolbox' with the following arguments: {'ament_cmake_args': None, 'build_base': '/home/akinsantos/minipulator_ws/build/dynamixel_workbench_toolbox', 'catkin_cmake_args': None, 'catkin_skip_building_tests': False, 'cmake_args': None, 'cmake_clean_cache': False, 'cmake_clean_first': False, 'cmake_force_configure': False, 'cmake_target': None, 'cmake_target_skip_unavailable': False, 'install_base': '/home/akinsantos/minipulator_ws/install/dynamixel_workbench_toolbox', 'merge_install': False, 'path': '/home/akinsantos/minipulator_ws/src/dynamixel-workbench/dynamixel_workbench_toolbox', 'symlink_install': False, 'test_result_base': None}
[0.322s] Level 5:colcon.colcon_core.verb:set package 'open_manipulator_pro_gazebo' build argument 'cmake_args' from command line to 'None'
[0.322s] Level 5:colcon.colcon_core.verb:set package 'open_manipulator_pro_gazebo' build argument 'cmake_target' from command line to 'None'
[0.322s] Level 5:colcon.colcon_core.verb:set package 'open_manipulator_pro_gazebo' build argument 'cmake_target_skip_unavailable' from command line to 'False'
[0.322s] Level 5:colcon.colcon_core.verb:set package 'open_manipulator_pro_gazebo' build argument 'cmake_clean_cache' from command line to 'False'
[0.322s] Level 5:colcon.colcon_core.verb:set package 'open_manipulator_pro_gazebo' build argument 'cmake_clean_first' from command line to 'False'
[0.322s] Level 5:colcon.colcon_core.verb:set package 'open_manipulator_pro_gazebo' build argument 'cmake_force_configure' from command line to 'False'
[0.322s] Level 5:colcon.colcon_core.verb:set package 'open_manipulator_pro_gazebo' build argument 'ament_cmake_args' from command line to 'None'
[0.322s] Level 5:colcon.colcon_core.verb:set package 'open_manipulator_pro_gazebo' build argument 'catkin_cmake_args' from command line to 'None'
[0.322s] Level 5:colcon.colcon_core.verb:set package 'open_manipulator_pro_gazebo' build argument 'catkin_skip_building_tests' from command line to 'False'
[0.322s] DEBUG:colcon.colcon_core.verb:Building package 'open_manipulator_pro_gazebo' with the following arguments: {'ament_cmake_args': None, 'build_base': '/home/akinsantos/minipulator_ws/build/open_manipulator_pro_gazebo', 'catkin_cmake_args': None, 'catkin_skip_building_tests': False, 'cmake_args': None, 'cmake_clean_cache': False, 'cmake_clean_first': False, 'cmake_force_configure': False, 'cmake_target': None, 'cmake_target_skip_unavailable': False, 'install_base': '/home/akinsantos/minipulator_ws/install/open_manipulator_pro_gazebo', 'merge_install': False, 'path': '/home/akinsantos/minipulator_ws/src/open_manipulator_pro_gazebo', 'symlink_install': False, 'test_result_base': None}
[0.322s] Level 5:colcon.colcon_core.verb:set package 'phantomx_reactor_arm_description' build argument 'cmake_args' from command line to 'None'
[0.322s] Level 5:colcon.colcon_core.verb:set package 'phantomx_reactor_arm_description' build argument 'cmake_target' from command line to 'None'
[0.322s] Level 5:colcon.colcon_core.verb:set package 'phantomx_reactor_arm_description' build argument 'cmake_target_skip_unavailable' from command line to 'False'
[0.322s] Level 5:colcon.colcon_core.verb:set package 'phantomx_reactor_arm_description' build argument 'cmake_clean_cache' from command line to 'False'
[0.322s] Level 5:colcon.colcon_core.verb:set package 'phantomx_reactor_arm_description' build argument 'cmake_clean_first' from command line to 'False'
[0.322s] Level 5:colcon.colcon_core.verb:set package 'phantomx_reactor_arm_description' build argument 'cmake_force_configure' from command line to 'False'
[0.322s] Level 5:colcon.colcon_core.verb:set package 'phantomx_reactor_arm_description' build argument 'ament_cmake_args' from command line to 'None'
[0.322s] Level 5:colcon.colcon_core.verb:set package 'phantomx_reactor_arm_description' build argument 'catkin_cmake_args' from command line to 'None'
[0.322s] Level 5:colcon.colcon_core.verb:set package 'phantomx_reactor_arm_description' build argument 'catkin_skip_building_tests' from command line to 'False'
[0.322s] DEBUG:colcon.colcon_core.verb:Building package 'phantomx_reactor_arm_description' with the following arguments: {'ament_cmake_args': None, 'build_base': '/home/akinsantos/minipulator_ws/build/phantomx_reactor_arm_description', 'catkin_cmake_args': None, 'catkin_skip_building_tests': False, 'cmake_args': None, 'cmake_clean_cache': False, 'cmake_clean_first': False, 'cmake_force_configure': False, 'cmake_target': None, 'cmake_target_skip_unavailable': False, 'install_base': '/home/akinsantos/minipulator_ws/install/phantomx_reactor_arm_description', 'merge_install': False, 'path': '/home/akinsantos/minipulator_ws/src/phantomx_reactor_arm_description', 'symlink_install': False, 'test_result_base': None}
[0.323s] Level 5:colcon.colcon_core.verb:set package 'dynamixel_hardware' build argument 'cmake_args' from command line to 'None'
[0.323s] Level 5:colcon.colcon_core.verb:set package 'dynamixel_hardware' build argument 'cmake_target' from command line to 'None'
[0.323s] Level 5:colcon.colcon_core.verb:set package 'dynamixel_hardware' build argument 'cmake_target_skip_unavailable' from command line to 'False'
[0.323s] Level 5:colcon.colcon_core.verb:set package 'dynamixel_hardware' build argument 'cmake_clean_cache' from command line to 'False'
[0.323s] Level 5:colcon.colcon_core.verb:set package 'dynamixel_hardware' build argument 'cmake_clean_first' from command line to 'False'
[0.323s] Level 5:colcon.colcon_core.verb:set package 'dynamixel_hardware' build argument 'cmake_force_configure' from command line to 'False'
[0.323s] Level 5:colcon.colcon_core.verb:set package 'dynamixel_hardware' build argument 'ament_cmake_args' from command line to 'None'
[0.323s] Level 5:colcon.colcon_core.verb:set package 'dynamixel_hardware' build argument 'catkin_cmake_args' from command line to 'None'
[0.323s] Level 5:colcon.colcon_core.verb:set package 'dynamixel_hardware' build argument 'catkin_skip_building_tests' from command line to 'False'
[0.323s] DEBUG:colcon.colcon_core.verb:Building package 'dynamixel_hardware' with the following arguments: {'ament_cmake_args': None, 'build_base': '/home/akinsantos/minipulator_ws/build/dynamixel_hardware', 'catkin_cmake_args': None, 'catkin_skip_building_tests': False, 'cmake_args': None, 'cmake_clean_cache': False, 'cmake_clean_first': False, 'cmake_force_configure': False, 'cmake_target': None, 'cmake_target_skip_unavailable': False, 'install_base': '/home/akinsantos/minipulator_ws/install/dynamixel_hardware', 'merge_install': False, 'path': '/home/akinsantos/minipulator_ws/src/dynamixel_control/dynamixel_hardware', 'symlink_install': False, 'test_result_base': None}
[0.323s] Level 5:colcon.colcon_core.verb:set package 'dynamixel_workbench' build argument 'cmake_args' from command line to 'None'
[0.323s] Level 5:colcon.colcon_core.verb:set package 'dynamixel_workbench' build argument 'cmake_target' from command line to 'None'
[0.323s] Level 5:colcon.colcon_core.verb:set package 'dynamixel_workbench' build argument 'cmake_target_skip_unavailable' from command line to 'False'
[0.323s] Level 5:colcon.colcon_core.verb:set package 'dynamixel_workbench' build argument 'cmake_clean_cache' from command line to 'False'
[0.323s] Level 5:colcon.colcon_core.verb:set package 'dynamixel_workbench' build argument 'cmake_clean_first' from command line to 'False'
[0.323s] Level 5:colcon.colcon_core.verb:set package 'dynamixel_workbench' build argument 'cmake_force_configure' from command line to 'False'
[0.323s] Level 5:colcon.colcon_core.verb:set package 'dynamixel_workbench' build argument 'ament_cmake_args' from command line to 'None'
[0.323s] Level 5:colcon.colcon_core.verb:set package 'dynamixel_workbench' build argument 'catkin_cmake_args' from command line to 'None'
[0.323s] Level 5:colcon.colcon_core.verb:set package 'dynamixel_workbench' build argument 'catkin_skip_building_tests' from command line to 'False'
[0.323s] DEBUG:colcon.colcon_core.verb:Building package 'dynamixel_workbench' with the following arguments: {'ament_cmake_args': None, 'build_base': '/home/akinsantos/minipulator_ws/build/dynamixel_workbench', 'catkin_cmake_args': None, 'catkin_skip_building_tests': False, 'cmake_args': None, 'cmake_clean_cache': False, 'cmake_clean_first': False, 'cmake_force_configure': False, 'cmake_target': None, 'cmake_target_skip_unavailable': False, 'install_base': '/home/akinsantos/minipulator_ws/install/dynamixel_workbench', 'merge_install': False, 'path': '/home/akinsantos/minipulator_ws/src/dynamixel-workbench/dynamixel_workbench', 'symlink_install': False, 'test_result_base': None}
[0.323s] Level 5:colcon.colcon_core.verb:set package 'movevit2_test' build argument 'cmake_args' from command line to 'None'
[0.323s] Level 5:colcon.colcon_core.verb:set package 'movevit2_test' build argument 'cmake_target' from command line to 'None'
[0.323s] Level 5:colcon.colcon_core.verb:set package 'movevit2_test' build argument 'cmake_target_skip_unavailable' from command line to 'False'
[0.323s] Level 5:colcon.colcon_core.verb:set package 'movevit2_test' build argument 'cmake_clean_cache' from command line to 'False'
[0.323s] Level 5:colcon.colcon_core.verb:set package 'movevit2_test' build argument 'cmake_clean_first' from command line to 'False'
[0.324s] Level 5:colcon.colcon_core.verb:set package 'movevit2_test' build argument 'cmake_force_configure' from command line to 'False'
[0.324s] Level 5:colcon.colcon_core.verb:set package 'movevit2_test' build argument 'ament_cmake_args' from command line to 'None'
[0.324s] Level 5:colcon.colcon_core.verb:set package 'movevit2_test' build argument 'catkin_cmake_args' from command line to 'None'
[0.324s] Level 5:colcon.colcon_core.verb:set package 'movevit2_test' build argument 'catkin_skip_building_tests' from command line to 'False'
[0.324s] DEBUG:colcon.colcon_core.verb:Building package 'movevit2_test' with the following arguments: {'ament_cmake_args': None, 'build_base': '/home/akinsantos/minipulator_ws/build/movevit2_test', 'catkin_cmake_args': None, 'catkin_skip_building_tests': False, 'cmake_args': None, 'cmake_clean_cache': False, 'cmake_clean_first': False, 'cmake_force_configure': False, 'cmake_target': None, 'cmake_target_skip_unavailable': False, 'install_base': '/home/akinsantos/minipulator_ws/install/movevit2_test', 'merge_install': False, 'path': '/home/akinsantos/minipulator_ws/src/movevit2_test', 'symlink_install': False, 'test_result_base': None}
[0.324s] Level 5:colcon.colcon_core.verb:set package 'phantomx_reactor_arm_moveit2_config' build argument 'cmake_args' from command line to 'None'
[0.324s] Level 5:colcon.colcon_core.verb:set package 'phantomx_reactor_arm_moveit2_config' build argument 'cmake_target' from command line to 'None'
[0.324s] Level 5:colcon.colcon_core.verb:set package 'phantomx_reactor_arm_moveit2_config' build argument 'cmake_target_skip_unavailable' from command line to 'False'
[0.324s] Level 5:colcon.colcon_core.verb:set package 'phantomx_reactor_arm_moveit2_config' build argument 'cmake_clean_cache' from command line to 'False'
[0.324s] Level 5:colcon.colcon_core.verb:set package 'phantomx_reactor_arm_moveit2_config' build argument 'cmake_clean_first' from command line to 'False'
[0.324s] Level 5:colcon.colcon_core.verb:set package 'phantomx_reactor_arm_moveit2_config' build argument 'cmake_force_configure' from command line to 'False'
[0.324s] Level 5:colcon.colcon_core.verb:set package 'phantomx_reactor_arm_moveit2_config' build argument 'ament_cmake_args' from command line to 'None'
[0.324s] Level 5:colcon.colcon_core.verb:set package 'phantomx_reactor_arm_moveit2_config' build argument 'catkin_cmake_args' from command line to 'None'
[0.324s] Level 5:colcon.colcon_core.verb:set package 'phantomx_reactor_arm_moveit2_config' build argument 'catkin_skip_building_tests' from command line to 'False'
[0.324s] DEBUG:colcon.colcon_core.verb:Building package 'phantomx_reactor_arm_moveit2_config' with the following arguments: {'ament_cmake_args': None, 'build_base': '/home/akinsantos/minipulator_ws/build/phantomx_reactor_arm_moveit2_config', 'catkin_cmake_args': None, 'catkin_skip_building_tests': False, 'cmake_args': None, 'cmake_clean_cache': False, 'cmake_clean_first': False, 'cmake_force_configure': False, 'cmake_target': None, 'cmake_target_skip_unavailable': False, 'install_base': '/home/akinsantos/minipulator_ws/install/phantomx_reactor_arm_moveit2_config', 'merge_install': False, 'path': '/home/akinsantos/minipulator_ws/src/phantomx_reactor_arm_moveit2_config', 'symlink_install': False, 'test_result_base': None}
[0.324s] INFO:colcon.colcon_core.executor:Executing jobs using 'parallel' executor
[0.325s] DEBUG:colcon.colcon_parallel_executor.executor.parallel:run_until_complete
[0.325s] INFO:colcon.colcon_ros.task.ament_cmake.build:Building ROS package in '/home/akinsantos/minipulator_ws/src/dynamixel-workbench/dynamixel_workbench_toolbox' with build type 'ament_cmake'
[0.325s] INFO:colcon.colcon_cmake.task.cmake.build:Building CMake package in '/home/akinsantos/minipulator_ws/src/dynamixel-workbench/dynamixel_workbench_toolbox'
[0.327s] INFO:colcon.colcon_core.plugin_system:Skipping extension 'colcon_core.shell.bat': Not used on non-Windows systems
[0.327s] INFO:colcon.colcon_core.shell:Skip shell extension 'powershell' for command environment: Not usable outside of PowerShell
[0.327s] DEBUG:colcon.colcon_core.shell:Skip shell extension 'dsv' for command environment
[0.332s] INFO:colcon.colcon_ros.task.ament_cmake.build:Building ROS package in '/home/akinsantos/minipulator_ws/src/phantomx_reactor_arm_description' with build type 'ament_cmake'
[0.332s] INFO:colcon.colcon_cmake.task.cmake.build:Building CMake package in '/home/akinsantos/minipulator_ws/src/phantomx_reactor_arm_description'
[0.333s] INFO:colcon.colcon_core.shell:Skip shell extension 'powershell' for command environment: Not usable outside of PowerShell
[0.333s] DEBUG:colcon.colcon_core.shell:Skip shell extension 'dsv' for command environment
[0.338s] INFO:colcon.colcon_ros.task.ament_cmake.build:Building ROS package in '/home/akinsantos/minipulator_ws/src/dynamixel-workbench-msgs/dynamixel_workbench_msgs' with build type 'ament_cmake'
[0.338s] INFO:colcon.colcon_cmake.task.cmake.build:Building CMake package in '/home/akinsantos/minipulator_ws/src/dynamixel-workbench-msgs/dynamixel_workbench_msgs'
[0.338s] INFO:colcon.colcon_core.shell:Skip shell extension 'powershell' for command environment: Not usable outside of PowerShell
[0.338s] DEBUG:colcon.colcon_core.shell:Skip shell extension 'dsv' for command environment
[0.343s] INFO:colcon.colcon_ros.task.ament_cmake.build:Building ROS package in '/home/akinsantos/minipulator_ws/src/open_manipulator_pro_gazebo' with build type 'ament_cmake'
[0.343s] INFO:colcon.colcon_cmake.task.cmake.build:Building CMake package in '/home/akinsantos/minipulator_ws/src/open_manipulator_pro_gazebo'
[0.344s] INFO:colcon.colcon_core.shell:Skip shell extension 'powershell' for command environment: Not usable outside of PowerShell
[0.344s] DEBUG:colcon.colcon_core.shell:Skip shell extension 'dsv' for command environment
[0.353s] DEBUG:colcon.colcon_core.event_handler.log_command:Invoking command in '/home/akinsantos/minipulator_ws/build/dynamixel_workbench_toolbox': CMAKE_PREFIX_PATH=${CMAKE_PREFIX_PATH}:/home/akinsantos/ws_moveit/install/moveit_configs_utils:/home/akinsantos/ws_moveit/install/launch_param_builder:/opt/ros/humble /usr/bin/cmake --build /home/akinsantos/minipulator_ws/build/dynamixel_workbench_toolbox -- -j8 -l8
[0.355s] DEBUG:colcon.colcon_core.event_handler.log_command:Invoking command in '/home/akinsantos/minipulator_ws/build/phantomx_reactor_arm_description': CMAKE_PREFIX_PATH=${CMAKE_PREFIX_PATH}:/home/akinsantos/ws_moveit/install/moveit_configs_utils:/home/akinsantos/ws_moveit/install/launch_param_builder:/opt/ros/humble /usr/bin/cmake --build /home/akinsantos/minipulator_ws/build/phantomx_reactor_arm_description -- -j8 -l8
[0.358s] DEBUG:colcon.colcon_core.event_handler.log_command:Invoking command in '/home/akinsantos/minipulator_ws/build/dynamixel_workbench_msgs': CMAKE_PREFIX_PATH=${CMAKE_PREFIX_PATH}:/home/akinsantos/ws_moveit/install/moveit_configs_utils:/home/akinsantos/ws_moveit/install/launch_param_builder:/opt/ros/humble /usr/bin/cmake --build /home/akinsantos/minipulator_ws/build/dynamixel_workbench_msgs -- -j8 -l8
[0.361s] DEBUG:colcon.colcon_core.event_handler.log_command:Invoking command in '/home/akinsantos/minipulator_ws/build/open_manipulator_pro_gazebo': CMAKE_PREFIX_PATH=${CMAKE_PREFIX_PATH}:/home/akinsantos/ws_moveit/install/moveit_configs_utils:/home/akinsantos/ws_moveit/install/launch_param_builder:/opt/ros/humble /usr/bin/cmake --build /home/akinsantos/minipulator_ws/build/open_manipulator_pro_gazebo -- -j8 -l8
[0.401s] DEBUG:colcon.colcon_core.event_handler.log_command:Invoked command in '/home/akinsantos/minipulator_ws/build/open_manipulator_pro_gazebo' returned '0': CMAKE_PREFIX_PATH=${CMAKE_PREFIX_PATH}:/home/akinsantos/ws_moveit/install/moveit_configs_utils:/home/akinsantos/ws_moveit/install/launch_param_builder:/opt/ros/humble /usr/bin/cmake --build /home/akinsantos/minipulator_ws/build/open_manipulator_pro_gazebo -- -j8 -l8
[0.411s] DEBUG:colcon.colcon_core.event_handler.log_command:Invoking command in '/home/akinsantos/minipulator_ws/build/open_manipulator_pro_gazebo': CMAKE_PREFIX_PATH=${CMAKE_PREFIX_PATH}:/home/akinsantos/ws_moveit/install/moveit_configs_utils:/home/akinsantos/ws_moveit/install/launch_param_builder:/opt/ros/humble /usr/bin/cmake --install /home/akinsantos/minipulator_ws/build/open_manipulator_pro_gazebo
[0.416s] DEBUG:colcon.colcon_core.event_handler.log_command:Invoked command in '/home/akinsantos/minipulator_ws/build/dynamixel_workbench_toolbox' returned '0': CMAKE_PREFIX_PATH=${CMAKE_PREFIX_PATH}:/home/akinsantos/ws_moveit/install/moveit_configs_utils:/home/akinsantos/ws_moveit/install/launch_param_builder:/opt/ros/humble /usr/bin/cmake --build /home/akinsantos/minipulator_ws/build/dynamixel_workbench_toolbox -- -j8 -l8
[0.417s] DEBUG:colcon.colcon_core.event_handler.log_command:Invoking command in '/home/akinsantos/minipulator_ws/build/dynamixel_workbench_toolbox': CMAKE_PREFIX_PATH=${CMAKE_PREFIX_PATH}:/home/akinsantos/ws_moveit/install/moveit_configs_utils:/home/akinsantos/ws_moveit/install/launch_param_builder:/opt/ros/humble /usr/bin/cmake --install /home/akinsantos/minipulator_ws/build/dynamixel_workbench_toolbox
[0.422s] Level 1:colcon.colcon_core.environment:create_environment_scripts_only(open_manipulator_pro_gazebo)
[0.424s] Level 1:colcon.colcon_core.environment:checking '/home/akinsantos/minipulator_ws/install/open_manipulator_pro_gazebo' for CMake module files
[0.424s] DEBUG:colcon.colcon_core.event_handler.log_command:Invoked command in '/home/akinsantos/minipulator_ws/build/open_manipulator_pro_gazebo' returned '0': CMAKE_PREFIX_PATH=${CMAKE_PREFIX_PATH}:/home/akinsantos/ws_moveit/install/moveit_configs_utils:/home/akinsantos/ws_moveit/install/launch_param_builder:/opt/ros/humble /usr/bin/cmake --install /home/akinsantos/minipulator_ws/build/open_manipulator_pro_gazebo
[0.425s] Level 1:colcon.colcon_core.environment:checking '/home/akinsantos/minipulator_ws/install/open_manipulator_pro_gazebo' for CMake config files
[0.425s] Level 1:colcon.colcon_core.shell:create_environment_hook('open_manipulator_pro_gazebo', 'cmake_prefix_path')
[0.425s] INFO:colcon.colcon_core.shell:Creating environment hook '/home/akinsantos/minipulator_ws/install/open_manipulator_pro_gazebo/share/open_manipulator_pro_gazebo/hook/cmake_prefix_path.ps1'
[0.426s] INFO:colcon.colcon_core.shell:Creating environment descriptor '/home/akinsantos/minipulator_ws/install/open_manipulator_pro_gazebo/share/open_manipulator_pro_gazebo/hook/cmake_prefix_path.dsv'
[0.427s] INFO:colcon.colcon_core.shell:Creating environment hook '/home/akinsantos/minipulator_ws/install/open_manipulator_pro_gazebo/share/open_manipulator_pro_gazebo/hook/cmake_prefix_path.sh'
[0.428s] Level 1:colcon.colcon_core.environment:checking '/home/akinsantos/minipulator_ws/install/open_manipulator_pro_gazebo/bin'
[0.428s] Level 1:colcon.colcon_core.environment:checking '/home/akinsantos/minipulator_ws/install/open_manipulator_pro_gazebo/lib/pkgconfig/open_manipulator_pro_gazebo.pc'
[0.428s] Level 1:colcon.colcon_core.environment:checking '/home/akinsantos/minipulator_ws/install/open_manipulator_pro_gazebo/lib/python3.10/site-packages'
[0.428s] Level 1:colcon.colcon_core.environment:checking '/home/akinsantos/minipulator_ws/install/open_manipulator_pro_gazebo/bin'
[0.428s] INFO:colcon.colcon_core.shell:Creating package script '/home/akinsantos/minipulator_ws/install/open_manipulator_pro_gazebo/share/open_manipulator_pro_gazebo/package.ps1'
[0.431s] INFO:colcon.colcon_core.shell:Creating package descriptor '/home/akinsantos/minipulator_ws/install/open_manipulator_pro_gazebo/share/open_manipulator_pro_gazebo/package.dsv'
[0.431s] INFO:colcon.colcon_core.shell:Creating package script '/home/akinsantos/minipulator_ws/install/open_manipulator_pro_gazebo/share/open_manipulator_pro_gazebo/package.sh'
[0.432s] INFO:colcon.colcon_core.shell:Creating package script '/home/akinsantos/minipulator_ws/install/open_manipulator_pro_gazebo/share/open_manipulator_pro_gazebo/package.bash'
[0.433s] INFO:colcon.colcon_core.shell:Creating package script '/home/akinsantos/minipulator_ws/install/open_manipulator_pro_gazebo/share/open_manipulator_pro_gazebo/package.zsh'
[0.434s] Level 1:colcon.colcon_core.environment:create_file_with_runtime_dependencies(/home/akinsantos/minipulator_ws/install/open_manipulator_pro_gazebo/share/colcon-core/packages/open_manipulator_pro_gazebo)
[0.434s] Level 1:colcon.colcon_core.environment:create_environment_scripts_only(open_manipulator_pro_gazebo)
[0.434s] Level 1:colcon.colcon_core.environment:checking '/home/akinsantos/minipulator_ws/install/open_manipulator_pro_gazebo' for CMake module files
[0.435s] Level 1:colcon.colcon_core.environment:checking '/home/akinsantos/minipulator_ws/install/open_manipulator_pro_gazebo' for CMake config files
[0.435s] Level 1:colcon.colcon_core.shell:create_environment_hook('open_manipulator_pro_gazebo', 'cmake_prefix_path')
[0.435s] INFO:colcon.colcon_core.shell:Creating environment hook '/home/akinsantos/minipulator_ws/install/open_manipulator_pro_gazebo/share/open_manipulator_pro_gazebo/hook/cmake_prefix_path.ps1'
[0.435s] INFO:colcon.colcon_core.shell:Creating environment descriptor '/home/akinsantos/minipulator_ws/install/open_manipulator_pro_gazebo/share/open_manipulator_pro_gazebo/hook/cmake_prefix_path.dsv'
[0.435s] INFO:colcon.colcon_core.shell:Creating environment hook '/home/akinsantos/minipulator_ws/install/open_manipulator_pro_gazebo/share/open_manipulator_pro_gazebo/hook/cmake_prefix_path.sh'
[0.436s] Level 1:colcon.colcon_core.environment:checking '/home/akinsantos/minipulator_ws/install/open_manipulator_pro_gazebo/bin'
[0.436s] Level 1:colcon.colcon_core.environment:checking '/home/akinsantos/minipulator_ws/install/open_manipulator_pro_gazebo/lib/pkgconfig/open_manipulator_pro_gazebo.pc'
[0.436s] Level 1:colcon.colcon_core.environment:checking '/home/akinsantos/minipulator_ws/install/open_manipulator_pro_gazebo/lib/python3.10/site-packages'
[0.436s] Level 1:colcon.colcon_core.environment:checking '/home/akinsantos/minipulator_ws/install/open_manipulator_pro_gazebo/bin'
[0.437s] INFO:colcon.colcon_core.shell:Creating package script '/home/akinsantos/minipulator_ws/install/open_manipulator_pro_gazebo/share/open_manipulator_pro_gazebo/package.ps1'
[0.437s] INFO:colcon.colcon_core.shell:Creating package descriptor '/home/akinsantos/minipulator_ws/install/open_manipulator_pro_gazebo/share/open_manipulator_pro_gazebo/package.dsv'
[0.437s] INFO:colcon.colcon_core.shell:Creating package script '/home/akinsantos/minipulator_ws/install/open_manipulator_pro_gazebo/share/open_manipulator_pro_gazebo/package.sh'
[0.438s] INFO:colcon.colcon_core.shell:Creating package script '/home/akinsantos/minipulator_ws/install/open_manipulator_pro_gazebo/share/open_manipulator_pro_gazebo/package.bash'
[0.438s] INFO:colcon.colcon_core.shell:Creating package script '/home/akinsantos/minipulator_ws/install/open_manipulator_pro_gazebo/share/open_manipulator_pro_gazebo/package.zsh'
[0.438s] Level 1:colcon.colcon_core.environment:create_file_with_runtime_dependencies(/home/akinsantos/minipulator_ws/install/open_manipulator_pro_gazebo/share/colcon-core/packages/open_manipulator_pro_gazebo)
[0.439s] Level 1:colcon.colcon_core.environment:create_environment_scripts_only(dynamixel_workbench_toolbox)
[0.439s] Level 1:colcon.colcon_core.environment:checking '/home/akinsantos/minipulator_ws/install/dynamixel_workbench_toolbox' for CMake module files
[0.439s] Level 1:colcon.colcon_core.environment:checking '/home/akinsantos/minipulator_ws/install/dynamixel_workbench_toolbox' for CMake config files
[0.440s] Level 1:colcon.colcon_core.shell:create_environment_hook('dynamixel_workbench_toolbox', 'cmake_prefix_path')
[0.440s] INFO:colcon.colcon_core.shell:Creating environment hook '/home/akinsantos/minipulator_ws/install/dynamixel_workbench_toolbox/share/dynamixel_workbench_toolbox/hook/cmake_prefix_path.ps1'
[0.440s] INFO:colcon.colcon_core.shell:Creating environment descriptor '/home/akinsantos/minipulator_ws/install/dynamixel_workbench_toolbox/share/dynamixel_workbench_toolbox/hook/cmake_prefix_path.dsv'
[0.441s] DEBUG:colcon.colcon_core.event_handler.log_command:Invoked command in '/home/akinsantos/minipulator_ws/build/dynamixel_workbench_toolbox' returned '0': CMAKE_PREFIX_PATH=${CMAKE_PREFIX_PATH}:/home/akinsantos/ws_moveit/install/moveit_configs_utils:/home/akinsantos/ws_moveit/install/launch_param_builder:/opt/ros/humble /usr/bin/cmake --install /home/akinsantos/minipulator_ws/build/dynamixel_workbench_toolbox
[0.441s] INFO:colcon.colcon_core.shell:Creating environment hook '/home/akinsantos/minipulator_ws/install/dynamixel_workbench_toolbox/share/dynamixel_workbench_toolbox/hook/cmake_prefix_path.sh'
[0.441s] Level 1:colcon.colcon_core.environment:checking '/home/akinsantos/minipulator_ws/install/dynamixel_workbench_toolbox/lib'
[0.442s] Level 1:colcon.colcon_core.shell:create_environment_hook('dynamixel_workbench_toolbox', 'ld_library_path_lib')
[0.442s] INFO:colcon.colcon_core.shell:Creating environment hook '/home/akinsantos/minipulator_ws/install/dynamixel_workbench_toolbox/share/dynamixel_workbench_toolbox/hook/ld_library_path_lib.ps1'
[0.442s] INFO:colcon.colcon_core.shell:Creating environment descriptor '/home/akinsantos/minipulator_ws/install/dynamixel_workbench_toolbox/share/dynamixel_workbench_toolbox/hook/ld_library_path_lib.dsv'
[0.442s] INFO:colcon.colcon_core.shell:Creating environment hook '/home/akinsantos/minipulator_ws/install/dynamixel_workbench_toolbox/share/dynamixel_workbench_toolbox/hook/ld_library_path_lib.sh'
[0.443s] Level 1:colcon.colcon_core.environment:checking '/home/akinsantos/minipulator_ws/install/dynamixel_workbench_toolbox/bin'
[0.443s] Level 1:colcon.colcon_core.environment:checking '/home/akinsantos/minipulator_ws/install/dynamixel_workbench_toolbox/lib/pkgconfig/dynamixel_workbench_toolbox.pc'
[0.443s] Level 1:colcon.colcon_core.environment:checking '/home/akinsantos/minipulator_ws/install/dynamixel_workbench_toolbox/lib/python3.10/site-packages'
[0.443s] Level 1:colcon.colcon_core.environment:checking '/home/akinsantos/minipulator_ws/install/dynamixel_workbench_toolbox/bin'
[0.443s] INFO:colcon.colcon_core.shell:Creating package script '/home/akinsantos/minipulator_ws/install/dynamixel_workbench_toolbox/share/dynamixel_workbench_toolbox/package.ps1'
[0.444s] INFO:colcon.colcon_core.shell:Creating package descriptor '/home/akinsantos/minipulator_ws/install/dynamixel_workbench_toolbox/share/dynamixel_workbench_toolbox/package.dsv'
[0.444s] INFO:colcon.colcon_core.shell:Creating package script '/home/akinsantos/minipulator_ws/install/dynamixel_workbench_toolbox/share/dynamixel_workbench_toolbox/package.sh'
[0.444s] INFO:colcon.colcon_core.shell:Creating package script '/home/akinsantos/minipulator_ws/install/dynamixel_workbench_toolbox/share/dynamixel_workbench_toolbox/package.bash'
[0.445s] INFO:colcon.colcon_core.shell:Creating package script '/home/akinsantos/minipulator_ws/install/dynamixel_workbench_toolbox/share/dynamixel_workbench_toolbox/package.zsh'
[0.445s] Level 1:colcon.colcon_core.environment:create_file_with_runtime_dependencies(/home/akinsantos/minipulator_ws/install/dynamixel_workbench_toolbox/share/colcon-core/packages/dynamixel_workbench_toolbox)
[0.446s] Level 1:colcon.colcon_core.environment:create_environment_scripts_only(dynamixel_workbench_toolbox)
[0.446s] Level 1:colcon.colcon_core.environment:checking '/home/akinsantos/minipulator_ws/install/dynamixel_workbench_toolbox' for CMake module files
[0.446s] Level 1:colcon.colcon_core.environment:checking '/home/akinsantos/minipulator_ws/install/dynamixel_workbench_toolbox' for CMake config files
[0.446s] Level 1:colcon.colcon_core.shell:create_environment_hook('dynamixel_workbench_toolbox', 'cmake_prefix_path')
[0.446s] INFO:colcon.colcon_core.shell:Creating environment hook '/home/akinsantos/minipulator_ws/install/dynamixel_workbench_toolbox/share/dynamixel_workbench_toolbox/hook/cmake_prefix_path.ps1'
[0.447s] INFO:colcon.colcon_core.shell:Creating environment descriptor '/home/akinsantos/minipulator_ws/install/dynamixel_workbench_toolbox/share/dynamixel_workbench_toolbox/hook/cmake_prefix_path.dsv'
[0.447s] INFO:colcon.colcon_core.shell:Creating environment hook '/home/akinsantos/minipulator_ws/install/dynamixel_workbench_toolbox/share/dynamixel_workbench_toolbox/hook/cmake_prefix_path.sh'
[0.447s] Level 1:colcon.colcon_core.environment:checking '/home/akinsantos/minipulator_ws/install/dynamixel_workbench_toolbox/lib'
[0.447s] Level 1:colcon.colcon_core.shell:create_environment_hook('dynamixel_workbench_toolbox', 'ld_library_path_lib')
[0.448s] INFO:colcon.colcon_core.shell:Creating environment hook '/home/akinsantos/minipulator_ws/install/dynamixel_workbench_toolbox/share/dynamixel_workbench_toolbox/hook/ld_library_path_lib.ps1'
[0.448s] INFO:colcon.colcon_core.shell:Creating environment descriptor '/home/akinsantos/minipulator_ws/install/dynamixel_workbench_toolbox/share/dynamixel_workbench_toolbox/hook/ld_library_path_lib.dsv'
[0.448s] INFO:colcon.colcon_core.shell:Creating environment hook '/home/akinsantos/minipulator_ws/install/dynamixel_workbench_toolbox/share/dynamixel_workbench_toolbox/hook/ld_library_path_lib.sh'
[0.448s] Level 1:colcon.colcon_core.environment:checking '/home/akinsantos/minipulator_ws/install/dynamixel_workbench_toolbox/bin'
[0.449s] Level 1:colcon.colcon_core.environment:checking '/home/akinsantos/minipulator_ws/install/dynamixel_workbench_toolbox/lib/pkgconfig/dynamixel_workbench_toolbox.pc'
[0.449s] Level 1:colcon.colcon_core.environment:checking '/home/akinsantos/minipulator_ws/install/dynamixel_workbench_toolbox/lib/python3.10/site-packages'
[0.449s] Level 1:colcon.colcon_core.environment:checking '/home/akinsantos/minipulator_ws/install/dynamixel_workbench_toolbox/bin'
[0.449s] INFO:colcon.colcon_core.shell:Creating package script '/home/akinsantos/minipulator_ws/install/dynamixel_workbench_toolbox/share/dynamixel_workbench_toolbox/package.ps1'
[0.450s] INFO:colcon.colcon_core.shell:Creating package descriptor '/home/akinsantos/minipulator_ws/install/dynamixel_workbench_toolbox/share/dynamixel_workbench_toolbox/package.dsv'
[0.450s] INFO:colcon.colcon_core.shell:Creating package script '/home/akinsantos/minipulator_ws/install/dynamixel_workbench_toolbox/share/dynamixel_workbench_toolbox/package.sh'
[0.450s] INFO:colcon.colcon_core.shell:Creating package script '/home/akinsantos/minipulator_ws/install/dynamixel_workbench_toolbox/share/dynamixel_workbench_toolbox/package.bash'
[0.451s] INFO:colcon.colcon_core.shell:Creating package script '/home/akinsantos/minipulator_ws/install/dynamixel_workbench_toolbox/share/dynamixel_workbench_toolbox/package.zsh'
[0.451s] Level 1:colcon.colcon_core.environment:create_file_with_runtime_dependencies(/home/akinsantos/minipulator_ws/install/dynamixel_workbench_toolbox/share/colcon-core/packages/dynamixel_workbench_toolbox)
[0.452s] DEBUG:colcon.colcon_core.event_handler.log_command:Invoked command in '/home/akinsantos/minipulator_ws/build/phantomx_reactor_arm_description' returned '0': CMAKE_PREFIX_PATH=${CMAKE_PREFIX_PATH}:/home/akinsantos/ws_moveit/install/moveit_configs_utils:/home/akinsantos/ws_moveit/install/launch_param_builder:/opt/ros/humble /usr/bin/cmake --build /home/akinsantos/minipulator_ws/build/phantomx_reactor_arm_description -- -j8 -l8
[0.453s] DEBUG:colcon.colcon_core.event_handler.log_command:Invoking command in '/home/akinsantos/minipulator_ws/build/phantomx_reactor_arm_description': CMAKE_PREFIX_PATH=${CMAKE_PREFIX_PATH}:/home/akinsantos/ws_moveit/install/moveit_configs_utils:/home/akinsantos/ws_moveit/install/launch_param_builder:/opt/ros/humble /usr/bin/cmake --install /home/akinsantos/minipulator_ws/build/phantomx_reactor_arm_description
[0.453s] INFO:colcon.colcon_ros.task.ament_cmake.build:Building ROS package in '/home/akinsantos/minipulator_ws/src/dynamixel_control/dynamixel_hardware' with build type 'ament_cmake'
[0.453s] INFO:colcon.colcon_cmake.task.cmake.build:Building CMake package in '/home/akinsantos/minipulator_ws/src/dynamixel_control/dynamixel_hardware'
[0.453s] INFO:colcon.colcon_core.shell:Skip shell extension 'powershell' for command environment: Not usable outside of PowerShell
[0.453s] DEBUG:colcon.colcon_core.shell:Skip shell extension 'dsv' for command environment
[0.459s] INFO:colcon.colcon_ros.task.ament_cmake.build:Building ROS package in '/home/akinsantos/minipulator_ws/src/dynamixel-workbench/dynamixel_workbench' with build type 'ament_cmake'
[0.460s] INFO:colcon.colcon_cmake.task.cmake.build:Building CMake package in '/home/akinsantos/minipulator_ws/src/dynamixel-workbench/dynamixel_workbench'
[0.460s] INFO:colcon.colcon_core.shell:Skip shell extension 'powershell' for command environment: Not usable outside of PowerShell
[0.460s] DEBUG:colcon.colcon_core.shell:Skip shell extension 'dsv' for command environment
[0.467s] Level 1:colcon.colcon_core.environment:create_environment_scripts_only(phantomx_reactor_arm_description)
[0.467s] Level 1:colcon.colcon_core.environment:checking '/home/akinsantos/minipulator_ws/install/phantomx_reactor_arm_description' for CMake module files
[0.469s] Level 1:colcon.colcon_core.environment:checking '/home/akinsantos/minipulator_ws/install/phantomx_reactor_arm_description' for CMake config files
[0.471s] DEBUG:colcon.colcon_core.event_handler.log_command:Invoked command in '/home/akinsantos/minipulator_ws/build/phantomx_reactor_arm_description' returned '0': CMAKE_PREFIX_PATH=${CMAKE_PREFIX_PATH}:/home/akinsantos/ws_moveit/install/moveit_configs_utils:/home/akinsantos/ws_moveit/install/launch_param_builder:/opt/ros/humble /usr/bin/cmake --install /home/akinsantos/minipulator_ws/build/phantomx_reactor_arm_description
[0.471s] Level 1:colcon.colcon_core.shell:create_environment_hook('phantomx_reactor_arm_description', 'cmake_prefix_path')
[0.471s] INFO:colcon.colcon_core.shell:Creating environment hook '/home/akinsantos/minipulator_ws/install/phantomx_reactor_arm_description/share/phantomx_reactor_arm_description/hook/cmake_prefix_path.ps1'
[0.472s] INFO:colcon.colcon_core.shell:Creating environment descriptor '/home/akinsantos/minipulator_ws/install/phantomx_reactor_arm_description/share/phantomx_reactor_arm_description/hook/cmake_prefix_path.dsv'
[0.472s] INFO:colcon.colcon_core.shell:Creating environment hook '/home/akinsantos/minipulator_ws/install/phantomx_reactor_arm_description/share/phantomx_reactor_arm_description/hook/cmake_prefix_path.sh'
[0.472s] Level 1:colcon.colcon_core.environment:checking '/home/akinsantos/minipulator_ws/install/phantomx_reactor_arm_description/bin'
[0.472s] Level 1:colcon.colcon_core.environment:checking '/home/akinsantos/minipulator_ws/install/phantomx_reactor_arm_description/lib/pkgconfig/phantomx_reactor_arm_description.pc'
[0.473s] Level 1:colcon.colcon_core.environment:checking '/home/akinsantos/minipulator_ws/install/phantomx_reactor_arm_description/lib/python3.10/site-packages'
[0.473s] Level 1:colcon.colcon_core.environment:checking '/home/akinsantos/minipulator_ws/install/phantomx_reactor_arm_description/bin'
[0.473s] INFO:colcon.colcon_core.shell:Creating package script '/home/akinsantos/minipulator_ws/install/phantomx_reactor_arm_description/share/phantomx_reactor_arm_description/package.ps1'
[0.473s] INFO:colcon.colcon_core.shell:Creating package descriptor '/home/akinsantos/minipulator_ws/install/phantomx_reactor_arm_description/share/phantomx_reactor_arm_description/package.dsv'
[0.474s] INFO:colcon.colcon_core.shell:Creating package script '/home/akinsantos/minipulator_ws/install/phantomx_reactor_arm_description/share/phantomx_reactor_arm_description/package.sh'
[0.474s] INFO:colcon.colcon_core.shell:Creating package script '/home/akinsantos/minipulator_ws/install/phantomx_reactor_arm_description/share/phantomx_reactor_arm_description/package.bash'
[0.474s] INFO:colcon.colcon_core.shell:Creating package script '/home/akinsantos/minipulator_ws/install/phantomx_reactor_arm_description/share/phantomx_reactor_arm_description/package.zsh'
[0.474s] Level 1:colcon.colcon_core.environment:create_file_with_runtime_dependencies(/home/akinsantos/minipulator_ws/install/phantomx_reactor_arm_description/share/colcon-core/packages/phantomx_reactor_arm_description)
[0.475s] Level 1:colcon.colcon_core.environment:create_environment_scripts_only(phantomx_reactor_arm_description)
[0.475s] Level 1:colcon.colcon_core.environment:checking '/home/akinsantos/minipulator_ws/install/phantomx_reactor_arm_description' for CMake module files
[0.475s] Level 1:colcon.colcon_core.environment:checking '/home/akinsantos/minipulator_ws/install/phantomx_reactor_arm_description' for CMake config files
[0.475s] Level 1:colcon.colcon_core.shell:create_environment_hook('phantomx_reactor_arm_description', 'cmake_prefix_path')
[0.475s] INFO:colcon.colcon_core.shell:Creating environment hook '/home/akinsantos/minipulator_ws/install/phantomx_reactor_arm_description/share/phantomx_reactor_arm_description/hook/cmake_prefix_path.ps1'
[0.476s] INFO:colcon.colcon_core.shell:Creating environment descriptor '/home/akinsantos/minipulator_ws/install/phantomx_reactor_arm_description/share/phantomx_reactor_arm_description/hook/cmake_prefix_path.dsv'
[0.476s] INFO:colcon.colcon_core.shell:Creating environment hook '/home/akinsantos/minipulator_ws/install/phantomx_reactor_arm_description/share/phantomx_reactor_arm_description/hook/cmake_prefix_path.sh'
[0.476s] Level 1:colcon.colcon_core.environment:checking '/home/akinsantos/minipulator_ws/install/phantomx_reactor_arm_description/bin'
[0.476s] Level 1:colcon.colcon_core.environment:checking '/home/akinsantos/minipulator_ws/install/phantomx_reactor_arm_description/lib/pkgconfig/phantomx_reactor_arm_description.pc'
[0.477s] Level 1:colcon.colcon_core.environment:checking '/home/akinsantos/minipulator_ws/install/phantomx_reactor_arm_description/lib/python3.10/site-packages'
[0.477s] Level 1:colcon.colcon_core.environment:checking '/home/akinsantos/minipulator_ws/install/phantomx_reactor_arm_description/bin'
[0.477s] INFO:colcon.colcon_core.shell:Creating package script '/home/akinsantos/minipulator_ws/install/phantomx_reactor_arm_description/share/phantomx_reactor_arm_description/package.ps1'
[0.477s] INFO:colcon.colcon_core.shell:Creating package descriptor '/home/akinsantos/minipulator_ws/install/phantomx_reactor_arm_description/share/phantomx_reactor_arm_description/package.dsv'
[0.478s] INFO:colcon.colcon_core.shell:Creating package script '/home/akinsantos/minipulator_ws/install/phantomx_reactor_arm_description/share/phantomx_reactor_arm_description/package.sh'
[0.478s] INFO:colcon.colcon_core.shell:Creating package script '/home/akinsantos/minipulator_ws/install/phantomx_reactor_arm_description/share/phantomx_reactor_arm_description/package.bash'
[0.478s] INFO:colcon.colcon_core.shell:Creating package script '/home/akinsantos/minipulator_ws/install/phantomx_reactor_arm_description/share/phantomx_reactor_arm_description/package.zsh'
[0.479s] Level 1:colcon.colcon_core.environment:create_file_with_runtime_dependencies(/home/akinsantos/minipulator_ws/install/phantomx_reactor_arm_description/share/colcon-core/packages/phantomx_reactor_arm_description)
[0.481s] INFO:colcon.colcon_ros.task.ament_cmake.build:Building ROS package in '/home/akinsantos/minipulator_ws/src/movevit2_test' with build type 'ament_cmake'
[0.481s] INFO:colcon.colcon_cmake.task.cmake.build:Building CMake package in '/home/akinsantos/minipulator_ws/src/movevit2_test'
[0.481s] INFO:colcon.colcon_core.shell:Skip shell extension 'powershell' for command environment: Not usable outside of PowerShell
[0.481s] DEBUG:colcon.colcon_core.shell:Skip shell extension 'dsv' for command environment
[0.482s] DEBUG:colcon.colcon_core.event_handler.log_command:Invoking command in '/home/akinsantos/minipulator_ws/build/dynamixel_hardware': CMAKE_PREFIX_PATH=/home/akinsantos/minipulator_ws/install/dynamixel_workbench_toolbox:/home/akinsantos/minipulator_ws/install/phantomx_reactor_arm_moveit2_config:/home/akinsantos/minipulator_ws/install/movevit2_test:/home/akinsantos/minipulator_ws/install/phantomx_reactor_arm_description:/home/akinsantos/minipulator_ws/install/open_manipulator_pro_gazebo:/home/akinsantos/minipulator_ws/install/dynamixel_workbench:/home/akinsantos/minipulator_ws/install/dynamixel_hardware:/home/akinsantos/minipulator_ws/install/dynamixel_workbench_msgs:/home/akinsantos/ws_moveit/install/pilz_industrial_motion_planner_testutils:/home/akinsantos/ws_moveit/install/moveit_runtime:/home/akinsantos/ws_moveit/install/moveit2_tutorials:/home/akinsantos/ws_moveit/install/moveit:/home/akinsantos/ws_moveit/install/moveit_planners:/home/akinsantos/ws_moveit/install/pilz_industrial_motion_planner:/home/akinsantos/ws_moveit/install/moveit_visual_tools:/home/akinsantos/ws_moveit/install/moveit_task_constructor_visualization:/home/akinsantos/ws_moveit/install/moveit_task_constructor_demo:/home/akinsantos/ws_moveit/install/moveit_task_constructor_capabilities:/home/akinsantos/ws_moveit/install/moveit_task_constructor_core:/home/akinsantos/ws_moveit/install/moveit_ros_control_interface:/home/akinsantos/ws_moveit/install/moveit_plugins:/home/akinsantos/ws_moveit/install/moveit_simple_controller_manager:/home/akinsantos/ws_moveit/install/moveit_setup_assistant:/home/akinsantos/ws_moveit/install/moveit_setup_srdf_plugins:/home/akinsantos/ws_moveit/install/moveit_setup_core_plugins:/home/akinsantos/ws_moveit/install/moveit_setup_controllers:/home/akinsantos/ws_moveit/install/moveit_setup_app_plugins:/home/akinsantos/ws_moveit/install/moveit_setup_framework:/home/akinsantos/ws_moveit/install/moveit_servo:/home/akinsantos/ws_moveit/install/moveit_ros:/home/akinsantos/ws_moveit/install/moveit_ros_visualization:/home/akinsantos/ws_moveit/install/moveit_hybrid_planning:/home/akinsantos/ws_moveit/install/moveit_ros_planning_interface:/home/akinsantos/ws_moveit/install/moveit_ros_benchmarks:/home/akinsantos/ws_moveit/install/moveit_ros_warehouse:/home/akinsantos/ws_moveit/install/moveit_ros_robot_interaction:/home/akinsantos/ws_moveit/install/moveit_ros_perception:/home/akinsantos/ws_moveit/install/moveit_resources_prbt_pg70_support:/home/akinsantos/ws_moveit/install/moveit_resources_prbt_moveit_config:/home/akinsantos/ws_moveit/install/moveit_ros_move_group:/home/akinsantos/ws_moveit/install/moveit_planners_ompl:/home/akinsantos/ws_moveit/install/moveit_ros_planning:/home/akinsantos/ws_moveit/install/moveit_ros_occupancy_map_monitor:/home/akinsantos/ws_moveit/install/moveit_resources_prbt_ikfast_manipulator_plugin:/home/akinsantos/ws_moveit/install/moveit_planners_chomp:/home/akinsantos/ws_moveit/install/moveit_kinematics:/home/akinsantos/ws_moveit/install/moveit_chomp_optimizer_adapter:/home/akinsantos/ws_moveit/install/chomp_motion_planner:/home/akinsantos/ws_moveit/install/moveit_core:/home/akinsantos/ws_moveit/install/srdfdom:/home/akinsantos/ws_moveit/install/rviz_marker_tools:/home/akinsantos/ws_moveit/install/rosparam_shortcuts:/home/akinsantos/ws_moveit/install/moveit_task_constructor_msgs:/home/akinsantos/ws_moveit/install/moveit_resources_prbt_support:/home/akinsantos/ws_moveit/install/moveit_resources:/home/akinsantos/ws_moveit/install/moveit_resources_pr2_description:/home/akinsantos/ws_moveit/install/moveit_resources_panda_moveit_config:/home/akinsantos/ws_moveit/install/moveit_resources_panda_description:/home/akinsantos/ws_moveit/install/moveit_resources_fanuc_moveit_config:/home/akinsantos/ws_moveit/install/moveit_resources_fanuc_description:/home/akinsantos/ws_moveit/install/moveit_common:/home/akinsantos/ws_moveit/install/moveit_configs_utils:/home/akinsantos/ws_moveit/install/launch_param_builder:/opt/ros/humble LD_LIBRARY_PATH=/home/akinsantos/minipulator_ws/install/dynamixel_workbench_toolbox/lib:/home/akinsantos/minipulator_ws/install/dynamixel_hardware/lib:/home/akinsantos/minipulator_ws/install/dynamixel_workbench_msgs/lib:/home/akinsantos/ws_moveit/install/pilz_industrial_motion_planner_testutils/lib:/home/akinsantos/ws_moveit/install/pilz_industrial_motion_planner/lib:/home/akinsantos/ws_moveit/install/moveit_visual_tools/lib:/home/akinsantos/ws_moveit/install/moveit_task_constructor_visualization/lib:/home/akinsantos/ws_moveit/install/moveit_task_constructor_demo/lib:/home/akinsantos/ws_moveit/install/moveit_task_constructor_capabilities/lib:/home/akinsantos/ws_moveit/install/moveit_task_constructor_core/lib:/home/akinsantos/ws_moveit/install/moveit_ros_control_interface/lib:/home/akinsantos/ws_moveit/install/moveit_simple_controller_manager/lib:/home/akinsantos/ws_moveit/install/moveit_setup_assistant/lib:/home/akinsantos/ws_moveit/install/moveit_setup_srdf_plugins/lib:/home/akinsantos/ws_moveit/install/moveit_setup_core_plugins/lib:/home/akinsantos/ws_moveit/install/moveit_setup_controllers/lib:/home/akinsantos/ws_moveit/install/moveit_setup_app_plugins/lib:/home/akinsantos/ws_moveit/install/moveit_setup_framework/lib:/home/akinsantos/ws_moveit/install/moveit_servo/lib:/home/akinsantos/ws_moveit/install/moveit_ros_visualization/lib:/home/akinsantos/ws_moveit/install/moveit_hybrid_planning/lib:/home/akinsantos/ws_moveit/install/moveit_ros_planning_interface/lib:/home/akinsantos/ws_moveit/install/moveit_ros_benchmarks/lib:/home/akinsantos/ws_moveit/install/moveit_ros_warehouse/lib:/home/akinsantos/ws_moveit/install/moveit_ros_robot_interaction/lib:/home/akinsantos/ws_moveit/install/moveit_ros_perception/lib:/home/akinsantos/ws_moveit/install/moveit_ros_move_group/lib:/home/akinsantos/ws_moveit/install/moveit_planners_ompl/lib:/home/akinsantos/ws_moveit/install/moveit_ros_planning/lib:/home/akinsantos/ws_moveit/install/moveit_ros_occupancy_map_monitor/lib:/home/akinsantos/ws_moveit/install/moveit_resources_prbt_ikfast_manipulator_plugin/lib:/home/akinsantos/ws_moveit/install/moveit_planners_chomp/lib:/home/akinsantos/ws_moveit/install/moveit_kinematics/lib:/home/akinsantos/ws_moveit/install/moveit_chomp_optimizer_adapter/lib:/home/akinsantos/ws_moveit/install/chomp_motion_planner/lib:/home/akinsantos/ws_moveit/install/moveit_core/lib:/home/akinsantos/ws_moveit/install/srdfdom/lib:/home/akinsantos/ws_moveit/install/rviz_marker_tools/lib:/home/akinsantos/ws_moveit/install/rosparam_shortcuts/lib:/home/akinsantos/ws_moveit/install/moveit_task_constructor_msgs/lib:/opt/ros/humble/opt/rviz_ogre_vendor/lib:/opt/ros/humble/lib/x86_64-linux-gnu:/opt/ros/humble/lib /usr/bin/cmake --build /home/akinsantos/minipulator_ws/build/dynamixel_hardware -- -j8 -l8
[0.487s] INFO:colcon.colcon_ros.task.ament_cmake.build:Building ROS package in '/home/akinsantos/minipulator_ws/src/phantomx_reactor_arm_moveit2_config' with build type 'ament_cmake'
[0.487s] INFO:colcon.colcon_cmake.task.cmake.build:Building CMake package in '/home/akinsantos/minipulator_ws/src/phantomx_reactor_arm_moveit2_config'
[0.487s] INFO:colcon.colcon_core.shell:Skip shell extension 'powershell' for command environment: Not usable outside of PowerShell
[0.487s] DEBUG:colcon.colcon_core.shell:Skip shell extension 'dsv' for command environment
[0.496s] DEBUG:colcon.colcon_core.event_handler.log_command:Invoking command in '/home/akinsantos/minipulator_ws/build/dynamixel_workbench': CMAKE_PREFIX_PATH=/home/akinsantos/minipulator_ws/install/dynamixel_workbench_toolbox:/home/akinsantos/minipulator_ws/install/phantomx_reactor_arm_moveit2_config:/home/akinsantos/minipulator_ws/install/movevit2_test:/home/akinsantos/minipulator_ws/install/phantomx_reactor_arm_description:/home/akinsantos/minipulator_ws/install/open_manipulator_pro_gazebo:/home/akinsantos/minipulator_ws/install/dynamixel_workbench:/home/akinsantos/minipulator_ws/install/dynamixel_hardware:/home/akinsantos/minipulator_ws/install/dynamixel_workbench_msgs:/home/akinsantos/ws_moveit/install/pilz_industrial_motion_planner_testutils:/home/akinsantos/ws_moveit/install/moveit_runtime:/home/akinsantos/ws_moveit/install/moveit2_tutorials:/home/akinsantos/ws_moveit/install/moveit:/home/akinsantos/ws_moveit/install/moveit_planners:/home/akinsantos/ws_moveit/install/pilz_industrial_motion_planner:/home/akinsantos/ws_moveit/install/moveit_visual_tools:/home/akinsantos/ws_moveit/install/moveit_task_constructor_visualization:/home/akinsantos/ws_moveit/install/moveit_task_constructor_demo:/home/akinsantos/ws_moveit/install/moveit_task_constructor_capabilities:/home/akinsantos/ws_moveit/install/moveit_task_constructor_core:/home/akinsantos/ws_moveit/install/moveit_ros_control_interface:/home/akinsantos/ws_moveit/install/moveit_plugins:/home/akinsantos/ws_moveit/install/moveit_simple_controller_manager:/home/akinsantos/ws_moveit/install/moveit_setup_assistant:/home/akinsantos/ws_moveit/install/moveit_setup_srdf_plugins:/home/akinsantos/ws_moveit/install/moveit_setup_core_plugins:/home/akinsantos/ws_moveit/install/moveit_setup_controllers:/home/akinsantos/ws_moveit/install/moveit_setup_app_plugins:/home/akinsantos/ws_moveit/install/moveit_setup_framework:/home/akinsantos/ws_moveit/install/moveit_servo:/home/akinsantos/ws_moveit/install/moveit_ros:/home/akinsantos/ws_moveit/install/moveit_ros_visualization:/home/akinsantos/ws_moveit/install/moveit_hybrid_planning:/home/akinsantos/ws_moveit/install/moveit_ros_planning_interface:/home/akinsantos/ws_moveit/install/moveit_ros_benchmarks:/home/akinsantos/ws_moveit/install/moveit_ros_warehouse:/home/akinsantos/ws_moveit/install/moveit_ros_robot_interaction:/home/akinsantos/ws_moveit/install/moveit_ros_perception:/home/akinsantos/ws_moveit/install/moveit_resources_prbt_pg70_support:/home/akinsantos/ws_moveit/install/moveit_resources_prbt_moveit_config:/home/akinsantos/ws_moveit/install/moveit_ros_move_group:/home/akinsantos/ws_moveit/install/moveit_planners_ompl:/home/akinsantos/ws_moveit/install/moveit_ros_planning:/home/akinsantos/ws_moveit/install/moveit_ros_occupancy_map_monitor:/home/akinsantos/ws_moveit/install/moveit_resources_prbt_ikfast_manipulator_plugin:/home/akinsantos/ws_moveit/install/moveit_planners_chomp:/home/akinsantos/ws_moveit/install/moveit_kinematics:/home/akinsantos/ws_moveit/install/moveit_chomp_optimizer_adapter:/home/akinsantos/ws_moveit/install/chomp_motion_planner:/home/akinsantos/ws_moveit/install/moveit_core:/home/akinsantos/ws_moveit/install/srdfdom:/home/akinsantos/ws_moveit/install/rviz_marker_tools:/home/akinsantos/ws_moveit/install/rosparam_shortcuts:/home/akinsantos/ws_moveit/install/moveit_task_constructor_msgs:/home/akinsantos/ws_moveit/install/moveit_resources_prbt_support:/home/akinsantos/ws_moveit/install/moveit_resources:/home/akinsantos/ws_moveit/install/moveit_resources_pr2_description:/home/akinsantos/ws_moveit/install/moveit_resources_panda_moveit_config:/home/akinsantos/ws_moveit/install/moveit_resources_panda_description:/home/akinsantos/ws_moveit/install/moveit_resources_fanuc_moveit_config:/home/akinsantos/ws_moveit/install/moveit_resources_fanuc_description:/home/akinsantos/ws_moveit/install/moveit_common:/home/akinsantos/ws_moveit/install/moveit_configs_utils:/home/akinsantos/ws_moveit/install/launch_param_builder:/opt/ros/humble LD_LIBRARY_PATH=/home/akinsantos/minipulator_ws/install/dynamixel_workbench_toolbox/lib:/home/akinsantos/minipulator_ws/install/dynamixel_hardware/lib:/home/akinsantos/minipulator_ws/install/dynamixel_workbench_msgs/lib:/home/akinsantos/ws_moveit/install/pilz_industrial_motion_planner_testutils/lib:/home/akinsantos/ws_moveit/install/pilz_industrial_motion_planner/lib:/home/akinsantos/ws_moveit/install/moveit_visual_tools/lib:/home/akinsantos/ws_moveit/install/moveit_task_constructor_visualization/lib:/home/akinsantos/ws_moveit/install/moveit_task_constructor_demo/lib:/home/akinsantos/ws_moveit/install/moveit_task_constructor_capabilities/lib:/home/akinsantos/ws_moveit/install/moveit_task_constructor_core/lib:/home/akinsantos/ws_moveit/install/moveit_ros_control_interface/lib:/home/akinsantos/ws_moveit/install/moveit_simple_controller_manager/lib:/home/akinsantos/ws_moveit/install/moveit_setup_assistant/lib:/home/akinsantos/ws_moveit/install/moveit_setup_srdf_plugins/lib:/home/akinsantos/ws_moveit/install/moveit_setup_core_plugins/lib:/home/akinsantos/ws_moveit/install/moveit_setup_controllers/lib:/home/akinsantos/ws_moveit/install/moveit_setup_app_plugins/lib:/home/akinsantos/ws_moveit/install/moveit_setup_framework/lib:/home/akinsantos/ws_moveit/install/moveit_servo/lib:/home/akinsantos/ws_moveit/install/moveit_ros_visualization/lib:/home/akinsantos/ws_moveit/install/moveit_hybrid_planning/lib:/home/akinsantos/ws_moveit/install/moveit_ros_planning_interface/lib:/home/akinsantos/ws_moveit/install/moveit_ros_benchmarks/lib:/home/akinsantos/ws_moveit/install/moveit_ros_warehouse/lib:/home/akinsantos/ws_moveit/install/moveit_ros_robot_interaction/lib:/home/akinsantos/ws_moveit/install/moveit_ros_perception/lib:/home/akinsantos/ws_moveit/install/moveit_ros_move_group/lib:/home/akinsantos/ws_moveit/install/moveit_planners_ompl/lib:/home/akinsantos/ws_moveit/install/moveit_ros_planning/lib:/home/akinsantos/ws_moveit/install/moveit_ros_occupancy_map_monitor/lib:/home/akinsantos/ws_moveit/install/moveit_resources_prbt_ikfast_manipulator_plugin/lib:/home/akinsantos/ws_moveit/install/moveit_planners_chomp/lib:/home/akinsantos/ws_moveit/install/moveit_kinematics/lib:/home/akinsantos/ws_moveit/install/moveit_chomp_optimizer_adapter/lib:/home/akinsantos/ws_moveit/install/chomp_motion_planner/lib:/home/akinsantos/ws_moveit/install/moveit_core/lib:/home/akinsantos/ws_moveit/install/srdfdom/lib:/home/akinsantos/ws_moveit/install/rviz_marker_tools/lib:/home/akinsantos/ws_moveit/install/rosparam_shortcuts/lib:/home/akinsantos/ws_moveit/install/moveit_task_constructor_msgs/lib:/opt/ros/humble/opt/rviz_ogre_vendor/lib:/opt/ros/humble/lib/x86_64-linux-gnu:/opt/ros/humble/lib /usr/bin/cmake --build /home/akinsantos/minipulator_ws/build/dynamixel_workbench -- -j8 -l8
[0.498s] DEBUG:colcon.colcon_core.event_handler.log_command:Invoking command in '/home/akinsantos/minipulator_ws/build/movevit2_test': CMAKE_PREFIX_PATH=/home/akinsantos/minipulator_ws/install/phantomx_reactor_arm_description:/home/akinsantos/minipulator_ws/install/phantomx_reactor_arm_moveit2_config:/home/akinsantos/minipulator_ws/install/movevit2_test:/home/akinsantos/minipulator_ws/install/open_manipulator_pro_gazebo:/home/akinsantos/minipulator_ws/install/dynamixel_workbench:/home/akinsantos/minipulator_ws/install/dynamixel_hardware:/home/akinsantos/minipulator_ws/install/dynamixel_workbench_toolbox:/home/akinsantos/minipulator_ws/install/dynamixel_workbench_msgs:/home/akinsantos/ws_moveit/install/pilz_industrial_motion_planner_testutils:/home/akinsantos/ws_moveit/install/moveit_runtime:/home/akinsantos/ws_moveit/install/moveit2_tutorials:/home/akinsantos/ws_moveit/install/moveit:/home/akinsantos/ws_moveit/install/moveit_planners:/home/akinsantos/ws_moveit/install/pilz_industrial_motion_planner:/home/akinsantos/ws_moveit/install/moveit_visual_tools:/home/akinsantos/ws_moveit/install/moveit_task_constructor_visualization:/home/akinsantos/ws_moveit/install/moveit_task_constructor_demo:/home/akinsantos/ws_moveit/install/moveit_task_constructor_capabilities:/home/akinsantos/ws_moveit/install/moveit_task_constructor_core:/home/akinsantos/ws_moveit/install/moveit_ros_control_interface:/home/akinsantos/ws_moveit/install/moveit_plugins:/home/akinsantos/ws_moveit/install/moveit_simple_controller_manager:/home/akinsantos/ws_moveit/install/moveit_setup_assistant:/home/akinsantos/ws_moveit/install/moveit_setup_srdf_plugins:/home/akinsantos/ws_moveit/install/moveit_setup_core_plugins:/home/akinsantos/ws_moveit/install/moveit_setup_controllers:/home/akinsantos/ws_moveit/install/moveit_setup_app_plugins:/home/akinsantos/ws_moveit/install/moveit_setup_framework:/home/akinsantos/ws_moveit/install/moveit_servo:/home/akinsantos/ws_moveit/install/moveit_ros:/home/akinsantos/ws_moveit/install/moveit_ros_visualization:/home/akinsantos/ws_moveit/install/moveit_hybrid_planning:/home/akinsantos/ws_moveit/install/moveit_ros_planning_interface:/home/akinsantos/ws_moveit/install/moveit_ros_benchmarks:/home/akinsantos/ws_moveit/install/moveit_ros_warehouse:/home/akinsantos/ws_moveit/install/moveit_ros_robot_interaction:/home/akinsantos/ws_moveit/install/moveit_ros_perception:/home/akinsantos/ws_moveit/install/moveit_resources_prbt_pg70_support:/home/akinsantos/ws_moveit/install/moveit_resources_prbt_moveit_config:/home/akinsantos/ws_moveit/install/moveit_ros_move_group:/home/akinsantos/ws_moveit/install/moveit_planners_ompl:/home/akinsantos/ws_moveit/install/moveit_ros_planning:/home/akinsantos/ws_moveit/install/moveit_ros_occupancy_map_monitor:/home/akinsantos/ws_moveit/install/moveit_resources_prbt_ikfast_manipulator_plugin:/home/akinsantos/ws_moveit/install/moveit_planners_chomp:/home/akinsantos/ws_moveit/install/moveit_kinematics:/home/akinsantos/ws_moveit/install/moveit_chomp_optimizer_adapter:/home/akinsantos/ws_moveit/install/chomp_motion_planner:/home/akinsantos/ws_moveit/install/moveit_core:/home/akinsantos/ws_moveit/install/srdfdom:/home/akinsantos/ws_moveit/install/rviz_marker_tools:/home/akinsantos/ws_moveit/install/rosparam_shortcuts:/home/akinsantos/ws_moveit/install/moveit_task_constructor_msgs:/home/akinsantos/ws_moveit/install/moveit_resources_prbt_support:/home/akinsantos/ws_moveit/install/moveit_resources:/home/akinsantos/ws_moveit/install/moveit_resources_pr2_description:/home/akinsantos/ws_moveit/install/moveit_resources_panda_moveit_config:/home/akinsantos/ws_moveit/install/moveit_resources_panda_description:/home/akinsantos/ws_moveit/install/moveit_resources_fanuc_moveit_config:/home/akinsantos/ws_moveit/install/moveit_resources_fanuc_description:/home/akinsantos/ws_moveit/install/moveit_common:/home/akinsantos/ws_moveit/install/moveit_configs_utils:/home/akinsantos/ws_moveit/install/launch_param_builder:/opt/ros/humble /usr/bin/cmake --build /home/akinsantos/minipulator_ws/build/movevit2_test -- -j8 -l8
[0.500s] DEBUG:colcon.colcon_core.event_handler.log_command:Invoking command in '/home/akinsantos/minipulator_ws/build/phantomx_reactor_arm_moveit2_config': CMAKE_PREFIX_PATH=/home/akinsantos/minipulator_ws/install/phantomx_reactor_arm_description:/home/akinsantos/minipulator_ws/install/phantomx_reactor_arm_moveit2_config:/home/akinsantos/minipulator_ws/install/movevit2_test:/home/akinsantos/minipulator_ws/install/open_manipulator_pro_gazebo:/home/akinsantos/minipulator_ws/install/dynamixel_workbench:/home/akinsantos/minipulator_ws/install/dynamixel_hardware:/home/akinsantos/minipulator_ws/install/dynamixel_workbench_toolbox:/home/akinsantos/minipulator_ws/install/dynamixel_workbench_msgs:/home/akinsantos/ws_moveit/install/pilz_industrial_motion_planner_testutils:/home/akinsantos/ws_moveit/install/moveit_runtime:/home/akinsantos/ws_moveit/install/moveit2_tutorials:/home/akinsantos/ws_moveit/install/moveit:/home/akinsantos/ws_moveit/install/moveit_planners:/home/akinsantos/ws_moveit/install/pilz_industrial_motion_planner:/home/akinsantos/ws_moveit/install/moveit_visual_tools:/home/akinsantos/ws_moveit/install/moveit_task_constructor_visualization:/home/akinsantos/ws_moveit/install/moveit_task_constructor_demo:/home/akinsantos/ws_moveit/install/moveit_task_constructor_capabilities:/home/akinsantos/ws_moveit/install/moveit_task_constructor_core:/home/akinsantos/ws_moveit/install/moveit_ros_control_interface:/home/akinsantos/ws_moveit/install/moveit_plugins:/home/akinsantos/ws_moveit/install/moveit_simple_controller_manager:/home/akinsantos/ws_moveit/install/moveit_setup_assistant:/home/akinsantos/ws_moveit/install/moveit_setup_srdf_plugins:/home/akinsantos/ws_moveit/install/moveit_setup_core_plugins:/home/akinsantos/ws_moveit/install/moveit_setup_controllers:/home/akinsantos/ws_moveit/install/moveit_setup_app_plugins:/home/akinsantos/ws_moveit/install/moveit_setup_framework:/home/akinsantos/ws_moveit/install/moveit_servo:/home/akinsantos/ws_moveit/install/moveit_ros:/home/akinsantos/ws_moveit/install/moveit_ros_visualization:/home/akinsantos/ws_moveit/install/moveit_hybrid_planning:/home/akinsantos/ws_moveit/install/moveit_ros_planning_interface:/home/akinsantos/ws_moveit/install/moveit_ros_benchmarks:/home/akinsantos/ws_moveit/install/moveit_ros_warehouse:/home/akinsantos/ws_moveit/install/moveit_ros_robot_interaction:/home/akinsantos/ws_moveit/install/moveit_ros_perception:/home/akinsantos/ws_moveit/install/moveit_resources_prbt_pg70_support:/home/akinsantos/ws_moveit/install/moveit_resources_prbt_moveit_config:/home/akinsantos/ws_moveit/install/moveit_ros_move_group:/home/akinsantos/ws_moveit/install/moveit_planners_ompl:/home/akinsantos/ws_moveit/install/moveit_ros_planning:/home/akinsantos/ws_moveit/install/moveit_ros_occupancy_map_monitor:/home/akinsantos/ws_moveit/install/moveit_resources_prbt_ikfast_manipulator_plugin:/home/akinsantos/ws_moveit/install/moveit_planners_chomp:/home/akinsantos/ws_moveit/install/moveit_kinematics:/home/akinsantos/ws_moveit/install/moveit_chomp_optimizer_adapter:/home/akinsantos/ws_moveit/install/chomp_motion_planner:/home/akinsantos/ws_moveit/install/moveit_core:/home/akinsantos/ws_moveit/install/srdfdom:/home/akinsantos/ws_moveit/install/rviz_marker_tools:/home/akinsantos/ws_moveit/install/rosparam_shortcuts:/home/akinsantos/ws_moveit/install/moveit_task_constructor_msgs:/home/akinsantos/ws_moveit/install/moveit_resources_prbt_support:/home/akinsantos/ws_moveit/install/moveit_resources:/home/akinsantos/ws_moveit/install/moveit_resources_pr2_description:/home/akinsantos/ws_moveit/install/moveit_resources_panda_moveit_config:/home/akinsantos/ws_moveit/install/moveit_resources_panda_description:/home/akinsantos/ws_moveit/install/moveit_resources_fanuc_moveit_config:/home/akinsantos/ws_moveit/install/moveit_resources_fanuc_description:/home/akinsantos/ws_moveit/install/moveit_common:/home/akinsantos/ws_moveit/install/moveit_configs_utils:/home/akinsantos/ws_moveit/install/launch_param_builder:/opt/ros/humble /usr/bin/cmake --build /home/akinsantos/minipulator_ws/build/phantomx_reactor_arm_moveit2_config -- -j8 -l8
[0.541s] DEBUG:colcon.colcon_core.event_handler.log_command:Invoked command in '/home/akinsantos/minipulator_ws/build/dynamixel_workbench' returned '0': CMAKE_PREFIX_PATH=/home/akinsantos/minipulator_ws/install/dynamixel_workbench_toolbox:/home/akinsantos/minipulator_ws/install/phantomx_reactor_arm_moveit2_config:/home/akinsantos/minipulator_ws/install/movevit2_test:/home/akinsantos/minipulator_ws/install/phantomx_reactor_arm_description:/home/akinsantos/minipulator_ws/install/open_manipulator_pro_gazebo:/home/akinsantos/minipulator_ws/install/dynamixel_workbench:/home/akinsantos/minipulator_ws/install/dynamixel_hardware:/home/akinsantos/minipulator_ws/install/dynamixel_workbench_msgs:/home/akinsantos/ws_moveit/install/pilz_industrial_motion_planner_testutils:/home/akinsantos/ws_moveit/install/moveit_runtime:/home/akinsantos/ws_moveit/install/moveit2_tutorials:/home/akinsantos/ws_moveit/install/moveit:/home/akinsantos/ws_moveit/install/moveit_planners:/home/akinsantos/ws_moveit/install/pilz_industrial_motion_planner:/home/akinsantos/ws_moveit/install/moveit_visual_tools:/home/akinsantos/ws_moveit/install/moveit_task_constructor_visualization:/home/akinsantos/ws_moveit/install/moveit_task_constructor_demo:/home/akinsantos/ws_moveit/install/moveit_task_constructor_capabilities:/home/akinsantos/ws_moveit/install/moveit_task_constructor_core:/home/akinsantos/ws_moveit/install/moveit_ros_control_interface:/home/akinsantos/ws_moveit/install/moveit_plugins:/home/akinsantos/ws_moveit/install/moveit_simple_controller_manager:/home/akinsantos/ws_moveit/install/moveit_setup_assistant:/home/akinsantos/ws_moveit/install/moveit_setup_srdf_plugins:/home/akinsantos/ws_moveit/install/moveit_setup_core_plugins:/home/akinsantos/ws_moveit/install/moveit_setup_controllers:/home/akinsantos/ws_moveit/install/moveit_setup_app_plugins:/home/akinsantos/ws_moveit/install/moveit_setup_framework:/home/akinsantos/ws_moveit/install/moveit_servo:/home/akinsantos/ws_moveit/install/moveit_ros:/home/akinsantos/ws_moveit/install/moveit_ros_visualization:/home/akinsantos/ws_moveit/install/moveit_hybrid_planning:/home/akinsantos/ws_moveit/install/moveit_ros_planning_interface:/home/akinsantos/ws_moveit/install/moveit_ros_benchmarks:/home/akinsantos/ws_moveit/install/moveit_ros_warehouse:/home/akinsantos/ws_moveit/install/moveit_ros_robot_interaction:/home/akinsantos/ws_moveit/install/moveit_ros_perception:/home/akinsantos/ws_moveit/install/moveit_resources_prbt_pg70_support:/home/akinsantos/ws_moveit/install/moveit_resources_prbt_moveit_config:/home/akinsantos/ws_moveit/install/moveit_ros_move_group:/home/akinsantos/ws_moveit/install/moveit_planners_ompl:/home/akinsantos/ws_moveit/install/moveit_ros_planning:/home/akinsantos/ws_moveit/install/moveit_ros_occupancy_map_monitor:/home/akinsantos/ws_moveit/install/moveit_resources_prbt_ikfast_manipulator_plugin:/home/akinsantos/ws_moveit/install/moveit_planners_chomp:/home/akinsantos/ws_moveit/install/moveit_kinematics:/home/akinsantos/ws_moveit/install/moveit_chomp_optimizer_adapter:/home/akinsantos/ws_moveit/install/chomp_motion_planner:/home/akinsantos/ws_moveit/install/moveit_core:/home/akinsantos/ws_moveit/install/srdfdom:/home/akinsantos/ws_moveit/install/rviz_marker_tools:/home/akinsantos/ws_moveit/install/rosparam_shortcuts:/home/akinsantos/ws_moveit/install/moveit_task_constructor_msgs:/home/akinsantos/ws_moveit/install/moveit_resources_prbt_support:/home/akinsantos/ws_moveit/install/moveit_resources:/home/akinsantos/ws_moveit/install/moveit_resources_pr2_description:/home/akinsantos/ws_moveit/install/moveit_resources_panda_moveit_config:/home/akinsantos/ws_moveit/install/moveit_resources_panda_description:/home/akinsantos/ws_moveit/install/moveit_resources_fanuc_moveit_config:/home/akinsantos/ws_moveit/install/moveit_resources_fanuc_description:/home/akinsantos/ws_moveit/install/moveit_common:/home/akinsantos/ws_moveit/install/moveit_configs_utils:/home/akinsantos/ws_moveit/install/launch_param_builder:/opt/ros/humble LD_LIBRARY_PATH=/home/akinsantos/minipulator_ws/install/dynamixel_workbench_toolbox/lib:/home/akinsantos/minipulator_ws/install/dynamixel_hardware/lib:/home/akinsantos/minipulator_ws/install/dynamixel_workbench_msgs/lib:/home/akinsantos/ws_moveit/install/pilz_industrial_motion_planner_testutils/lib:/home/akinsantos/ws_moveit/install/pilz_industrial_motion_planner/lib:/home/akinsantos/ws_moveit/install/moveit_visual_tools/lib:/home/akinsantos/ws_moveit/install/moveit_task_constructor_visualization/lib:/home/akinsantos/ws_moveit/install/moveit_task_constructor_demo/lib:/home/akinsantos/ws_moveit/install/moveit_task_constructor_capabilities/lib:/home/akinsantos/ws_moveit/install/moveit_task_constructor_core/lib:/home/akinsantos/ws_moveit/install/moveit_ros_control_interface/lib:/home/akinsantos/ws_moveit/install/moveit_simple_controller_manager/lib:/home/akinsantos/ws_moveit/install/moveit_setup_assistant/lib:/home/akinsantos/ws_moveit/install/moveit_setup_srdf_plugins/lib:/home/akinsantos/ws_moveit/install/moveit_setup_core_plugins/lib:/home/akinsantos/ws_moveit/install/moveit_setup_controllers/lib:/home/akinsantos/ws_moveit/install/moveit_setup_app_plugins/lib:/home/akinsantos/ws_moveit/install/moveit_setup_framework/lib:/home/akinsantos/ws_moveit/install/moveit_servo/lib:/home/akinsantos/ws_moveit/install/moveit_ros_visualization/lib:/home/akinsantos/ws_moveit/install/moveit_hybrid_planning/lib:/home/akinsantos/ws_moveit/install/moveit_ros_planning_interface/lib:/home/akinsantos/ws_moveit/install/moveit_ros_benchmarks/lib:/home/akinsantos/ws_moveit/install/moveit_ros_warehouse/lib:/home/akinsantos/ws_moveit/install/moveit_ros_robot_interaction/lib:/home/akinsantos/ws_moveit/install/moveit_ros_perception/lib:/home/akinsantos/ws_moveit/install/moveit_ros_move_group/lib:/home/akinsantos/ws_moveit/install/moveit_planners_ompl/lib:/home/akinsantos/ws_moveit/install/moveit_ros_planning/lib:/home/akinsantos/ws_moveit/install/moveit_ros_occupancy_map_monitor/lib:/home/akinsantos/ws_moveit/install/moveit_resources_prbt_ikfast_manipulator_plugin/lib:/home/akinsantos/ws_moveit/install/moveit_planners_chomp/lib:/home/akinsantos/ws_moveit/install/moveit_kinematics/lib:/home/akinsantos/ws_moveit/install/moveit_chomp_optimizer_adapter/lib:/home/akinsantos/ws_moveit/install/chomp_motion_planner/lib:/home/akinsantos/ws_moveit/install/moveit_core/lib:/home/akinsantos/ws_moveit/install/srdfdom/lib:/home/akinsantos/ws_moveit/install/rviz_marker_tools/lib:/home/akinsantos/ws_moveit/install/rosparam_shortcuts/lib:/home/akinsantos/ws_moveit/install/moveit_task_constructor_msgs/lib:/opt/ros/humble/opt/rviz_ogre_vendor/lib:/opt/ros/humble/lib/x86_64-linux-gnu:/opt/ros/humble/lib /usr/bin/cmake --build /home/akinsantos/minipulator_ws/build/dynamixel_workbench -- -j8 -l8
[0.541s] DEBUG:colcon.colcon_core.event_handler.log_command:Invoking command in '/home/akinsantos/minipulator_ws/build/dynamixel_workbench': CMAKE_PREFIX_PATH=/home/akinsantos/minipulator_ws/install/dynamixel_workbench_toolbox:/home/akinsantos/minipulator_ws/install/phantomx_reactor_arm_moveit2_config:/home/akinsantos/minipulator_ws/install/movevit2_test:/home/akinsantos/minipulator_ws/install/phantomx_reactor_arm_description:/home/akinsantos/minipulator_ws/install/open_manipulator_pro_gazebo:/home/akinsantos/minipulator_ws/install/dynamixel_workbench:/home/akinsantos/minipulator_ws/install/dynamixel_hardware:/home/akinsantos/minipulator_ws/install/dynamixel_workbench_msgs:/home/akinsantos/ws_moveit/install/pilz_industrial_motion_planner_testutils:/home/akinsantos/ws_moveit/install/moveit_runtime:/home/akinsantos/ws_moveit/install/moveit2_tutorials:/home/akinsantos/ws_moveit/install/moveit:/home/akinsantos/ws_moveit/install/moveit_planners:/home/akinsantos/ws_moveit/install/pilz_industrial_motion_planner:/home/akinsantos/ws_moveit/install/moveit_visual_tools:/home/akinsantos/ws_moveit/install/moveit_task_constructor_visualization:/home/akinsantos/ws_moveit/install/moveit_task_constructor_demo:/home/akinsantos/ws_moveit/install/moveit_task_constructor_capabilities:/home/akinsantos/ws_moveit/install/moveit_task_constructor_core:/home/akinsantos/ws_moveit/install/moveit_ros_control_interface:/home/akinsantos/ws_moveit/install/moveit_plugins:/home/akinsantos/ws_moveit/install/moveit_simple_controller_manager:/home/akinsantos/ws_moveit/install/moveit_setup_assistant:/home/akinsantos/ws_moveit/install/moveit_setup_srdf_plugins:/home/akinsantos/ws_moveit/install/moveit_setup_core_plugins:/home/akinsantos/ws_moveit/install/moveit_setup_controllers:/home/akinsantos/ws_moveit/install/moveit_setup_app_plugins:/home/akinsantos/ws_moveit/install/moveit_setup_framework:/home/akinsantos/ws_moveit/install/moveit_servo:/home/akinsantos/ws_moveit/install/moveit_ros:/home/akinsantos/ws_moveit/install/moveit_ros_visualization:/home/akinsantos/ws_moveit/install/moveit_hybrid_planning:/home/akinsantos/ws_moveit/install/moveit_ros_planning_interface:/home/akinsantos/ws_moveit/install/moveit_ros_benchmarks:/home/akinsantos/ws_moveit/install/moveit_ros_warehouse:/home/akinsantos/ws_moveit/install/moveit_ros_robot_interaction:/home/akinsantos/ws_moveit/install/moveit_ros_perception:/home/akinsantos/ws_moveit/install/moveit_resources_prbt_pg70_support:/home/akinsantos/ws_moveit/install/moveit_resources_prbt_moveit_config:/home/akinsantos/ws_moveit/install/moveit_ros_move_group:/home/akinsantos/ws_moveit/install/moveit_planners_ompl:/home/akinsantos/ws_moveit/install/moveit_ros_planning:/home/akinsantos/ws_moveit/install/moveit_ros_occupancy_map_monitor:/home/akinsantos/ws_moveit/install/moveit_resources_prbt_ikfast_manipulator_plugin:/home/akinsantos/ws_moveit/install/moveit_planners_chomp:/home/akinsantos/ws_moveit/install/moveit_kinematics:/home/akinsantos/ws_moveit/install/moveit_chomp_optimizer_adapter:/home/akinsantos/ws_moveit/install/chomp_motion_planner:/home/akinsantos/ws_moveit/install/moveit_core:/home/akinsantos/ws_moveit/install/srdfdom:/home/akinsantos/ws_moveit/install/rviz_marker_tools:/home/akinsantos/ws_moveit/install/rosparam_shortcuts:/home/akinsantos/ws_moveit/install/moveit_task_constructor_msgs:/home/akinsantos/ws_moveit/install/moveit_resources_prbt_support:/home/akinsantos/ws_moveit/install/moveit_resources:/home/akinsantos/ws_moveit/install/moveit_resources_pr2_description:/home/akinsantos/ws_moveit/install/moveit_resources_panda_moveit_config:/home/akinsantos/ws_moveit/install/moveit_resources_panda_description:/home/akinsantos/ws_moveit/install/moveit_resources_fanuc_moveit_config:/home/akinsantos/ws_moveit/install/moveit_resources_fanuc_description:/home/akinsantos/ws_moveit/install/moveit_common:/home/akinsantos/ws_moveit/install/moveit_configs_utils:/home/akinsantos/ws_moveit/install/launch_param_builder:/opt/ros/humble LD_LIBRARY_PATH=/home/akinsantos/minipulator_ws/install/dynamixel_workbench_toolbox/lib:/home/akinsantos/minipulator_ws/install/dynamixel_hardware/lib:/home/akinsantos/minipulator_ws/install/dynamixel_workbench_msgs/lib:/home/akinsantos/ws_moveit/install/pilz_industrial_motion_planner_testutils/lib:/home/akinsantos/ws_moveit/install/pilz_industrial_motion_planner/lib:/home/akinsantos/ws_moveit/install/moveit_visual_tools/lib:/home/akinsantos/ws_moveit/install/moveit_task_constructor_visualization/lib:/home/akinsantos/ws_moveit/install/moveit_task_constructor_demo/lib:/home/akinsantos/ws_moveit/install/moveit_task_constructor_capabilities/lib:/home/akinsantos/ws_moveit/install/moveit_task_constructor_core/lib:/home/akinsantos/ws_moveit/install/moveit_ros_control_interface/lib:/home/akinsantos/ws_moveit/install/moveit_simple_controller_manager/lib:/home/akinsantos/ws_moveit/install/moveit_setup_assistant/lib:/home/akinsantos/ws_moveit/install/moveit_setup_srdf_plugins/lib:/home/akinsantos/ws_moveit/install/moveit_setup_core_plugins/lib:/home/akinsantos/ws_moveit/install/moveit_setup_controllers/lib:/home/akinsantos/ws_moveit/install/moveit_setup_app_plugins/lib:/home/akinsantos/ws_moveit/install/moveit_setup_framework/lib:/home/akinsantos/ws_moveit/install/moveit_servo/lib:/home/akinsantos/ws_moveit/install/moveit_ros_visualization/lib:/home/akinsantos/ws_moveit/install/moveit_hybrid_planning/lib:/home/akinsantos/ws_moveit/install/moveit_ros_planning_interface/lib:/home/akinsantos/ws_moveit/install/moveit_ros_benchmarks/lib:/home/akinsantos/ws_moveit/install/moveit_ros_warehouse/lib:/home/akinsantos/ws_moveit/install/moveit_ros_robot_interaction/lib:/home/akinsantos/ws_moveit/install/moveit_ros_perception/lib:/home/akinsantos/ws_moveit/install/moveit_ros_move_group/lib:/home/akinsantos/ws_moveit/install/moveit_planners_ompl/lib:/home/akinsantos/ws_moveit/install/moveit_ros_planning/lib:/home/akinsantos/ws_moveit/install/moveit_ros_occupancy_map_monitor/lib:/home/akinsantos/ws_moveit/install/moveit_resources_prbt_ikfast_manipulator_plugin/lib:/home/akinsantos/ws_moveit/install/moveit_planners_chomp/lib:/home/akinsantos/ws_moveit/install/moveit_kinematics/lib:/home/akinsantos/ws_moveit/install/moveit_chomp_optimizer_adapter/lib:/home/akinsantos/ws_moveit/install/chomp_motion_planner/lib:/home/akinsantos/ws_moveit/install/moveit_core/lib:/home/akinsantos/ws_moveit/install/srdfdom/lib:/home/akinsantos/ws_moveit/install/rviz_marker_tools/lib:/home/akinsantos/ws_moveit/install/rosparam_shortcuts/lib:/home/akinsantos/ws_moveit/install/moveit_task_constructor_msgs/lib:/opt/ros/humble/opt/rviz_ogre_vendor/lib:/opt/ros/humble/lib/x86_64-linux-gnu:/opt/ros/humble/lib /usr/bin/cmake --install /home/akinsantos/minipulator_ws/build/dynamixel_workbench
[0.548s] DEBUG:colcon.colcon_core.event_handler.log_command:Invoked command in '/home/akinsantos/minipulator_ws/build/phantomx_reactor_arm_moveit2_config' returned '0': CMAKE_PREFIX_PATH=/home/akinsantos/minipulator_ws/install/phantomx_reactor_arm_description:/home/akinsantos/minipulator_ws/install/phantomx_reactor_arm_moveit2_config:/home/akinsantos/minipulator_ws/install/movevit2_test:/home/akinsantos/minipulator_ws/install/open_manipulator_pro_gazebo:/home/akinsantos/minipulator_ws/install/dynamixel_workbench:/home/akinsantos/minipulator_ws/install/dynamixel_hardware:/home/akinsantos/minipulator_ws/install/dynamixel_workbench_toolbox:/home/akinsantos/minipulator_ws/install/dynamixel_workbench_msgs:/home/akinsantos/ws_moveit/install/pilz_industrial_motion_planner_testutils:/home/akinsantos/ws_moveit/install/moveit_runtime:/home/akinsantos/ws_moveit/install/moveit2_tutorials:/home/akinsantos/ws_moveit/install/moveit:/home/akinsantos/ws_moveit/install/moveit_planners:/home/akinsantos/ws_moveit/install/pilz_industrial_motion_planner:/home/akinsantos/ws_moveit/install/moveit_visual_tools:/home/akinsantos/ws_moveit/install/moveit_task_constructor_visualization:/home/akinsantos/ws_moveit/install/moveit_task_constructor_demo:/home/akinsantos/ws_moveit/install/moveit_task_constructor_capabilities:/home/akinsantos/ws_moveit/install/moveit_task_constructor_core:/home/akinsantos/ws_moveit/install/moveit_ros_control_interface:/home/akinsantos/ws_moveit/install/moveit_plugins:/home/akinsantos/ws_moveit/install/moveit_simple_controller_manager:/home/akinsantos/ws_moveit/install/moveit_setup_assistant:/home/akinsantos/ws_moveit/install/moveit_setup_srdf_plugins:/home/akinsantos/ws_moveit/install/moveit_setup_core_plugins:/home/akinsantos/ws_moveit/install/moveit_setup_controllers:/home/akinsantos/ws_moveit/install/moveit_setup_app_plugins:/home/akinsantos/ws_moveit/install/moveit_setup_framework:/home/akinsantos/ws_moveit/install/moveit_servo:/home/akinsantos/ws_moveit/install/moveit_ros:/home/akinsantos/ws_moveit/install/moveit_ros_visualization:/home/akinsantos/ws_moveit/install/moveit_hybrid_planning:/home/akinsantos/ws_moveit/install/moveit_ros_planning_interface:/home/akinsantos/ws_moveit/install/moveit_ros_benchmarks:/home/akinsantos/ws_moveit/install/moveit_ros_warehouse:/home/akinsantos/ws_moveit/install/moveit_ros_robot_interaction:/home/akinsantos/ws_moveit/install/moveit_ros_perception:/home/akinsantos/ws_moveit/install/moveit_resources_prbt_pg70_support:/home/akinsantos/ws_moveit/install/moveit_resources_prbt_moveit_config:/home/akinsantos/ws_moveit/install/moveit_ros_move_group:/home/akinsantos/ws_moveit/install/moveit_planners_ompl:/home/akinsantos/ws_moveit/install/moveit_ros_planning:/home/akinsantos/ws_moveit/install/moveit_ros_occupancy_map_monitor:/home/akinsantos/ws_moveit/install/moveit_resources_prbt_ikfast_manipulator_plugin:/home/akinsantos/ws_moveit/install/moveit_planners_chomp:/home/akinsantos/ws_moveit/install/moveit_kinematics:/home/akinsantos/ws_moveit/install/moveit_chomp_optimizer_adapter:/home/akinsantos/ws_moveit/install/chomp_motion_planner:/home/akinsantos/ws_moveit/install/moveit_core:/home/akinsantos/ws_moveit/install/srdfdom:/home/akinsantos/ws_moveit/install/rviz_marker_tools:/home/akinsantos/ws_moveit/install/rosparam_shortcuts:/home/akinsantos/ws_moveit/install/moveit_task_constructor_msgs:/home/akinsantos/ws_moveit/install/moveit_resources_prbt_support:/home/akinsantos/ws_moveit/install/moveit_resources:/home/akinsantos/ws_moveit/install/moveit_resources_pr2_description:/home/akinsantos/ws_moveit/install/moveit_resources_panda_moveit_config:/home/akinsantos/ws_moveit/install/moveit_resources_panda_description:/home/akinsantos/ws_moveit/install/moveit_resources_fanuc_moveit_config:/home/akinsantos/ws_moveit/install/moveit_resources_fanuc_description:/home/akinsantos/ws_moveit/install/moveit_common:/home/akinsantos/ws_moveit/install/moveit_configs_utils:/home/akinsantos/ws_moveit/install/launch_param_builder:/opt/ros/humble /usr/bin/cmake --build /home/akinsantos/minipulator_ws/build/phantomx_reactor_arm_moveit2_config -- -j8 -l8
[0.548s] DEBUG:colcon.colcon_core.event_handler.log_command:Invoking command in '/home/akinsantos/minipulator_ws/build/phantomx_reactor_arm_moveit2_config': CMAKE_PREFIX_PATH=/home/akinsantos/minipulator_ws/install/phantomx_reactor_arm_description:/home/akinsantos/minipulator_ws/install/phantomx_reactor_arm_moveit2_config:/home/akinsantos/minipulator_ws/install/movevit2_test:/home/akinsantos/minipulator_ws/install/open_manipulator_pro_gazebo:/home/akinsantos/minipulator_ws/install/dynamixel_workbench:/home/akinsantos/minipulator_ws/install/dynamixel_hardware:/home/akinsantos/minipulator_ws/install/dynamixel_workbench_toolbox:/home/akinsantos/minipulator_ws/install/dynamixel_workbench_msgs:/home/akinsantos/ws_moveit/install/pilz_industrial_motion_planner_testutils:/home/akinsantos/ws_moveit/install/moveit_runtime:/home/akinsantos/ws_moveit/install/moveit2_tutorials:/home/akinsantos/ws_moveit/install/moveit:/home/akinsantos/ws_moveit/install/moveit_planners:/home/akinsantos/ws_moveit/install/pilz_industrial_motion_planner:/home/akinsantos/ws_moveit/install/moveit_visual_tools:/home/akinsantos/ws_moveit/install/moveit_task_constructor_visualization:/home/akinsantos/ws_moveit/install/moveit_task_constructor_demo:/home/akinsantos/ws_moveit/install/moveit_task_constructor_capabilities:/home/akinsantos/ws_moveit/install/moveit_task_constructor_core:/home/akinsantos/ws_moveit/install/moveit_ros_control_interface:/home/akinsantos/ws_moveit/install/moveit_plugins:/home/akinsantos/ws_moveit/install/moveit_simple_controller_manager:/home/akinsantos/ws_moveit/install/moveit_setup_assistant:/home/akinsantos/ws_moveit/install/moveit_setup_srdf_plugins:/home/akinsantos/ws_moveit/install/moveit_setup_core_plugins:/home/akinsantos/ws_moveit/install/moveit_setup_controllers:/home/akinsantos/ws_moveit/install/moveit_setup_app_plugins:/home/akinsantos/ws_moveit/install/moveit_setup_framework:/home/akinsantos/ws_moveit/install/moveit_servo:/home/akinsantos/ws_moveit/install/moveit_ros:/home/akinsantos/ws_moveit/install/moveit_ros_visualization:/home/akinsantos/ws_moveit/install/moveit_hybrid_planning:/home/akinsantos/ws_moveit/install/moveit_ros_planning_interface:/home/akinsantos/ws_moveit/install/moveit_ros_benchmarks:/home/akinsantos/ws_moveit/install/moveit_ros_warehouse:/home/akinsantos/ws_moveit/install/moveit_ros_robot_interaction:/home/akinsantos/ws_moveit/install/moveit_ros_perception:/home/akinsantos/ws_moveit/install/moveit_resources_prbt_pg70_support:/home/akinsantos/ws_moveit/install/moveit_resources_prbt_moveit_config:/home/akinsantos/ws_moveit/install/moveit_ros_move_group:/home/akinsantos/ws_moveit/install/moveit_planners_ompl:/home/akinsantos/ws_moveit/install/moveit_ros_planning:/home/akinsantos/ws_moveit/install/moveit_ros_occupancy_map_monitor:/home/akinsantos/ws_moveit/install/moveit_resources_prbt_ikfast_manipulator_plugin:/home/akinsantos/ws_moveit/install/moveit_planners_chomp:/home/akinsantos/ws_moveit/install/moveit_kinematics:/home/akinsantos/ws_moveit/install/moveit_chomp_optimizer_adapter:/home/akinsantos/ws_moveit/install/chomp_motion_planner:/home/akinsantos/ws_moveit/install/moveit_core:/home/akinsantos/ws_moveit/install/srdfdom:/home/akinsantos/ws_moveit/install/rviz_marker_tools:/home/akinsantos/ws_moveit/install/rosparam_shortcuts:/home/akinsantos/ws_moveit/install/moveit_task_constructor_msgs:/home/akinsantos/ws_moveit/install/moveit_resources_prbt_support:/home/akinsantos/ws_moveit/install/moveit_resources:/home/akinsantos/ws_moveit/install/moveit_resources_pr2_description:/home/akinsantos/ws_moveit/install/moveit_resources_panda_moveit_config:/home/akinsantos/ws_moveit/install/moveit_resources_panda_description:/home/akinsantos/ws_moveit/install/moveit_resources_fanuc_moveit_config:/home/akinsantos/ws_moveit/install/moveit_resources_fanuc_description:/home/akinsantos/ws_moveit/install/moveit_common:/home/akinsantos/ws_moveit/install/moveit_configs_utils:/home/akinsantos/ws_moveit/install/launch_param_builder:/opt/ros/humble /usr/bin/cmake --install /home/akinsantos/minipulator_ws/build/phantomx_reactor_arm_moveit2_config
[0.562s] DEBUG:colcon.colcon_core.event_handler.log_command:Invoked command in '/home/akinsantos/minipulator_ws/build/dynamixel_hardware' returned '0': CMAKE_PREFIX_PATH=/home/akinsantos/minipulator_ws/install/dynamixel_workbench_toolbox:/home/akinsantos/minipulator_ws/install/phantomx_reactor_arm_moveit2_config:/home/akinsantos/minipulator_ws/install/movevit2_test:/home/akinsantos/minipulator_ws/install/phantomx_reactor_arm_description:/home/akinsantos/minipulator_ws/install/open_manipulator_pro_gazebo:/home/akinsantos/minipulator_ws/install/dynamixel_workbench:/home/akinsantos/minipulator_ws/install/dynamixel_hardware:/home/akinsantos/minipulator_ws/install/dynamixel_workbench_msgs:/home/akinsantos/ws_moveit/install/pilz_industrial_motion_planner_testutils:/home/akinsantos/ws_moveit/install/moveit_runtime:/home/akinsantos/ws_moveit/install/moveit2_tutorials:/home/akinsantos/ws_moveit/install/moveit:/home/akinsantos/ws_moveit/install/moveit_planners:/home/akinsantos/ws_moveit/install/pilz_industrial_motion_planner:/home/akinsantos/ws_moveit/install/moveit_visual_tools:/home/akinsantos/ws_moveit/install/moveit_task_constructor_visualization:/home/akinsantos/ws_moveit/install/moveit_task_constructor_demo:/home/akinsantos/ws_moveit/install/moveit_task_constructor_capabilities:/home/akinsantos/ws_moveit/install/moveit_task_constructor_core:/home/akinsantos/ws_moveit/install/moveit_ros_control_interface:/home/akinsantos/ws_moveit/install/moveit_plugins:/home/akinsantos/ws_moveit/install/moveit_simple_controller_manager:/home/akinsantos/ws_moveit/install/moveit_setup_assistant:/home/akinsantos/ws_moveit/install/moveit_setup_srdf_plugins:/home/akinsantos/ws_moveit/install/moveit_setup_core_plugins:/home/akinsantos/ws_moveit/install/moveit_setup_controllers:/home/akinsantos/ws_moveit/install/moveit_setup_app_plugins:/home/akinsantos/ws_moveit/install/moveit_setup_framework:/home/akinsantos/ws_moveit/install/moveit_servo:/home/akinsantos/ws_moveit/install/moveit_ros:/home/akinsantos/ws_moveit/install/moveit_ros_visualization:/home/akinsantos/ws_moveit/install/moveit_hybrid_planning:/home/akinsantos/ws_moveit/install/moveit_ros_planning_interface:/home/akinsantos/ws_moveit/install/moveit_ros_benchmarks:/home/akinsantos/ws_moveit/install/moveit_ros_warehouse:/home/akinsantos/ws_moveit/install/moveit_ros_robot_interaction:/home/akinsantos/ws_moveit/install/moveit_ros_perception:/home/akinsantos/ws_moveit/install/moveit_resources_prbt_pg70_support:/home/akinsantos/ws_moveit/install/moveit_resources_prbt_moveit_config:/home/akinsantos/ws_moveit/install/moveit_ros_move_group:/home/akinsantos/ws_moveit/install/moveit_planners_ompl:/home/akinsantos/ws_moveit/install/moveit_ros_planning:/home/akinsantos/ws_moveit/install/moveit_ros_occupancy_map_monitor:/home/akinsantos/ws_moveit/install/moveit_resources_prbt_ikfast_manipulator_plugin:/home/akinsantos/ws_moveit/install/moveit_planners_chomp:/home/akinsantos/ws_moveit/install/moveit_kinematics:/home/akinsantos/ws_moveit/install/moveit_chomp_optimizer_adapter:/home/akinsantos/ws_moveit/install/chomp_motion_planner:/home/akinsantos/ws_moveit/install/moveit_core:/home/akinsantos/ws_moveit/install/srdfdom:/home/akinsantos/ws_moveit/install/rviz_marker_tools:/home/akinsantos/ws_moveit/install/rosparam_shortcuts:/home/akinsantos/ws_moveit/install/moveit_task_constructor_msgs:/home/akinsantos/ws_moveit/install/moveit_resources_prbt_support:/home/akinsantos/ws_moveit/install/moveit_resources:/home/akinsantos/ws_moveit/install/moveit_resources_pr2_description:/home/akinsantos/ws_moveit/install/moveit_resources_panda_moveit_config:/home/akinsantos/ws_moveit/install/moveit_resources_panda_description:/home/akinsantos/ws_moveit/install/moveit_resources_fanuc_moveit_config:/home/akinsantos/ws_moveit/install/moveit_resources_fanuc_description:/home/akinsantos/ws_moveit/install/moveit_common:/home/akinsantos/ws_moveit/install/moveit_configs_utils:/home/akinsantos/ws_moveit/install/launch_param_builder:/opt/ros/humble LD_LIBRARY_PATH=/home/akinsantos/minipulator_ws/install/dynamixel_workbench_toolbox/lib:/home/akinsantos/minipulator_ws/install/dynamixel_hardware/lib:/home/akinsantos/minipulator_ws/install/dynamixel_workbench_msgs/lib:/home/akinsantos/ws_moveit/install/pilz_industrial_motion_planner_testutils/lib:/home/akinsantos/ws_moveit/install/pilz_industrial_motion_planner/lib:/home/akinsantos/ws_moveit/install/moveit_visual_tools/lib:/home/akinsantos/ws_moveit/install/moveit_task_constructor_visualization/lib:/home/akinsantos/ws_moveit/install/moveit_task_constructor_demo/lib:/home/akinsantos/ws_moveit/install/moveit_task_constructor_capabilities/lib:/home/akinsantos/ws_moveit/install/moveit_task_constructor_core/lib:/home/akinsantos/ws_moveit/install/moveit_ros_control_interface/lib:/home/akinsantos/ws_moveit/install/moveit_simple_controller_manager/lib:/home/akinsantos/ws_moveit/install/moveit_setup_assistant/lib:/home/akinsantos/ws_moveit/install/moveit_setup_srdf_plugins/lib:/home/akinsantos/ws_moveit/install/moveit_setup_core_plugins/lib:/home/akinsantos/ws_moveit/install/moveit_setup_controllers/lib:/home/akinsantos/ws_moveit/install/moveit_setup_app_plugins/lib:/home/akinsantos/ws_moveit/install/moveit_setup_framework/lib:/home/akinsantos/ws_moveit/install/moveit_servo/lib:/home/akinsantos/ws_moveit/install/moveit_ros_visualization/lib:/home/akinsantos/ws_moveit/install/moveit_hybrid_planning/lib:/home/akinsantos/ws_moveit/install/moveit_ros_planning_interface/lib:/home/akinsantos/ws_moveit/install/moveit_ros_benchmarks/lib:/home/akinsantos/ws_moveit/install/moveit_ros_warehouse/lib:/home/akinsantos/ws_moveit/install/moveit_ros_robot_interaction/lib:/home/akinsantos/ws_moveit/install/moveit_ros_perception/lib:/home/akinsantos/ws_moveit/install/moveit_ros_move_group/lib:/home/akinsantos/ws_moveit/install/moveit_planners_ompl/lib:/home/akinsantos/ws_moveit/install/moveit_ros_planning/lib:/home/akinsantos/ws_moveit/install/moveit_ros_occupancy_map_monitor/lib:/home/akinsantos/ws_moveit/install/moveit_resources_prbt_ikfast_manipulator_plugin/lib:/home/akinsantos/ws_moveit/install/moveit_planners_chomp/lib:/home/akinsantos/ws_moveit/install/moveit_kinematics/lib:/home/akinsantos/ws_moveit/install/moveit_chomp_optimizer_adapter/lib:/home/akinsantos/ws_moveit/install/chomp_motion_planner/lib:/home/akinsantos/ws_moveit/install/moveit_core/lib:/home/akinsantos/ws_moveit/install/srdfdom/lib:/home/akinsantos/ws_moveit/install/rviz_marker_tools/lib:/home/akinsantos/ws_moveit/install/rosparam_shortcuts/lib:/home/akinsantos/ws_moveit/install/moveit_task_constructor_msgs/lib:/opt/ros/humble/opt/rviz_ogre_vendor/lib:/opt/ros/humble/lib/x86_64-linux-gnu:/opt/ros/humble/lib /usr/bin/cmake --build /home/akinsantos/minipulator_ws/build/dynamixel_hardware -- -j8 -l8
[0.563s] DEBUG:colcon.colcon_core.event_handler.log_command:Invoking command in '/home/akinsantos/minipulator_ws/build/dynamixel_hardware': CMAKE_PREFIX_PATH=/home/akinsantos/minipulator_ws/install/dynamixel_workbench_toolbox:/home/akinsantos/minipulator_ws/install/phantomx_reactor_arm_moveit2_config:/home/akinsantos/minipulator_ws/install/movevit2_test:/home/akinsantos/minipulator_ws/install/phantomx_reactor_arm_description:/home/akinsantos/minipulator_ws/install/open_manipulator_pro_gazebo:/home/akinsantos/minipulator_ws/install/dynamixel_workbench:/home/akinsantos/minipulator_ws/install/dynamixel_hardware:/home/akinsantos/minipulator_ws/install/dynamixel_workbench_msgs:/home/akinsantos/ws_moveit/install/pilz_industrial_motion_planner_testutils:/home/akinsantos/ws_moveit/install/moveit_runtime:/home/akinsantos/ws_moveit/install/moveit2_tutorials:/home/akinsantos/ws_moveit/install/moveit:/home/akinsantos/ws_moveit/install/moveit_planners:/home/akinsantos/ws_moveit/install/pilz_industrial_motion_planner:/home/akinsantos/ws_moveit/install/moveit_visual_tools:/home/akinsantos/ws_moveit/install/moveit_task_constructor_visualization:/home/akinsantos/ws_moveit/install/moveit_task_constructor_demo:/home/akinsantos/ws_moveit/install/moveit_task_constructor_capabilities:/home/akinsantos/ws_moveit/install/moveit_task_constructor_core:/home/akinsantos/ws_moveit/install/moveit_ros_control_interface:/home/akinsantos/ws_moveit/install/moveit_plugins:/home/akinsantos/ws_moveit/install/moveit_simple_controller_manager:/home/akinsantos/ws_moveit/install/moveit_setup_assistant:/home/akinsantos/ws_moveit/install/moveit_setup_srdf_plugins:/home/akinsantos/ws_moveit/install/moveit_setup_core_plugins:/home/akinsantos/ws_moveit/install/moveit_setup_controllers:/home/akinsantos/ws_moveit/install/moveit_setup_app_plugins:/home/akinsantos/ws_moveit/install/moveit_setup_framework:/home/akinsantos/ws_moveit/install/moveit_servo:/home/akinsantos/ws_moveit/install/moveit_ros:/home/akinsantos/ws_moveit/install/moveit_ros_visualization:/home/akinsantos/ws_moveit/install/moveit_hybrid_planning:/home/akinsantos/ws_moveit/install/moveit_ros_planning_interface:/home/akinsantos/ws_moveit/install/moveit_ros_benchmarks:/home/akinsantos/ws_moveit/install/moveit_ros_warehouse:/home/akinsantos/ws_moveit/install/moveit_ros_robot_interaction:/home/akinsantos/ws_moveit/install/moveit_ros_perception:/home/akinsantos/ws_moveit/install/moveit_resources_prbt_pg70_support:/home/akinsantos/ws_moveit/install/moveit_resources_prbt_moveit_config:/home/akinsantos/ws_moveit/install/moveit_ros_move_group:/home/akinsantos/ws_moveit/install/moveit_planners_ompl:/home/akinsantos/ws_moveit/install/moveit_ros_planning:/home/akinsantos/ws_moveit/install/moveit_ros_occupancy_map_monitor:/home/akinsantos/ws_moveit/install/moveit_resources_prbt_ikfast_manipulator_plugin:/home/akinsantos/ws_moveit/install/moveit_planners_chomp:/home/akinsantos/ws_moveit/install/moveit_kinematics:/home/akinsantos/ws_moveit/install/moveit_chomp_optimizer_adapter:/home/akinsantos/ws_moveit/install/chomp_motion_planner:/home/akinsantos/ws_moveit/install/moveit_core:/home/akinsantos/ws_moveit/install/srdfdom:/home/akinsantos/ws_moveit/install/rviz_marker_tools:/home/akinsantos/ws_moveit/install/rosparam_shortcuts:/home/akinsantos/ws_moveit/install/moveit_task_constructor_msgs:/home/akinsantos/ws_moveit/install/moveit_resources_prbt_support:/home/akinsantos/ws_moveit/install/moveit_resources:/home/akinsantos/ws_moveit/install/moveit_resources_pr2_description:/home/akinsantos/ws_moveit/install/moveit_resources_panda_moveit_config:/home/akinsantos/ws_moveit/install/moveit_resources_panda_description:/home/akinsantos/ws_moveit/install/moveit_resources_fanuc_moveit_config:/home/akinsantos/ws_moveit/install/moveit_resources_fanuc_description:/home/akinsantos/ws_moveit/install/moveit_common:/home/akinsantos/ws_moveit/install/moveit_configs_utils:/home/akinsantos/ws_moveit/install/launch_param_builder:/opt/ros/humble LD_LIBRARY_PATH=/home/akinsantos/minipulator_ws/install/dynamixel_workbench_toolbox/lib:/home/akinsantos/minipulator_ws/install/dynamixel_hardware/lib:/home/akinsantos/minipulator_ws/install/dynamixel_workbench_msgs/lib:/home/akinsantos/ws_moveit/install/pilz_industrial_motion_planner_testutils/lib:/home/akinsantos/ws_moveit/install/pilz_industrial_motion_planner/lib:/home/akinsantos/ws_moveit/install/moveit_visual_tools/lib:/home/akinsantos/ws_moveit/install/moveit_task_constructor_visualization/lib:/home/akinsantos/ws_moveit/install/moveit_task_constructor_demo/lib:/home/akinsantos/ws_moveit/install/moveit_task_constructor_capabilities/lib:/home/akinsantos/ws_moveit/install/moveit_task_constructor_core/lib:/home/akinsantos/ws_moveit/install/moveit_ros_control_interface/lib:/home/akinsantos/ws_moveit/install/moveit_simple_controller_manager/lib:/home/akinsantos/ws_moveit/install/moveit_setup_assistant/lib:/home/akinsantos/ws_moveit/install/moveit_setup_srdf_plugins/lib:/home/akinsantos/ws_moveit/install/moveit_setup_core_plugins/lib:/home/akinsantos/ws_moveit/install/moveit_setup_controllers/lib:/home/akinsantos/ws_moveit/install/moveit_setup_app_plugins/lib:/home/akinsantos/ws_moveit/install/moveit_setup_framework/lib:/home/akinsantos/ws_moveit/install/moveit_servo/lib:/home/akinsantos/ws_moveit/install/moveit_ros_visualization/lib:/home/akinsantos/ws_moveit/install/moveit_hybrid_planning/lib:/home/akinsantos/ws_moveit/install/moveit_ros_planning_interface/lib:/home/akinsantos/ws_moveit/install/moveit_ros_benchmarks/lib:/home/akinsantos/ws_moveit/install/moveit_ros_warehouse/lib:/home/akinsantos/ws_moveit/install/moveit_ros_robot_interaction/lib:/home/akinsantos/ws_moveit/install/moveit_ros_perception/lib:/home/akinsantos/ws_moveit/install/moveit_ros_move_group/lib:/home/akinsantos/ws_moveit/install/moveit_planners_ompl/lib:/home/akinsantos/ws_moveit/install/moveit_ros_planning/lib:/home/akinsantos/ws_moveit/install/moveit_ros_occupancy_map_monitor/lib:/home/akinsantos/ws_moveit/install/moveit_resources_prbt_ikfast_manipulator_plugin/lib:/home/akinsantos/ws_moveit/install/moveit_planners_chomp/lib:/home/akinsantos/ws_moveit/install/moveit_kinematics/lib:/home/akinsantos/ws_moveit/install/moveit_chomp_optimizer_adapter/lib:/home/akinsantos/ws_moveit/install/chomp_motion_planner/lib:/home/akinsantos/ws_moveit/install/moveit_core/lib:/home/akinsantos/ws_moveit/install/srdfdom/lib:/home/akinsantos/ws_moveit/install/rviz_marker_tools/lib:/home/akinsantos/ws_moveit/install/rosparam_shortcuts/lib:/home/akinsantos/ws_moveit/install/moveit_task_constructor_msgs/lib:/opt/ros/humble/opt/rviz_ogre_vendor/lib:/opt/ros/humble/lib/x86_64-linux-gnu:/opt/ros/humble/lib /usr/bin/cmake --install /home/akinsantos/minipulator_ws/build/dynamixel_hardware
[0.563s] Level 1:colcon.colcon_core.environment:create_environment_scripts_only(dynamixel_workbench)
[0.563s] Level 1:colcon.colcon_core.environment:checking '/home/akinsantos/minipulator_ws/install/dynamixel_workbench' for CMake module files
[0.564s] Level 1:colcon.colcon_core.environment:checking '/home/akinsantos/minipulator_ws/install/dynamixel_workbench' for CMake config files
[0.564s] Level 1:colcon.colcon_core.shell:create_environment_hook('dynamixel_workbench', 'cmake_prefix_path')
[0.565s] INFO:colcon.colcon_core.shell:Creating environment hook '/home/akinsantos/minipulator_ws/install/dynamixel_workbench/share/dynamixel_workbench/hook/cmake_prefix_path.ps1'
[0.565s] INFO:colcon.colcon_core.shell:Creating environment descriptor '/home/akinsantos/minipulator_ws/install/dynamixel_workbench/share/dynamixel_workbench/hook/cmake_prefix_path.dsv'
[0.566s] INFO:colcon.colcon_core.shell:Creating environment hook '/home/akinsantos/minipulator_ws/install/dynamixel_workbench/share/dynamixel_workbench/hook/cmake_prefix_path.sh'
[0.568s] DEBUG:colcon.colcon_core.event_handler.log_command:Invoked command in '/home/akinsantos/minipulator_ws/build/dynamixel_workbench' returned '0': CMAKE_PREFIX_PATH=/home/akinsantos/minipulator_ws/install/dynamixel_workbench_toolbox:/home/akinsantos/minipulator_ws/install/phantomx_reactor_arm_moveit2_config:/home/akinsantos/minipulator_ws/install/movevit2_test:/home/akinsantos/minipulator_ws/install/phantomx_reactor_arm_description:/home/akinsantos/minipulator_ws/install/open_manipulator_pro_gazebo:/home/akinsantos/minipulator_ws/install/dynamixel_workbench:/home/akinsantos/minipulator_ws/install/dynamixel_hardware:/home/akinsantos/minipulator_ws/install/dynamixel_workbench_msgs:/home/akinsantos/ws_moveit/install/pilz_industrial_motion_planner_testutils:/home/akinsantos/ws_moveit/install/moveit_runtime:/home/akinsantos/ws_moveit/install/moveit2_tutorials:/home/akinsantos/ws_moveit/install/moveit:/home/akinsantos/ws_moveit/install/moveit_planners:/home/akinsantos/ws_moveit/install/pilz_industrial_motion_planner:/home/akinsantos/ws_moveit/install/moveit_visual_tools:/home/akinsantos/ws_moveit/install/moveit_task_constructor_visualization:/home/akinsantos/ws_moveit/install/moveit_task_constructor_demo:/home/akinsantos/ws_moveit/install/moveit_task_constructor_capabilities:/home/akinsantos/ws_moveit/install/moveit_task_constructor_core:/home/akinsantos/ws_moveit/install/moveit_ros_control_interface:/home/akinsantos/ws_moveit/install/moveit_plugins:/home/akinsantos/ws_moveit/install/moveit_simple_controller_manager:/home/akinsantos/ws_moveit/install/moveit_setup_assistant:/home/akinsantos/ws_moveit/install/moveit_setup_srdf_plugins:/home/akinsantos/ws_moveit/install/moveit_setup_core_plugins:/home/akinsantos/ws_moveit/install/moveit_setup_controllers:/home/akinsantos/ws_moveit/install/moveit_setup_app_plugins:/home/akinsantos/ws_moveit/install/moveit_setup_framework:/home/akinsantos/ws_moveit/install/moveit_servo:/home/akinsantos/ws_moveit/install/moveit_ros:/home/akinsantos/ws_moveit/install/moveit_ros_visualization:/home/akinsantos/ws_moveit/install/moveit_hybrid_planning:/home/akinsantos/ws_moveit/install/moveit_ros_planning_interface:/home/akinsantos/ws_moveit/install/moveit_ros_benchmarks:/home/akinsantos/ws_moveit/install/moveit_ros_warehouse:/home/akinsantos/ws_moveit/install/moveit_ros_robot_interaction:/home/akinsantos/ws_moveit/install/moveit_ros_perception:/home/akinsantos/ws_moveit/install/moveit_resources_prbt_pg70_support:/home/akinsantos/ws_moveit/install/moveit_resources_prbt_moveit_config:/home/akinsantos/ws_moveit/install/moveit_ros_move_group:/home/akinsantos/ws_moveit/install/moveit_planners_ompl:/home/akinsantos/ws_moveit/install/moveit_ros_planning:/home/akinsantos/ws_moveit/install/moveit_ros_occupancy_map_monitor:/home/akinsantos/ws_moveit/install/moveit_resources_prbt_ikfast_manipulator_plugin:/home/akinsantos/ws_moveit/install/moveit_planners_chomp:/home/akinsantos/ws_moveit/install/moveit_kinematics:/home/akinsantos/ws_moveit/install/moveit_chomp_optimizer_adapter:/home/akinsantos/ws_moveit/install/chomp_motion_planner:/home/akinsantos/ws_moveit/install/moveit_core:/home/akinsantos/ws_moveit/install/srdfdom:/home/akinsantos/ws_moveit/install/rviz_marker_tools:/home/akinsantos/ws_moveit/install/rosparam_shortcuts:/home/akinsantos/ws_moveit/install/moveit_task_constructor_msgs:/home/akinsantos/ws_moveit/install/moveit_resources_prbt_support:/home/akinsantos/ws_moveit/install/moveit_resources:/home/akinsantos/ws_moveit/install/moveit_resources_pr2_description:/home/akinsantos/ws_moveit/install/moveit_resources_panda_moveit_config:/home/akinsantos/ws_moveit/install/moveit_resources_panda_description:/home/akinsantos/ws_moveit/install/moveit_resources_fanuc_moveit_config:/home/akinsantos/ws_moveit/install/moveit_resources_fanuc_description:/home/akinsantos/ws_moveit/install/moveit_common:/home/akinsantos/ws_moveit/install/moveit_configs_utils:/home/akinsantos/ws_moveit/install/launch_param_builder:/opt/ros/humble LD_LIBRARY_PATH=/home/akinsantos/minipulator_ws/install/dynamixel_workbench_toolbox/lib:/home/akinsantos/minipulator_ws/install/dynamixel_hardware/lib:/home/akinsantos/minipulator_ws/install/dynamixel_workbench_msgs/lib:/home/akinsantos/ws_moveit/install/pilz_industrial_motion_planner_testutils/lib:/home/akinsantos/ws_moveit/install/pilz_industrial_motion_planner/lib:/home/akinsantos/ws_moveit/install/moveit_visual_tools/lib:/home/akinsantos/ws_moveit/install/moveit_task_constructor_visualization/lib:/home/akinsantos/ws_moveit/install/moveit_task_constructor_demo/lib:/home/akinsantos/ws_moveit/install/moveit_task_constructor_capabilities/lib:/home/akinsantos/ws_moveit/install/moveit_task_constructor_core/lib:/home/akinsantos/ws_moveit/install/moveit_ros_control_interface/lib:/home/akinsantos/ws_moveit/install/moveit_simple_controller_manager/lib:/home/akinsantos/ws_moveit/install/moveit_setup_assistant/lib:/home/akinsantos/ws_moveit/install/moveit_setup_srdf_plugins/lib:/home/akinsantos/ws_moveit/install/moveit_setup_core_plugins/lib:/home/akinsantos/ws_moveit/install/moveit_setup_controllers/lib:/home/akinsantos/ws_moveit/install/moveit_setup_app_plugins/lib:/home/akinsantos/ws_moveit/install/moveit_setup_framework/lib:/home/akinsantos/ws_moveit/install/moveit_servo/lib:/home/akinsantos/ws_moveit/install/moveit_ros_visualization/lib:/home/akinsantos/ws_moveit/install/moveit_hybrid_planning/lib:/home/akinsantos/ws_moveit/install/moveit_ros_planning_interface/lib:/home/akinsantos/ws_moveit/install/moveit_ros_benchmarks/lib:/home/akinsantos/ws_moveit/install/moveit_ros_warehouse/lib:/home/akinsantos/ws_moveit/install/moveit_ros_robot_interaction/lib:/home/akinsantos/ws_moveit/install/moveit_ros_perception/lib:/home/akinsantos/ws_moveit/install/moveit_ros_move_group/lib:/home/akinsantos/ws_moveit/install/moveit_planners_ompl/lib:/home/akinsantos/ws_moveit/install/moveit_ros_planning/lib:/home/akinsantos/ws_moveit/install/moveit_ros_occupancy_map_monitor/lib:/home/akinsantos/ws_moveit/install/moveit_resources_prbt_ikfast_manipulator_plugin/lib:/home/akinsantos/ws_moveit/install/moveit_planners_chomp/lib:/home/akinsantos/ws_moveit/install/moveit_kinematics/lib:/home/akinsantos/ws_moveit/install/moveit_chomp_optimizer_adapter/lib:/home/akinsantos/ws_moveit/install/chomp_motion_planner/lib:/home/akinsantos/ws_moveit/install/moveit_core/lib:/home/akinsantos/ws_moveit/install/srdfdom/lib:/home/akinsantos/ws_moveit/install/rviz_marker_tools/lib:/home/akinsantos/ws_moveit/install/rosparam_shortcuts/lib:/home/akinsantos/ws_moveit/install/moveit_task_constructor_msgs/lib:/opt/ros/humble/opt/rviz_ogre_vendor/lib:/opt/ros/humble/lib/x86_64-linux-gnu:/opt/ros/humble/lib /usr/bin/cmake --install /home/akinsantos/minipulator_ws/build/dynamixel_workbench
[0.569s] Level 1:colcon.colcon_core.environment:checking '/home/akinsantos/minipulator_ws/install/dynamixel_workbench/bin'
[0.569s] Level 1:colcon.colcon_core.environment:checking '/home/akinsantos/minipulator_ws/install/dynamixel_workbench/lib/pkgconfig/dynamixel_workbench.pc'
[0.569s] Level 1:colcon.colcon_core.environment:checking '/home/akinsantos/minipulator_ws/install/dynamixel_workbench/lib/python3.10/site-packages'
[0.569s] Level 1:colcon.colcon_core.environment:checking '/home/akinsantos/minipulator_ws/install/dynamixel_workbench/bin'
[0.569s] INFO:colcon.colcon_core.shell:Creating package script '/home/akinsantos/minipulator_ws/install/dynamixel_workbench/share/dynamixel_workbench/package.ps1'
[0.570s] INFO:colcon.colcon_core.shell:Creating package descriptor '/home/akinsantos/minipulator_ws/install/dynamixel_workbench/share/dynamixel_workbench/package.dsv'
[0.571s] INFO:colcon.colcon_core.shell:Creating package script '/home/akinsantos/minipulator_ws/install/dynamixel_workbench/share/dynamixel_workbench/package.sh'
[0.571s] INFO:colcon.colcon_core.shell:Creating package script '/home/akinsantos/minipulator_ws/install/dynamixel_workbench/share/dynamixel_workbench/package.bash'
[0.572s] INFO:colcon.colcon_core.shell:Creating package script '/home/akinsantos/minipulator_ws/install/dynamixel_workbench/share/dynamixel_workbench/package.zsh'
[0.572s] Level 1:colcon.colcon_core.environment:create_file_with_runtime_dependencies(/home/akinsantos/minipulator_ws/install/dynamixel_workbench/share/colcon-core/packages/dynamixel_workbench)
[0.572s] Level 1:colcon.colcon_core.environment:create_environment_scripts_only(dynamixel_workbench)
[0.573s] Level 1:colcon.colcon_core.environment:checking '/home/akinsantos/minipulator_ws/install/dynamixel_workbench' for CMake module files
[0.573s] Level 1:colcon.colcon_core.environment:checking '/home/akinsantos/minipulator_ws/install/dynamixel_workbench' for CMake config files
[0.573s] Level 1:colcon.colcon_core.shell:create_environment_hook('dynamixel_workbench', 'cmake_prefix_path')
[0.573s] INFO:colcon.colcon_core.shell:Creating environment hook '/home/akinsantos/minipulator_ws/install/dynamixel_workbench/share/dynamixel_workbench/hook/cmake_prefix_path.ps1'
[0.573s] INFO:colcon.colcon_core.shell:Creating environment descriptor '/home/akinsantos/minipulator_ws/install/dynamixel_workbench/share/dynamixel_workbench/hook/cmake_prefix_path.dsv'
[0.574s] INFO:colcon.colcon_core.shell:Creating environment hook '/home/akinsantos/minipulator_ws/install/dynamixel_workbench/share/dynamixel_workbench/hook/cmake_prefix_path.sh'
[0.574s] Level 1:colcon.colcon_core.environment:checking '/home/akinsantos/minipulator_ws/install/dynamixel_workbench/bin'
[0.574s] Level 1:colcon.colcon_core.environment:checking '/home/akinsantos/minipulator_ws/install/dynamixel_workbench/lib/pkgconfig/dynamixel_workbench.pc'
[0.574s] Level 1:colcon.colcon_core.environment:checking '/home/akinsantos/minipulator_ws/install/dynamixel_workbench/lib/python3.10/site-packages'
[0.574s] Level 1:colcon.colcon_core.environment:checking '/home/akinsantos/minipulator_ws/install/dynamixel_workbench/bin'
[0.575s] INFO:colcon.colcon_core.shell:Creating package script '/home/akinsantos/minipulator_ws/install/dynamixel_workbench/share/dynamixel_workbench/package.ps1'
[0.575s] INFO:colcon.colcon_core.shell:Creating package descriptor '/home/akinsantos/minipulator_ws/install/dynamixel_workbench/share/dynamixel_workbench/package.dsv'
[0.575s] INFO:colcon.colcon_core.shell:Creating package script '/home/akinsantos/minipulator_ws/install/dynamixel_workbench/share/dynamixel_workbench/package.sh'
[0.576s] INFO:colcon.colcon_core.shell:Creating package script '/home/akinsantos/minipulator_ws/install/dynamixel_workbench/share/dynamixel_workbench/package.bash'
[0.576s] INFO:colcon.colcon_core.shell:Creating package script '/home/akinsantos/minipulator_ws/install/dynamixel_workbench/share/dynamixel_workbench/package.zsh'
[0.576s] Level 1:colcon.colcon_core.environment:create_file_with_runtime_dependencies(/home/akinsantos/minipulator_ws/install/dynamixel_workbench/share/colcon-core/packages/dynamixel_workbench)
[0.576s] Level 1:colcon.colcon_core.environment:create_environment_scripts_only(phantomx_reactor_arm_moveit2_config)
[0.577s] Level 1:colcon.colcon_core.environment:checking '/home/akinsantos/minipulator_ws/install/phantomx_reactor_arm_moveit2_config' for CMake module files
[0.577s] Level 1:colcon.colcon_core.environment:checking '/home/akinsantos/minipulator_ws/install/phantomx_reactor_arm_moveit2_config' for CMake config files
[0.577s] DEBUG:colcon.colcon_core.event_handler.log_command:Invoked command in '/home/akinsantos/minipulator_ws/build/phantomx_reactor_arm_moveit2_config' returned '0': CMAKE_PREFIX_PATH=/home/akinsantos/minipulator_ws/install/phantomx_reactor_arm_description:/home/akinsantos/minipulator_ws/install/phantomx_reactor_arm_moveit2_config:/home/akinsantos/minipulator_ws/install/movevit2_test:/home/akinsantos/minipulator_ws/install/open_manipulator_pro_gazebo:/home/akinsantos/minipulator_ws/install/dynamixel_workbench:/home/akinsantos/minipulator_ws/install/dynamixel_hardware:/home/akinsantos/minipulator_ws/install/dynamixel_workbench_toolbox:/home/akinsantos/minipulator_ws/install/dynamixel_workbench_msgs:/home/akinsantos/ws_moveit/install/pilz_industrial_motion_planner_testutils:/home/akinsantos/ws_moveit/install/moveit_runtime:/home/akinsantos/ws_moveit/install/moveit2_tutorials:/home/akinsantos/ws_moveit/install/moveit:/home/akinsantos/ws_moveit/install/moveit_planners:/home/akinsantos/ws_moveit/install/pilz_industrial_motion_planner:/home/akinsantos/ws_moveit/install/moveit_visual_tools:/home/akinsantos/ws_moveit/install/moveit_task_constructor_visualization:/home/akinsantos/ws_moveit/install/moveit_task_constructor_demo:/home/akinsantos/ws_moveit/install/moveit_task_constructor_capabilities:/home/akinsantos/ws_moveit/install/moveit_task_constructor_core:/home/akinsantos/ws_moveit/install/moveit_ros_control_interface:/home/akinsantos/ws_moveit/install/moveit_plugins:/home/akinsantos/ws_moveit/install/moveit_simple_controller_manager:/home/akinsantos/ws_moveit/install/moveit_setup_assistant:/home/akinsantos/ws_moveit/install/moveit_setup_srdf_plugins:/home/akinsantos/ws_moveit/install/moveit_setup_core_plugins:/home/akinsantos/ws_moveit/install/moveit_setup_controllers:/home/akinsantos/ws_moveit/install/moveit_setup_app_plugins:/home/akinsantos/ws_moveit/install/moveit_setup_framework:/home/akinsantos/ws_moveit/install/moveit_servo:/home/akinsantos/ws_moveit/install/moveit_ros:/home/akinsantos/ws_moveit/install/moveit_ros_visualization:/home/akinsantos/ws_moveit/install/moveit_hybrid_planning:/home/akinsantos/ws_moveit/install/moveit_ros_planning_interface:/home/akinsantos/ws_moveit/install/moveit_ros_benchmarks:/home/akinsantos/ws_moveit/install/moveit_ros_warehouse:/home/akinsantos/ws_moveit/install/moveit_ros_robot_interaction:/home/akinsantos/ws_moveit/install/moveit_ros_perception:/home/akinsantos/ws_moveit/install/moveit_resources_prbt_pg70_support:/home/akinsantos/ws_moveit/install/moveit_resources_prbt_moveit_config:/home/akinsantos/ws_moveit/install/moveit_ros_move_group:/home/akinsantos/ws_moveit/install/moveit_planners_ompl:/home/akinsantos/ws_moveit/install/moveit_ros_planning:/home/akinsantos/ws_moveit/install/moveit_ros_occupancy_map_monitor:/home/akinsantos/ws_moveit/install/moveit_resources_prbt_ikfast_manipulator_plugin:/home/akinsantos/ws_moveit/install/moveit_planners_chomp:/home/akinsantos/ws_moveit/install/moveit_kinematics:/home/akinsantos/ws_moveit/install/moveit_chomp_optimizer_adapter:/home/akinsantos/ws_moveit/install/chomp_motion_planner:/home/akinsantos/ws_moveit/install/moveit_core:/home/akinsantos/ws_moveit/install/srdfdom:/home/akinsantos/ws_moveit/install/rviz_marker_tools:/home/akinsantos/ws_moveit/install/rosparam_shortcuts:/home/akinsantos/ws_moveit/install/moveit_task_constructor_msgs:/home/akinsantos/ws_moveit/install/moveit_resources_prbt_support:/home/akinsantos/ws_moveit/install/moveit_resources:/home/akinsantos/ws_moveit/install/moveit_resources_pr2_description:/home/akinsantos/ws_moveit/install/moveit_resources_panda_moveit_config:/home/akinsantos/ws_moveit/install/moveit_resources_panda_description:/home/akinsantos/ws_moveit/install/moveit_resources_fanuc_moveit_config:/home/akinsantos/ws_moveit/install/moveit_resources_fanuc_description:/home/akinsantos/ws_moveit/install/moveit_common:/home/akinsantos/ws_moveit/install/moveit_configs_utils:/home/akinsantos/ws_moveit/install/launch_param_builder:/opt/ros/humble /usr/bin/cmake --install /home/akinsantos/minipulator_ws/build/phantomx_reactor_arm_moveit2_config
[0.578s] Level 1:colcon.colcon_core.shell:create_environment_hook('phantomx_reactor_arm_moveit2_config', 'cmake_prefix_path')
[0.578s] INFO:colcon.colcon_core.shell:Creating environment hook '/home/akinsantos/minipulator_ws/install/phantomx_reactor_arm_moveit2_config/share/phantomx_reactor_arm_moveit2_config/hook/cmake_prefix_path.ps1'
[0.578s] INFO:colcon.colcon_core.shell:Creating environment descriptor '/home/akinsantos/minipulator_ws/install/phantomx_reactor_arm_moveit2_config/share/phantomx_reactor_arm_moveit2_config/hook/cmake_prefix_path.dsv'
[0.578s] INFO:colcon.colcon_core.shell:Creating environment hook '/home/akinsantos/minipulator_ws/install/phantomx_reactor_arm_moveit2_config/share/phantomx_reactor_arm_moveit2_config/hook/cmake_prefix_path.sh'
[0.579s] Level 1:colcon.colcon_core.environment:checking '/home/akinsantos/minipulator_ws/install/phantomx_reactor_arm_moveit2_config/bin'
[0.579s] Level 1:colcon.colcon_core.environment:checking '/home/akinsantos/minipulator_ws/install/phantomx_reactor_arm_moveit2_config/lib/pkgconfig/phantomx_reactor_arm_moveit2_config.pc'
[0.579s] Level 1:colcon.colcon_core.environment:checking '/home/akinsantos/minipulator_ws/install/phantomx_reactor_arm_moveit2_config/lib/python3.10/site-packages'
[0.579s] Level 1:colcon.colcon_core.environment:checking '/home/akinsantos/minipulator_ws/install/phantomx_reactor_arm_moveit2_config/bin'
[0.579s] INFO:colcon.colcon_core.shell:Creating package script '/home/akinsantos/minipulator_ws/install/phantomx_reactor_arm_moveit2_config/share/phantomx_reactor_arm_moveit2_config/package.ps1'
[0.580s] INFO:colcon.colcon_core.shell:Creating package descriptor '/home/akinsantos/minipulator_ws/install/phantomx_reactor_arm_moveit2_config/share/phantomx_reactor_arm_moveit2_config/package.dsv'
[0.580s] INFO:colcon.colcon_core.shell:Creating package script '/home/akinsantos/minipulator_ws/install/phantomx_reactor_arm_moveit2_config/share/phantomx_reactor_arm_moveit2_config/package.sh'
[0.580s] INFO:colcon.colcon_core.shell:Creating package script '/home/akinsantos/minipulator_ws/install/phantomx_reactor_arm_moveit2_config/share/phantomx_reactor_arm_moveit2_config/package.bash'
[0.580s] INFO:colcon.colcon_core.shell:Creating package script '/home/akinsantos/minipulator_ws/install/phantomx_reactor_arm_moveit2_config/share/phantomx_reactor_arm_moveit2_config/package.zsh'
[0.581s] Level 1:colcon.colcon_core.environment:create_file_with_runtime_dependencies(/home/akinsantos/minipulator_ws/install/phantomx_reactor_arm_moveit2_config/share/colcon-core/packages/phantomx_reactor_arm_moveit2_config)
[0.581s] Level 1:colcon.colcon_core.environment:create_environment_scripts_only(phantomx_reactor_arm_moveit2_config)
[0.581s] Level 1:colcon.colcon_core.environment:checking '/home/akinsantos/minipulator_ws/install/phantomx_reactor_arm_moveit2_config' for CMake module files
[0.581s] Level 1:colcon.colcon_core.environment:checking '/home/akinsantos/minipulator_ws/install/phantomx_reactor_arm_moveit2_config' for CMake config files
[0.582s] Level 1:colcon.colcon_core.shell:create_environment_hook('phantomx_reactor_arm_moveit2_config', 'cmake_prefix_path')
[0.582s] INFO:colcon.colcon_core.shell:Creating environment hook '/home/akinsantos/minipulator_ws/install/phantomx_reactor_arm_moveit2_config/share/phantomx_reactor_arm_moveit2_config/hook/cmake_prefix_path.ps1'
[0.582s] INFO:colcon.colcon_core.shell:Creating environment descriptor '/home/akinsantos/minipulator_ws/install/phantomx_reactor_arm_moveit2_config/share/phantomx_reactor_arm_moveit2_config/hook/cmake_prefix_path.dsv'
[0.582s] INFO:colcon.colcon_core.shell:Creating environment hook '/home/akinsantos/minipulator_ws/install/phantomx_reactor_arm_moveit2_config/share/phantomx_reactor_arm_moveit2_config/hook/cmake_prefix_path.sh'
[0.583s] Level 1:colcon.colcon_core.environment:checking '/home/akinsantos/minipulator_ws/install/phantomx_reactor_arm_moveit2_config/bin'
[0.583s] Level 1:colcon.colcon_core.environment:checking '/home/akinsantos/minipulator_ws/install/phantomx_reactor_arm_moveit2_config/lib/pkgconfig/phantomx_reactor_arm_moveit2_config.pc'
[0.583s] Level 1:colcon.colcon_core.environment:checking '/home/akinsantos/minipulator_ws/install/phantomx_reactor_arm_moveit2_config/lib/python3.10/site-packages'
[0.583s] Level 1:colcon.colcon_core.environment:checking '/home/akinsantos/minipulator_ws/install/phantomx_reactor_arm_moveit2_config/bin'
[0.583s] INFO:colcon.colcon_core.shell:Creating package script '/home/akinsantos/minipulator_ws/install/phantomx_reactor_arm_moveit2_config/share/phantomx_reactor_arm_moveit2_config/package.ps1'
[0.583s] INFO:colcon.colcon_core.shell:Creating package descriptor '/home/akinsantos/minipulator_ws/install/phantomx_reactor_arm_moveit2_config/share/phantomx_reactor_arm_moveit2_config/package.dsv'
[0.584s] INFO:colcon.colcon_core.shell:Creating package script '/home/akinsantos/minipulator_ws/install/phantomx_reactor_arm_moveit2_config/share/phantomx_reactor_arm_moveit2_config/package.sh'
[0.584s] INFO:colcon.colcon_core.shell:Creating package script '/home/akinsantos/minipulator_ws/install/phantomx_reactor_arm_moveit2_config/share/phantomx_reactor_arm_moveit2_config/package.bash'
[0.584s] INFO:colcon.colcon_core.shell:Creating package script '/home/akinsantos/minipulator_ws/install/phantomx_reactor_arm_moveit2_config/share/phantomx_reactor_arm_moveit2_config/package.zsh'
[0.585s] Level 1:colcon.colcon_core.environment:create_file_with_runtime_dependencies(/home/akinsantos/minipulator_ws/install/phantomx_reactor_arm_moveit2_config/share/colcon-core/packages/phantomx_reactor_arm_moveit2_config)
[0.585s] Level 1:colcon.colcon_core.environment:create_environment_scripts_only(dynamixel_hardware)
[0.585s] Level 1:colcon.colcon_core.environment:checking '/home/akinsantos/minipulator_ws/install/dynamixel_hardware' for CMake module files
[0.586s] DEBUG:colcon.colcon_core.event_handler.log_command:Invoked command in '/home/akinsantos/minipulator_ws/build/dynamixel_hardware' returned '0': CMAKE_PREFIX_PATH=/home/akinsantos/minipulator_ws/install/dynamixel_workbench_toolbox:/home/akinsantos/minipulator_ws/install/phantomx_reactor_arm_moveit2_config:/home/akinsantos/minipulator_ws/install/movevit2_test:/home/akinsantos/minipulator_ws/install/phantomx_reactor_arm_description:/home/akinsantos/minipulator_ws/install/open_manipulator_pro_gazebo:/home/akinsantos/minipulator_ws/install/dynamixel_workbench:/home/akinsantos/minipulator_ws/install/dynamixel_hardware:/home/akinsantos/minipulator_ws/install/dynamixel_workbench_msgs:/home/akinsantos/ws_moveit/install/pilz_industrial_motion_planner_testutils:/home/akinsantos/ws_moveit/install/moveit_runtime:/home/akinsantos/ws_moveit/install/moveit2_tutorials:/home/akinsantos/ws_moveit/install/moveit:/home/akinsantos/ws_moveit/install/moveit_planners:/home/akinsantos/ws_moveit/install/pilz_industrial_motion_planner:/home/akinsantos/ws_moveit/install/moveit_visual_tools:/home/akinsantos/ws_moveit/install/moveit_task_constructor_visualization:/home/akinsantos/ws_moveit/install/moveit_task_constructor_demo:/home/akinsantos/ws_moveit/install/moveit_task_constructor_capabilities:/home/akinsantos/ws_moveit/install/moveit_task_constructor_core:/home/akinsantos/ws_moveit/install/moveit_ros_control_interface:/home/akinsantos/ws_moveit/install/moveit_plugins:/home/akinsantos/ws_moveit/install/moveit_simple_controller_manager:/home/akinsantos/ws_moveit/install/moveit_setup_assistant:/home/akinsantos/ws_moveit/install/moveit_setup_srdf_plugins:/home/akinsantos/ws_moveit/install/moveit_setup_core_plugins:/home/akinsantos/ws_moveit/install/moveit_setup_controllers:/home/akinsantos/ws_moveit/install/moveit_setup_app_plugins:/home/akinsantos/ws_moveit/install/moveit_setup_framework:/home/akinsantos/ws_moveit/install/moveit_servo:/home/akinsantos/ws_moveit/install/moveit_ros:/home/akinsantos/ws_moveit/install/moveit_ros_visualization:/home/akinsantos/ws_moveit/install/moveit_hybrid_planning:/home/akinsantos/ws_moveit/install/moveit_ros_planning_interface:/home/akinsantos/ws_moveit/install/moveit_ros_benchmarks:/home/akinsantos/ws_moveit/install/moveit_ros_warehouse:/home/akinsantos/ws_moveit/install/moveit_ros_robot_interaction:/home/akinsantos/ws_moveit/install/moveit_ros_perception:/home/akinsantos/ws_moveit/install/moveit_resources_prbt_pg70_support:/home/akinsantos/ws_moveit/install/moveit_resources_prbt_moveit_config:/home/akinsantos/ws_moveit/install/moveit_ros_move_group:/home/akinsantos/ws_moveit/install/moveit_planners_ompl:/home/akinsantos/ws_moveit/install/moveit_ros_planning:/home/akinsantos/ws_moveit/install/moveit_ros_occupancy_map_monitor:/home/akinsantos/ws_moveit/install/moveit_resources_prbt_ikfast_manipulator_plugin:/home/akinsantos/ws_moveit/install/moveit_planners_chomp:/home/akinsantos/ws_moveit/install/moveit_kinematics:/home/akinsantos/ws_moveit/install/moveit_chomp_optimizer_adapter:/home/akinsantos/ws_moveit/install/chomp_motion_planner:/home/akinsantos/ws_moveit/install/moveit_core:/home/akinsantos/ws_moveit/install/srdfdom:/home/akinsantos/ws_moveit/install/rviz_marker_tools:/home/akinsantos/ws_moveit/install/rosparam_shortcuts:/home/akinsantos/ws_moveit/install/moveit_task_constructor_msgs:/home/akinsantos/ws_moveit/install/moveit_resources_prbt_support:/home/akinsantos/ws_moveit/install/moveit_resources:/home/akinsantos/ws_moveit/install/moveit_resources_pr2_description:/home/akinsantos/ws_moveit/install/moveit_resources_panda_moveit_config:/home/akinsantos/ws_moveit/install/moveit_resources_panda_description:/home/akinsantos/ws_moveit/install/moveit_resources_fanuc_moveit_config:/home/akinsantos/ws_moveit/install/moveit_resources_fanuc_description:/home/akinsantos/ws_moveit/install/moveit_common:/home/akinsantos/ws_moveit/install/moveit_configs_utils:/home/akinsantos/ws_moveit/install/launch_param_builder:/opt/ros/humble LD_LIBRARY_PATH=/home/akinsantos/minipulator_ws/install/dynamixel_workbench_toolbox/lib:/home/akinsantos/minipulator_ws/install/dynamixel_hardware/lib:/home/akinsantos/minipulator_ws/install/dynamixel_workbench_msgs/lib:/home/akinsantos/ws_moveit/install/pilz_industrial_motion_planner_testutils/lib:/home/akinsantos/ws_moveit/install/pilz_industrial_motion_planner/lib:/home/akinsantos/ws_moveit/install/moveit_visual_tools/lib:/home/akinsantos/ws_moveit/install/moveit_task_constructor_visualization/lib:/home/akinsantos/ws_moveit/install/moveit_task_constructor_demo/lib:/home/akinsantos/ws_moveit/install/moveit_task_constructor_capabilities/lib:/home/akinsantos/ws_moveit/install/moveit_task_constructor_core/lib:/home/akinsantos/ws_moveit/install/moveit_ros_control_interface/lib:/home/akinsantos/ws_moveit/install/moveit_simple_controller_manager/lib:/home/akinsantos/ws_moveit/install/moveit_setup_assistant/lib:/home/akinsantos/ws_moveit/install/moveit_setup_srdf_plugins/lib:/home/akinsantos/ws_moveit/install/moveit_setup_core_plugins/lib:/home/akinsantos/ws_moveit/install/moveit_setup_controllers/lib:/home/akinsantos/ws_moveit/install/moveit_setup_app_plugins/lib:/home/akinsantos/ws_moveit/install/moveit_setup_framework/lib:/home/akinsantos/ws_moveit/install/moveit_servo/lib:/home/akinsantos/ws_moveit/install/moveit_ros_visualization/lib:/home/akinsantos/ws_moveit/install/moveit_hybrid_planning/lib:/home/akinsantos/ws_moveit/install/moveit_ros_planning_interface/lib:/home/akinsantos/ws_moveit/install/moveit_ros_benchmarks/lib:/home/akinsantos/ws_moveit/install/moveit_ros_warehouse/lib:/home/akinsantos/ws_moveit/install/moveit_ros_robot_interaction/lib:/home/akinsantos/ws_moveit/install/moveit_ros_perception/lib:/home/akinsantos/ws_moveit/install/moveit_ros_move_group/lib:/home/akinsantos/ws_moveit/install/moveit_planners_ompl/lib:/home/akinsantos/ws_moveit/install/moveit_ros_planning/lib:/home/akinsantos/ws_moveit/install/moveit_ros_occupancy_map_monitor/lib:/home/akinsantos/ws_moveit/install/moveit_resources_prbt_ikfast_manipulator_plugin/lib:/home/akinsantos/ws_moveit/install/moveit_planners_chomp/lib:/home/akinsantos/ws_moveit/install/moveit_kinematics/lib:/home/akinsantos/ws_moveit/install/moveit_chomp_optimizer_adapter/lib:/home/akinsantos/ws_moveit/install/chomp_motion_planner/lib:/home/akinsantos/ws_moveit/install/moveit_core/lib:/home/akinsantos/ws_moveit/install/srdfdom/lib:/home/akinsantos/ws_moveit/install/rviz_marker_tools/lib:/home/akinsantos/ws_moveit/install/rosparam_shortcuts/lib:/home/akinsantos/ws_moveit/install/moveit_task_constructor_msgs/lib:/opt/ros/humble/opt/rviz_ogre_vendor/lib:/opt/ros/humble/lib/x86_64-linux-gnu:/opt/ros/humble/lib /usr/bin/cmake --install /home/akinsantos/minipulator_ws/build/dynamixel_hardware
[0.586s] Level 1:colcon.colcon_core.environment:checking '/home/akinsantos/minipulator_ws/install/dynamixel_hardware' for CMake config files
[0.586s] Level 1:colcon.colcon_core.shell:create_environment_hook('dynamixel_hardware', 'cmake_prefix_path')
[0.586s] INFO:colcon.colcon_core.shell:Creating environment hook '/home/akinsantos/minipulator_ws/install/dynamixel_hardware/share/dynamixel_hardware/hook/cmake_prefix_path.ps1'
[0.587s] INFO:colcon.colcon_core.shell:Creating environment descriptor '/home/akinsantos/minipulator_ws/install/dynamixel_hardware/share/dynamixel_hardware/hook/cmake_prefix_path.dsv'
[0.587s] INFO:colcon.colcon_core.shell:Creating environment hook '/home/akinsantos/minipulator_ws/install/dynamixel_hardware/share/dynamixel_hardware/hook/cmake_prefix_path.sh'
[0.587s] Level 1:colcon.colcon_core.environment:checking '/home/akinsantos/minipulator_ws/install/dynamixel_hardware/lib'
[0.587s] Level 1:colcon.colcon_core.shell:create_environment_hook('dynamixel_hardware', 'ld_library_path_lib')
[0.588s] INFO:colcon.colcon_core.shell:Creating environment hook '/home/akinsantos/minipulator_ws/install/dynamixel_hardware/share/dynamixel_hardware/hook/ld_library_path_lib.ps1'
[0.588s] INFO:colcon.colcon_core.shell:Creating environment descriptor '/home/akinsantos/minipulator_ws/install/dynamixel_hardware/share/dynamixel_hardware/hook/ld_library_path_lib.dsv'
[0.588s] INFO:colcon.colcon_core.shell:Creating environment hook '/home/akinsantos/minipulator_ws/install/dynamixel_hardware/share/dynamixel_hardware/hook/ld_library_path_lib.sh'
[0.588s] Level 1:colcon.colcon_core.environment:checking '/home/akinsantos/minipulator_ws/install/dynamixel_hardware/bin'
[0.588s] Level 1:colcon.colcon_core.environment:checking '/home/akinsantos/minipulator_ws/install/dynamixel_hardware/lib/pkgconfig/dynamixel_hardware.pc'
[0.589s] Level 1:colcon.colcon_core.environment:checking '/home/akinsantos/minipulator_ws/install/dynamixel_hardware/lib/python3.10/site-packages'
[0.589s] Level 1:colcon.colcon_core.environment:checking '/home/akinsantos/minipulator_ws/install/dynamixel_hardware/bin'
[0.589s] INFO:colcon.colcon_core.shell:Creating package script '/home/akinsantos/minipulator_ws/install/dynamixel_hardware/share/dynamixel_hardware/package.ps1'
[0.589s] INFO:colcon.colcon_core.shell:Creating package descriptor '/home/akinsantos/minipulator_ws/install/dynamixel_hardware/share/dynamixel_hardware/package.dsv'
[0.590s] INFO:colcon.colcon_core.shell:Creating package script '/home/akinsantos/minipulator_ws/install/dynamixel_hardware/share/dynamixel_hardware/package.sh'
[0.590s] INFO:colcon.colcon_core.shell:Creating package script '/home/akinsantos/minipulator_ws/install/dynamixel_hardware/share/dynamixel_hardware/package.bash'
[0.590s] INFO:colcon.colcon_core.shell:Creating package script '/home/akinsantos/minipulator_ws/install/dynamixel_hardware/share/dynamixel_hardware/package.zsh'
[0.590s] Level 1:colcon.colcon_core.environment:create_file_with_runtime_dependencies(/home/akinsantos/minipulator_ws/install/dynamixel_hardware/share/colcon-core/packages/dynamixel_hardware)
[0.591s] Level 1:colcon.colcon_core.environment:create_environment_scripts_only(dynamixel_hardware)
[0.591s] Level 1:colcon.colcon_core.environment:checking '/home/akinsantos/minipulator_ws/install/dynamixel_hardware' for CMake module files
[0.591s] Level 1:colcon.colcon_core.environment:checking '/home/akinsantos/minipulator_ws/install/dynamixel_hardware' for CMake config files
[0.591s] Level 1:colcon.colcon_core.shell:create_environment_hook('dynamixel_hardware', 'cmake_prefix_path')
[0.592s] INFO:colcon.colcon_core.shell:Creating environment hook '/home/akinsantos/minipulator_ws/install/dynamixel_hardware/share/dynamixel_hardware/hook/cmake_prefix_path.ps1'
[0.592s] INFO:colcon.colcon_core.shell:Creating environment descriptor '/home/akinsantos/minipulator_ws/install/dynamixel_hardware/share/dynamixel_hardware/hook/cmake_prefix_path.dsv'
[0.592s] INFO:colcon.colcon_core.shell:Creating environment hook '/home/akinsantos/minipulator_ws/install/dynamixel_hardware/share/dynamixel_hardware/hook/cmake_prefix_path.sh'
[0.592s] Level 1:colcon.colcon_core.environment:checking '/home/akinsantos/minipulator_ws/install/dynamixel_hardware/lib'
[0.593s] Level 1:colcon.colcon_core.shell:create_environment_hook('dynamixel_hardware', 'ld_library_path_lib')
[0.593s] INFO:colcon.colcon_core.shell:Creating environment hook '/home/akinsantos/minipulator_ws/install/dynamixel_hardware/share/dynamixel_hardware/hook/ld_library_path_lib.ps1'
[0.593s] INFO:colcon.colcon_core.shell:Creating environment descriptor '/home/akinsantos/minipulator_ws/install/dynamixel_hardware/share/dynamixel_hardware/hook/ld_library_path_lib.dsv'
[0.593s] INFO:colcon.colcon_core.shell:Creating environment hook '/home/akinsantos/minipulator_ws/install/dynamixel_hardware/share/dynamixel_hardware/hook/ld_library_path_lib.sh'
[0.594s] Level 1:colcon.colcon_core.environment:checking '/home/akinsantos/minipulator_ws/install/dynamixel_hardware/bin'
[0.594s] Level 1:colcon.colcon_core.environment:checking '/home/akinsantos/minipulator_ws/install/dynamixel_hardware/lib/pkgconfig/dynamixel_hardware.pc'
[0.594s] Level 1:colcon.colcon_core.environment:checking '/home/akinsantos/minipulator_ws/install/dynamixel_hardware/lib/python3.10/site-packages'
[0.594s] Level 1:colcon.colcon_core.environment:checking '/home/akinsantos/minipulator_ws/install/dynamixel_hardware/bin'
[0.594s] INFO:colcon.colcon_core.shell:Creating package script '/home/akinsantos/minipulator_ws/install/dynamixel_hardware/share/dynamixel_hardware/package.ps1'
[0.595s] INFO:colcon.colcon_core.shell:Creating package descriptor '/home/akinsantos/minipulator_ws/install/dynamixel_hardware/share/dynamixel_hardware/package.dsv'
[0.595s] INFO:colcon.colcon_core.shell:Creating package script '/home/akinsantos/minipulator_ws/install/dynamixel_hardware/share/dynamixel_hardware/package.sh'
[0.595s] INFO:colcon.colcon_core.shell:Creating package script '/home/akinsantos/minipulator_ws/install/dynamixel_hardware/share/dynamixel_hardware/package.bash'
[0.596s] INFO:colcon.colcon_core.shell:Creating package script '/home/akinsantos/minipulator_ws/install/dynamixel_hardware/share/dynamixel_hardware/package.zsh'
[0.596s] Level 1:colcon.colcon_core.environment:create_file_with_runtime_dependencies(/home/akinsantos/minipulator_ws/install/dynamixel_hardware/share/colcon-core/packages/dynamixel_hardware)
[0.676s] DEBUG:colcon.colcon_core.event_handler.log_command:Invoked command in '/home/akinsantos/minipulator_ws/build/dynamixel_workbench_msgs' returned '0': CMAKE_PREFIX_PATH=${CMAKE_PREFIX_PATH}:/home/akinsantos/ws_moveit/install/moveit_configs_utils:/home/akinsantos/ws_moveit/install/launch_param_builder:/opt/ros/humble /usr/bin/cmake --build /home/akinsantos/minipulator_ws/build/dynamixel_workbench_msgs -- -j8 -l8
[0.676s] DEBUG:colcon.colcon_core.event_handler.log_command:Invoking command in '/home/akinsantos/minipulator_ws/build/dynamixel_workbench_msgs': CMAKE_PREFIX_PATH=${CMAKE_PREFIX_PATH}:/home/akinsantos/ws_moveit/install/moveit_configs_utils:/home/akinsantos/ws_moveit/install/launch_param_builder:/opt/ros/humble /usr/bin/cmake --install /home/akinsantos/minipulator_ws/build/dynamixel_workbench_msgs
[0.708s] DEBUG:colcon.colcon_core.event_handler.log_command:Invoked command in '/home/akinsantos/minipulator_ws/build/movevit2_test' returned '0': CMAKE_PREFIX_PATH=/home/akinsantos/minipulator_ws/install/phantomx_reactor_arm_description:/home/akinsantos/minipulator_ws/install/phantomx_reactor_arm_moveit2_config:/home/akinsantos/minipulator_ws/install/movevit2_test:/home/akinsantos/minipulator_ws/install/open_manipulator_pro_gazebo:/home/akinsantos/minipulator_ws/install/dynamixel_workbench:/home/akinsantos/minipulator_ws/install/dynamixel_hardware:/home/akinsantos/minipulator_ws/install/dynamixel_workbench_toolbox:/home/akinsantos/minipulator_ws/install/dynamixel_workbench_msgs:/home/akinsantos/ws_moveit/install/pilz_industrial_motion_planner_testutils:/home/akinsantos/ws_moveit/install/moveit_runtime:/home/akinsantos/ws_moveit/install/moveit2_tutorials:/home/akinsantos/ws_moveit/install/moveit:/home/akinsantos/ws_moveit/install/moveit_planners:/home/akinsantos/ws_moveit/install/pilz_industrial_motion_planner:/home/akinsantos/ws_moveit/install/moveit_visual_tools:/home/akinsantos/ws_moveit/install/moveit_task_constructor_visualization:/home/akinsantos/ws_moveit/install/moveit_task_constructor_demo:/home/akinsantos/ws_moveit/install/moveit_task_constructor_capabilities:/home/akinsantos/ws_moveit/install/moveit_task_constructor_core:/home/akinsantos/ws_moveit/install/moveit_ros_control_interface:/home/akinsantos/ws_moveit/install/moveit_plugins:/home/akinsantos/ws_moveit/install/moveit_simple_controller_manager:/home/akinsantos/ws_moveit/install/moveit_setup_assistant:/home/akinsantos/ws_moveit/install/moveit_setup_srdf_plugins:/home/akinsantos/ws_moveit/install/moveit_setup_core_plugins:/home/akinsantos/ws_moveit/install/moveit_setup_controllers:/home/akinsantos/ws_moveit/install/moveit_setup_app_plugins:/home/akinsantos/ws_moveit/install/moveit_setup_framework:/home/akinsantos/ws_moveit/install/moveit_servo:/home/akinsantos/ws_moveit/install/moveit_ros:/home/akinsantos/ws_moveit/install/moveit_ros_visualization:/home/akinsantos/ws_moveit/install/moveit_hybrid_planning:/home/akinsantos/ws_moveit/install/moveit_ros_planning_interface:/home/akinsantos/ws_moveit/install/moveit_ros_benchmarks:/home/akinsantos/ws_moveit/install/moveit_ros_warehouse:/home/akinsantos/ws_moveit/install/moveit_ros_robot_interaction:/home/akinsantos/ws_moveit/install/moveit_ros_perception:/home/akinsantos/ws_moveit/install/moveit_resources_prbt_pg70_support:/home/akinsantos/ws_moveit/install/moveit_resources_prbt_moveit_config:/home/akinsantos/ws_moveit/install/moveit_ros_move_group:/home/akinsantos/ws_moveit/install/moveit_planners_ompl:/home/akinsantos/ws_moveit/install/moveit_ros_planning:/home/akinsantos/ws_moveit/install/moveit_ros_occupancy_map_monitor:/home/akinsantos/ws_moveit/install/moveit_resources_prbt_ikfast_manipulator_plugin:/home/akinsantos/ws_moveit/install/moveit_planners_chomp:/home/akinsantos/ws_moveit/install/moveit_kinematics:/home/akinsantos/ws_moveit/install/moveit_chomp_optimizer_adapter:/home/akinsantos/ws_moveit/install/chomp_motion_planner:/home/akinsantos/ws_moveit/install/moveit_core:/home/akinsantos/ws_moveit/install/srdfdom:/home/akinsantos/ws_moveit/install/rviz_marker_tools:/home/akinsantos/ws_moveit/install/rosparam_shortcuts:/home/akinsantos/ws_moveit/install/moveit_task_constructor_msgs:/home/akinsantos/ws_moveit/install/moveit_resources_prbt_support:/home/akinsantos/ws_moveit/install/moveit_resources:/home/akinsantos/ws_moveit/install/moveit_resources_pr2_description:/home/akinsantos/ws_moveit/install/moveit_resources_panda_moveit_config:/home/akinsantos/ws_moveit/install/moveit_resources_panda_description:/home/akinsantos/ws_moveit/install/moveit_resources_fanuc_moveit_config:/home/akinsantos/ws_moveit/install/moveit_resources_fanuc_description:/home/akinsantos/ws_moveit/install/moveit_common:/home/akinsantos/ws_moveit/install/moveit_configs_utils:/home/akinsantos/ws_moveit/install/launch_param_builder:/opt/ros/humble /usr/bin/cmake --build /home/akinsantos/minipulator_ws/build/movevit2_test -- -j8 -l8
[0.708s] DEBUG:colcon.colcon_core.event_handler.log_command:Invoking command in '/home/akinsantos/minipulator_ws/build/movevit2_test': CMAKE_PREFIX_PATH=/home/akinsantos/minipulator_ws/install/phantomx_reactor_arm_description:/home/akinsantos/minipulator_ws/install/phantomx_reactor_arm_moveit2_config:/home/akinsantos/minipulator_ws/install/movevit2_test:/home/akinsantos/minipulator_ws/install/open_manipulator_pro_gazebo:/home/akinsantos/minipulator_ws/install/dynamixel_workbench:/home/akinsantos/minipulator_ws/install/dynamixel_hardware:/home/akinsantos/minipulator_ws/install/dynamixel_workbench_toolbox:/home/akinsantos/minipulator_ws/install/dynamixel_workbench_msgs:/home/akinsantos/ws_moveit/install/pilz_industrial_motion_planner_testutils:/home/akinsantos/ws_moveit/install/moveit_runtime:/home/akinsantos/ws_moveit/install/moveit2_tutorials:/home/akinsantos/ws_moveit/install/moveit:/home/akinsantos/ws_moveit/install/moveit_planners:/home/akinsantos/ws_moveit/install/pilz_industrial_motion_planner:/home/akinsantos/ws_moveit/install/moveit_visual_tools:/home/akinsantos/ws_moveit/install/moveit_task_constructor_visualization:/home/akinsantos/ws_moveit/install/moveit_task_constructor_demo:/home/akinsantos/ws_moveit/install/moveit_task_constructor_capabilities:/home/akinsantos/ws_moveit/install/moveit_task_constructor_core:/home/akinsantos/ws_moveit/install/moveit_ros_control_interface:/home/akinsantos/ws_moveit/install/moveit_plugins:/home/akinsantos/ws_moveit/install/moveit_simple_controller_manager:/home/akinsantos/ws_moveit/install/moveit_setup_assistant:/home/akinsantos/ws_moveit/install/moveit_setup_srdf_plugins:/home/akinsantos/ws_moveit/install/moveit_setup_core_plugins:/home/akinsantos/ws_moveit/install/moveit_setup_controllers:/home/akinsantos/ws_moveit/install/moveit_setup_app_plugins:/home/akinsantos/ws_moveit/install/moveit_setup_framework:/home/akinsantos/ws_moveit/install/moveit_servo:/home/akinsantos/ws_moveit/install/moveit_ros:/home/akinsantos/ws_moveit/install/moveit_ros_visualization:/home/akinsantos/ws_moveit/install/moveit_hybrid_planning:/home/akinsantos/ws_moveit/install/moveit_ros_planning_interface:/home/akinsantos/ws_moveit/install/moveit_ros_benchmarks:/home/akinsantos/ws_moveit/install/moveit_ros_warehouse:/home/akinsantos/ws_moveit/install/moveit_ros_robot_interaction:/home/akinsantos/ws_moveit/install/moveit_ros_perception:/home/akinsantos/ws_moveit/install/moveit_resources_prbt_pg70_support:/home/akinsantos/ws_moveit/install/moveit_resources_prbt_moveit_config:/home/akinsantos/ws_moveit/install/moveit_ros_move_group:/home/akinsantos/ws_moveit/install/moveit_planners_ompl:/home/akinsantos/ws_moveit/install/moveit_ros_planning:/home/akinsantos/ws_moveit/install/moveit_ros_occupancy_map_monitor:/home/akinsantos/ws_moveit/install/moveit_resources_prbt_ikfast_manipulator_plugin:/home/akinsantos/ws_moveit/install/moveit_planners_chomp:/home/akinsantos/ws_moveit/install/moveit_kinematics:/home/akinsantos/ws_moveit/install/moveit_chomp_optimizer_adapter:/home/akinsantos/ws_moveit/install/chomp_motion_planner:/home/akinsantos/ws_moveit/install/moveit_core:/home/akinsantos/ws_moveit/install/srdfdom:/home/akinsantos/ws_moveit/install/rviz_marker_tools:/home/akinsantos/ws_moveit/install/rosparam_shortcuts:/home/akinsantos/ws_moveit/install/moveit_task_constructor_msgs:/home/akinsantos/ws_moveit/install/moveit_resources_prbt_support:/home/akinsantos/ws_moveit/install/moveit_resources:/home/akinsantos/ws_moveit/install/moveit_resources_pr2_description:/home/akinsantos/ws_moveit/install/moveit_resources_panda_moveit_config:/home/akinsantos/ws_moveit/install/moveit_resources_panda_description:/home/akinsantos/ws_moveit/install/moveit_resources_fanuc_moveit_config:/home/akinsantos/ws_moveit/install/moveit_resources_fanuc_description:/home/akinsantos/ws_moveit/install/moveit_common:/home/akinsantos/ws_moveit/install/moveit_configs_utils:/home/akinsantos/ws_moveit/install/launch_param_builder:/opt/ros/humble /usr/bin/cmake --install /home/akinsantos/minipulator_ws/build/movevit2_test
[0.710s] Level 1:colcon.colcon_core.environment:create_environment_scripts_only(movevit2_test)
[0.711s] Level 1:colcon.colcon_core.environment:checking '/home/akinsantos/minipulator_ws/install/movevit2_test' for CMake module files
[0.711s] DEBUG:colcon.colcon_core.event_handler.log_command:Invoked command in '/home/akinsantos/minipulator_ws/build/movevit2_test' returned '0': CMAKE_PREFIX_PATH=/home/akinsantos/minipulator_ws/install/phantomx_reactor_arm_description:/home/akinsantos/minipulator_ws/install/phantomx_reactor_arm_moveit2_config:/home/akinsantos/minipulator_ws/install/movevit2_test:/home/akinsantos/minipulator_ws/install/open_manipulator_pro_gazebo:/home/akinsantos/minipulator_ws/install/dynamixel_workbench:/home/akinsantos/minipulator_ws/install/dynamixel_hardware:/home/akinsantos/minipulator_ws/install/dynamixel_workbench_toolbox:/home/akinsantos/minipulator_ws/install/dynamixel_workbench_msgs:/home/akinsantos/ws_moveit/install/pilz_industrial_motion_planner_testutils:/home/akinsantos/ws_moveit/install/moveit_runtime:/home/akinsantos/ws_moveit/install/moveit2_tutorials:/home/akinsantos/ws_moveit/install/moveit:/home/akinsantos/ws_moveit/install/moveit_planners:/home/akinsantos/ws_moveit/install/pilz_industrial_motion_planner:/home/akinsantos/ws_moveit/install/moveit_visual_tools:/home/akinsantos/ws_moveit/install/moveit_task_constructor_visualization:/home/akinsantos/ws_moveit/install/moveit_task_constructor_demo:/home/akinsantos/ws_moveit/install/moveit_task_constructor_capabilities:/home/akinsantos/ws_moveit/install/moveit_task_constructor_core:/home/akinsantos/ws_moveit/install/moveit_ros_control_interface:/home/akinsantos/ws_moveit/install/moveit_plugins:/home/akinsantos/ws_moveit/install/moveit_simple_controller_manager:/home/akinsantos/ws_moveit/install/moveit_setup_assistant:/home/akinsantos/ws_moveit/install/moveit_setup_srdf_plugins:/home/akinsantos/ws_moveit/install/moveit_setup_core_plugins:/home/akinsantos/ws_moveit/install/moveit_setup_controllers:/home/akinsantos/ws_moveit/install/moveit_setup_app_plugins:/home/akinsantos/ws_moveit/install/moveit_setup_framework:/home/akinsantos/ws_moveit/install/moveit_servo:/home/akinsantos/ws_moveit/install/moveit_ros:/home/akinsantos/ws_moveit/install/moveit_ros_visualization:/home/akinsantos/ws_moveit/install/moveit_hybrid_planning:/home/akinsantos/ws_moveit/install/moveit_ros_planning_interface:/home/akinsantos/ws_moveit/install/moveit_ros_benchmarks:/home/akinsantos/ws_moveit/install/moveit_ros_warehouse:/home/akinsantos/ws_moveit/install/moveit_ros_robot_interaction:/home/akinsantos/ws_moveit/install/moveit_ros_perception:/home/akinsantos/ws_moveit/install/moveit_resources_prbt_pg70_support:/home/akinsantos/ws_moveit/install/moveit_resources_prbt_moveit_config:/home/akinsantos/ws_moveit/install/moveit_ros_move_group:/home/akinsantos/ws_moveit/install/moveit_planners_ompl:/home/akinsantos/ws_moveit/install/moveit_ros_planning:/home/akinsantos/ws_moveit/install/moveit_ros_occupancy_map_monitor:/home/akinsantos/ws_moveit/install/moveit_resources_prbt_ikfast_manipulator_plugin:/home/akinsantos/ws_moveit/install/moveit_planners_chomp:/home/akinsantos/ws_moveit/install/moveit_kinematics:/home/akinsantos/ws_moveit/install/moveit_chomp_optimizer_adapter:/home/akinsantos/ws_moveit/install/chomp_motion_planner:/home/akinsantos/ws_moveit/install/moveit_core:/home/akinsantos/ws_moveit/install/srdfdom:/home/akinsantos/ws_moveit/install/rviz_marker_tools:/home/akinsantos/ws_moveit/install/rosparam_shortcuts:/home/akinsantos/ws_moveit/install/moveit_task_constructor_msgs:/home/akinsantos/ws_moveit/install/moveit_resources_prbt_support:/home/akinsantos/ws_moveit/install/moveit_resources:/home/akinsantos/ws_moveit/install/moveit_resources_pr2_description:/home/akinsantos/ws_moveit/install/moveit_resources_panda_moveit_config:/home/akinsantos/ws_moveit/install/moveit_resources_panda_description:/home/akinsantos/ws_moveit/install/moveit_resources_fanuc_moveit_config:/home/akinsantos/ws_moveit/install/moveit_resources_fanuc_description:/home/akinsantos/ws_moveit/install/moveit_common:/home/akinsantos/ws_moveit/install/moveit_configs_utils:/home/akinsantos/ws_moveit/install/launch_param_builder:/opt/ros/humble /usr/bin/cmake --install /home/akinsantos/minipulator_ws/build/movevit2_test
[0.711s] Level 1:colcon.colcon_core.environment:checking '/home/akinsantos/minipulator_ws/install/movevit2_test' for CMake config files
[0.712s] Level 1:colcon.colcon_core.shell:create_environment_hook('movevit2_test', 'cmake_prefix_path')
[0.712s] INFO:colcon.colcon_core.shell:Creating environment hook '/home/akinsantos/minipulator_ws/install/movevit2_test/share/movevit2_test/hook/cmake_prefix_path.ps1'
[0.712s] INFO:colcon.colcon_core.shell:Creating environment descriptor '/home/akinsantos/minipulator_ws/install/movevit2_test/share/movevit2_test/hook/cmake_prefix_path.dsv'
[0.712s] INFO:colcon.colcon_core.shell:Creating environment hook '/home/akinsantos/minipulator_ws/install/movevit2_test/share/movevit2_test/hook/cmake_prefix_path.sh'
[0.713s] Level 1:colcon.colcon_core.environment:checking '/home/akinsantos/minipulator_ws/install/movevit2_test/bin'
[0.713s] Level 1:colcon.colcon_core.environment:checking '/home/akinsantos/minipulator_ws/install/movevit2_test/lib/pkgconfig/movevit2_test.pc'
[0.713s] Level 1:colcon.colcon_core.environment:checking '/home/akinsantos/minipulator_ws/install/movevit2_test/lib/python3.10/site-packages'
[0.713s] Level 1:colcon.colcon_core.environment:checking '/home/akinsantos/minipulator_ws/install/movevit2_test/bin'
[0.713s] INFO:colcon.colcon_core.shell:Creating package script '/home/akinsantos/minipulator_ws/install/movevit2_test/share/movevit2_test/package.ps1'
[0.714s] INFO:colcon.colcon_core.shell:Creating package descriptor '/home/akinsantos/minipulator_ws/install/movevit2_test/share/movevit2_test/package.dsv'
[0.714s] INFO:colcon.colcon_core.shell:Creating package script '/home/akinsantos/minipulator_ws/install/movevit2_test/share/movevit2_test/package.sh'
[0.714s] INFO:colcon.colcon_core.shell:Creating package script '/home/akinsantos/minipulator_ws/install/movevit2_test/share/movevit2_test/package.bash'
[0.714s] INFO:colcon.colcon_core.shell:Creating package script '/home/akinsantos/minipulator_ws/install/movevit2_test/share/movevit2_test/package.zsh'
[0.715s] Level 1:colcon.colcon_core.environment:create_file_with_runtime_dependencies(/home/akinsantos/minipulator_ws/install/movevit2_test/share/colcon-core/packages/movevit2_test)
[0.715s] Level 1:colcon.colcon_core.environment:create_environment_scripts_only(movevit2_test)
[0.715s] Level 1:colcon.colcon_core.environment:checking '/home/akinsantos/minipulator_ws/install/movevit2_test' for CMake module files
[0.715s] Level 1:colcon.colcon_core.environment:checking '/home/akinsantos/minipulator_ws/install/movevit2_test' for CMake config files
[0.716s] Level 1:colcon.colcon_core.shell:create_environment_hook('movevit2_test', 'cmake_prefix_path')
[0.716s] INFO:colcon.colcon_core.shell:Creating environment hook '/home/akinsantos/minipulator_ws/install/movevit2_test/share/movevit2_test/hook/cmake_prefix_path.ps1'
[0.716s] INFO:colcon.colcon_core.shell:Creating environment descriptor '/home/akinsantos/minipulator_ws/install/movevit2_test/share/movevit2_test/hook/cmake_prefix_path.dsv'
[0.716s] INFO:colcon.colcon_core.shell:Creating environment hook '/home/akinsantos/minipulator_ws/install/movevit2_test/share/movevit2_test/hook/cmake_prefix_path.sh'
[0.717s] Level 1:colcon.colcon_core.environment:checking '/home/akinsantos/minipulator_ws/install/movevit2_test/bin'
[0.717s] Level 1:colcon.colcon_core.environment:checking '/home/akinsantos/minipulator_ws/install/movevit2_test/lib/pkgconfig/movevit2_test.pc'
[0.717s] Level 1:colcon.colcon_core.environment:checking '/home/akinsantos/minipulator_ws/install/movevit2_test/lib/python3.10/site-packages'
[0.717s] Level 1:colcon.colcon_core.environment:checking '/home/akinsantos/minipulator_ws/install/movevit2_test/bin'
[0.718s] INFO:colcon.colcon_core.shell:Creating package script '/home/akinsantos/minipulator_ws/install/movevit2_test/share/movevit2_test/package.ps1'
[0.718s] INFO:colcon.colcon_core.shell:Creating package descriptor '/home/akinsantos/minipulator_ws/install/movevit2_test/share/movevit2_test/package.dsv'
[0.718s] INFO:colcon.colcon_core.shell:Creating package script '/home/akinsantos/minipulator_ws/install/movevit2_test/share/movevit2_test/package.sh'
[0.719s] INFO:colcon.colcon_core.shell:Creating package script '/home/akinsantos/minipulator_ws/install/movevit2_test/share/movevit2_test/package.bash'
[0.719s] INFO:colcon.colcon_core.shell:Creating package script '/home/akinsantos/minipulator_ws/install/movevit2_test/share/movevit2_test/package.zsh'
[0.719s] Level 1:colcon.colcon_core.environment:create_file_with_runtime_dependencies(/home/akinsantos/minipulator_ws/install/movevit2_test/share/colcon-core/packages/movevit2_test)
[0.730s] Level 1:colcon.colcon_core.environment:create_environment_scripts_only(dynamixel_workbench_msgs)
[0.730s] Level 1:colcon.colcon_core.environment:checking '/home/akinsantos/minipulator_ws/install/dynamixel_workbench_msgs' for CMake module files
[0.731s] DEBUG:colcon.colcon_core.event_handler.log_command:Invoked command in '/home/akinsantos/minipulator_ws/build/dynamixel_workbench_msgs' returned '0': CMAKE_PREFIX_PATH=${CMAKE_PREFIX_PATH}:/home/akinsantos/ws_moveit/install/moveit_configs_utils:/home/akinsantos/ws_moveit/install/launch_param_builder:/opt/ros/humble /usr/bin/cmake --install /home/akinsantos/minipulator_ws/build/dynamixel_workbench_msgs
[0.731s] Level 1:colcon.colcon_core.environment:checking '/home/akinsantos/minipulator_ws/install/dynamixel_workbench_msgs' for CMake config files
[0.732s] Level 1:colcon.colcon_core.shell:create_environment_hook('dynamixel_workbench_msgs', 'cmake_prefix_path')
[0.732s] INFO:colcon.colcon_core.shell:Creating environment hook '/home/akinsantos/minipulator_ws/install/dynamixel_workbench_msgs/share/dynamixel_workbench_msgs/hook/cmake_prefix_path.ps1'
[0.732s] INFO:colcon.colcon_core.shell:Creating environment descriptor '/home/akinsantos/minipulator_ws/install/dynamixel_workbench_msgs/share/dynamixel_workbench_msgs/hook/cmake_prefix_path.dsv'
[0.732s] INFO:colcon.colcon_core.shell:Creating environment hook '/home/akinsantos/minipulator_ws/install/dynamixel_workbench_msgs/share/dynamixel_workbench_msgs/hook/cmake_prefix_path.sh'
[0.733s] Level 1:colcon.colcon_core.environment:checking '/home/akinsantos/minipulator_ws/install/dynamixel_workbench_msgs/lib'
[0.733s] Level 1:colcon.colcon_core.shell:create_environment_hook('dynamixel_workbench_msgs', 'ld_library_path_lib')
[0.733s] INFO:colcon.colcon_core.shell:Creating environment hook '/home/akinsantos/minipulator_ws/install/dynamixel_workbench_msgs/share/dynamixel_workbench_msgs/hook/ld_library_path_lib.ps1'
[0.733s] INFO:colcon.colcon_core.shell:Creating environment descriptor '/home/akinsantos/minipulator_ws/install/dynamixel_workbench_msgs/share/dynamixel_workbench_msgs/hook/ld_library_path_lib.dsv'
[0.734s] INFO:colcon.colcon_core.shell:Creating environment hook '/home/akinsantos/minipulator_ws/install/dynamixel_workbench_msgs/share/dynamixel_workbench_msgs/hook/ld_library_path_lib.sh'
[0.734s] Level 1:colcon.colcon_core.environment:checking '/home/akinsantos/minipulator_ws/install/dynamixel_workbench_msgs/bin'
[0.734s] Level 1:colcon.colcon_core.environment:checking '/home/akinsantos/minipulator_ws/install/dynamixel_workbench_msgs/lib/pkgconfig/dynamixel_workbench_msgs.pc'
[0.734s] Level 1:colcon.colcon_core.environment:checking '/home/akinsantos/minipulator_ws/install/dynamixel_workbench_msgs/lib/python3.10/site-packages'
[0.734s] Level 1:colcon.colcon_core.environment:checking '/home/akinsantos/minipulator_ws/install/dynamixel_workbench_msgs/bin'
[0.734s] INFO:colcon.colcon_core.shell:Creating package script '/home/akinsantos/minipulator_ws/install/dynamixel_workbench_msgs/share/dynamixel_workbench_msgs/package.ps1'
[0.735s] INFO:colcon.colcon_core.shell:Creating package descriptor '/home/akinsantos/minipulator_ws/install/dynamixel_workbench_msgs/share/dynamixel_workbench_msgs/package.dsv'
[0.735s] INFO:colcon.colcon_core.shell:Creating package script '/home/akinsantos/minipulator_ws/install/dynamixel_workbench_msgs/share/dynamixel_workbench_msgs/package.sh'
[0.735s] INFO:colcon.colcon_core.shell:Creating package script '/home/akinsantos/minipulator_ws/install/dynamixel_workbench_msgs/share/dynamixel_workbench_msgs/package.bash'
[0.736s] INFO:colcon.colcon_core.shell:Creating package script '/home/akinsantos/minipulator_ws/install/dynamixel_workbench_msgs/share/dynamixel_workbench_msgs/package.zsh'
[0.736s] Level 1:colcon.colcon_core.environment:create_file_with_runtime_dependencies(/home/akinsantos/minipulator_ws/install/dynamixel_workbench_msgs/share/colcon-core/packages/dynamixel_workbench_msgs)
[0.736s] Level 1:colcon.colcon_core.environment:create_environment_scripts_only(dynamixel_workbench_msgs)
[0.736s] Level 1:colcon.colcon_core.environment:checking '/home/akinsantos/minipulator_ws/install/dynamixel_workbench_msgs' for CMake module files
[0.737s] Level 1:colcon.colcon_core.environment:checking '/home/akinsantos/minipulator_ws/install/dynamixel_workbench_msgs' for CMake config files
[0.738s] Level 1:colcon.colcon_core.shell:create_environment_hook('dynamixel_workbench_msgs', 'cmake_prefix_path')
[0.738s] INFO:colcon.colcon_core.shell:Creating environment hook '/home/akinsantos/minipulator_ws/install/dynamixel_workbench_msgs/share/dynamixel_workbench_msgs/hook/cmake_prefix_path.ps1'
[0.738s] INFO:colcon.colcon_core.shell:Creating environment descriptor '/home/akinsantos/minipulator_ws/install/dynamixel_workbench_msgs/share/dynamixel_workbench_msgs/hook/cmake_prefix_path.dsv'
[0.738s] INFO:colcon.colcon_core.shell:Creating environment hook '/home/akinsantos/minipulator_ws/install/dynamixel_workbench_msgs/share/dynamixel_workbench_msgs/hook/cmake_prefix_path.sh'
[0.739s] Level 1:colcon.colcon_core.environment:checking '/home/akinsantos/minipulator_ws/install/dynamixel_workbench_msgs/lib'
[0.739s] Level 1:colcon.colcon_core.shell:create_environment_hook('dynamixel_workbench_msgs', 'ld_library_path_lib')
[0.739s] INFO:colcon.colcon_core.shell:Creating environment hook '/home/akinsantos/minipulator_ws/install/dynamixel_workbench_msgs/share/dynamixel_workbench_msgs/hook/ld_library_path_lib.ps1'
[0.739s] INFO:colcon.colcon_core.shell:Creating environment descriptor '/home/akinsantos/minipulator_ws/install/dynamixel_workbench_msgs/share/dynamixel_workbench_msgs/hook/ld_library_path_lib.dsv'
[0.739s] INFO:colcon.colcon_core.shell:Creating environment hook '/home/akinsantos/minipulator_ws/install/dynamixel_workbench_msgs/share/dynamixel_workbench_msgs/hook/ld_library_path_lib.sh'
[0.739s] Level 1:colcon.colcon_core.environment:checking '/home/akinsantos/minipulator_ws/install/dynamixel_workbench_msgs/bin'
[0.739s] Level 1:colcon.colcon_core.environment:checking '/home/akinsantos/minipulator_ws/install/dynamixel_workbench_msgs/lib/pkgconfig/dynamixel_workbench_msgs.pc'
[0.740s] Level 1:colcon.colcon_core.environment:checking '/home/akinsantos/minipulator_ws/install/dynamixel_workbench_msgs/lib/python3.10/site-packages'
[0.740s] Level 1:colcon.colcon_core.environment:checking '/home/akinsantos/minipulator_ws/install/dynamixel_workbench_msgs/bin'
[0.740s] INFO:colcon.colcon_core.shell:Creating package script '/home/akinsantos/minipulator_ws/install/dynamixel_workbench_msgs/share/dynamixel_workbench_msgs/package.ps1'
[0.740s] INFO:colcon.colcon_core.shell:Creating package descriptor '/home/akinsantos/minipulator_ws/install/dynamixel_workbench_msgs/share/dynamixel_workbench_msgs/package.dsv'
[0.741s] INFO:colcon.colcon_core.shell:Creating package script '/home/akinsantos/minipulator_ws/install/dynamixel_workbench_msgs/share/dynamixel_workbench_msgs/package.sh'
[0.741s] INFO:colcon.colcon_core.shell:Creating package script '/home/akinsantos/minipulator_ws/install/dynamixel_workbench_msgs/share/dynamixel_workbench_msgs/package.bash'
[0.742s] INFO:colcon.colcon_core.shell:Creating package script '/home/akinsantos/minipulator_ws/install/dynamixel_workbench_msgs/share/dynamixel_workbench_msgs/package.zsh'
[0.742s] Level 1:colcon.colcon_core.environment:create_file_with_runtime_dependencies(/home/akinsantos/minipulator_ws/install/dynamixel_workbench_msgs/share/colcon-core/packages/dynamixel_workbench_msgs)
[0.742s] DEBUG:colcon.colcon_parallel_executor.executor.parallel:closing loop
[0.742s] DEBUG:colcon.colcon_parallel_executor.executor.parallel:loop closed
[0.742s] DEBUG:colcon.colcon_parallel_executor.executor.parallel:run_until_complete finished with '0'
[0.742s] DEBUG:colcon.colcon_core.event_reactor:joining thread
[0.747s] INFO:colcon.colcon_core.plugin_system:Skipping extension 'colcon_notification.desktop_notification.terminal_notifier': Not used on non-Darwin systems
[0.747s] INFO:colcon.colcon_core.plugin_system:Skipping extension 'colcon_notification.desktop_notification.win32': Not used on non-Windows systems
[0.747s] INFO:colcon.colcon_notification.desktop_notification:Sending desktop notification using 'notify2'
[0.754s] DEBUG:colcon.colcon_core.event_reactor:joined thread
[0.755s] INFO:colcon.colcon_core.shell:Creating prefix script '/home/akinsantos/minipulator_ws/install/local_setup.ps1'
[0.755s] INFO:colcon.colcon_core.shell:Creating prefix util module '/home/akinsantos/minipulator_ws/install/_local_setup_util_ps1.py'
[0.756s] INFO:colcon.colcon_core.shell:Creating prefix chain script '/home/akinsantos/minipulator_ws/install/setup.ps1'
[0.759s] INFO:colcon.colcon_core.shell:Creating prefix script '/home/akinsantos/minipulator_ws/install/local_setup.sh'
[0.759s] INFO:colcon.colcon_core.shell:Creating prefix util module '/home/akinsantos/minipulator_ws/install/_local_setup_util_sh.py'
[0.759s] INFO:colcon.colcon_core.shell:Creating prefix chain script '/home/akinsantos/minipulator_ws/install/setup.sh'
[0.762s] INFO:colcon.colcon_core.shell:Creating prefix script '/home/akinsantos/minipulator_ws/install/local_setup.bash'
[0.763s] INFO:colcon.colcon_core.shell:Creating prefix chain script '/home/akinsantos/minipulator_ws/install/setup.bash'
[0.765s] INFO:colcon.colcon_core.shell:Creating prefix script '/home/akinsantos/minipulator_ws/install/local_setup.zsh'
[0.765s] INFO:colcon.colcon_core.shell:Creating prefix chain script '/home/akinsantos/minipulator_ws/install/setup.zsh'
