[0.466s] DEBUG:colcon:Command line arguments: ['/usr/bin/colcon', 'build']
[0.466s] DEBUG:colcon:Parsed command line arguments: Namespace(log_base=None, log_level=None, verb_name='build', build_base='build', install_base='install', merge_install=False, symlink_install=False, test_result_base=None, continue_on_error=False, executor='parallel', parallel_workers=8, event_handlers=None, ignore_user_meta=False, metas=['./colcon.meta'], base_paths=['.'], packages_ignore=None, packages_ignore_regex=None, paths=None, packages_up_to=None, packages_up_to_regex=None, packages_above=None, packages_above_and_dependencies=None, packages_above_depth=None, packages_select_by_dep=None, packages_skip_by_dep=None, packages_skip_up_to=None, packages_select_build_failed=False, packages_skip_build_finished=False, packages_select_test_failures=False, packages_skip_test_passed=False, packages_select=None, packages_skip=None, packages_select_regex=None, packages_skip_regex=None, packages_start=None, packages_end=None, allow_overriding=[], cmake_args=None, cmake_target=None, cmake_target_skip_unavailable=False, cmake_clean_cache=False, cmake_clean_first=False, cmake_force_configure=False, ament_cmake_args=None, catkin_cmake_args=None, catkin_skip_building_tests=False, mixin_files=None, mixin=None, verb_parser=<colcon_mixin.mixin.mixin_argument.MixinArgumentDecorator object at 0x76b2df9532b0>, verb_extension=<colcon_core.verb.build.BuildVerb object at 0x76b2df952c20>, main=<bound method BuildVerb.main of <colcon_core.verb.build.BuildVerb object at 0x76b2df952c20>>, mixin_verb=('build',))
[0.806s] Level 1:colcon.colcon_core.package_discovery:discover_packages(colcon_meta) check parameters
[0.806s] Level 1:colcon.colcon_core.package_discovery:discover_packages(recursive) check parameters
[0.806s] Level 1:colcon.colcon_core.package_discovery:discover_packages(ignore) check parameters
[0.806s] Level 1:colcon.colcon_core.package_discovery:discover_packages(path) check parameters
[0.806s] Level 1:colcon.colcon_core.package_discovery:discover_packages(colcon_meta) discover
[0.806s] Level 1:colcon.colcon_core.package_discovery:discover_packages(recursive) discover
[0.806s] INFO:colcon.colcon_core.package_discovery:Crawling recursively for packages in '/home/akinsantos/minipulator_ws'
[0.807s] Level 1:colcon.colcon_core.package_identification:_identify(.) by extensions ['ignore', 'ignore_ament_install']
[0.807s] Level 1:colcon.colcon_core.package_identification:_identify(.) by extension 'ignore'
[0.807s] Level 1:colcon.colcon_core.package_identification:_identify(.) by extension 'ignore_ament_install'
[0.807s] Level 1:colcon.colcon_core.package_identification:_identify(.) by extensions ['colcon_pkg']
[0.807s] Level 1:colcon.colcon_core.package_identification:_identify(.) by extension 'colcon_pkg'
[0.807s] Level 1:colcon.colcon_core.package_identification:_identify(.) by extensions ['colcon_meta']
[0.807s] Level 1:colcon.colcon_core.package_identification:_identify(.) by extension 'colcon_meta'
[0.807s] Level 1:colcon.colcon_core.package_identification:_identify(.) by extensions ['ros']
[0.807s] Level 1:colcon.colcon_core.package_identification:_identify(.) by extension 'ros'
[0.815s] Level 1:colcon.colcon_core.package_identification:_identify(.) by extensions ['cmake', 'python']
[0.815s] Level 1:colcon.colcon_core.package_identification:_identify(.) by extension 'cmake'
[0.815s] Level 1:colcon.colcon_core.package_identification:_identify(.) by extension 'python'
[0.815s] Level 1:colcon.colcon_core.package_identification:_identify(.) by extensions ['python_setup_py']
[0.815s] Level 1:colcon.colcon_core.package_identification:_identify(.) by extension 'python_setup_py'
[0.815s] Level 1:colcon.colcon_core.package_identification:_identify(build) by extensions ['ignore', 'ignore_ament_install']
[0.816s] Level 1:colcon.colcon_core.package_identification:_identify(build) by extension 'ignore'
[0.816s] Level 1:colcon.colcon_core.package_identification:_identify(build) ignored
[0.816s] Level 1:colcon.colcon_core.package_identification:_identify(install) by extensions ['ignore', 'ignore_ament_install']
[0.816s] Level 1:colcon.colcon_core.package_identification:_identify(install) by extension 'ignore'
[0.816s] Level 1:colcon.colcon_core.package_identification:_identify(install) ignored
[0.816s] Level 1:colcon.colcon_core.package_identification:_identify(log) by extensions ['ignore', 'ignore_ament_install']
[0.816s] Level 1:colcon.colcon_core.package_identification:_identify(log) by extension 'ignore'
[0.816s] Level 1:colcon.colcon_core.package_identification:_identify(log) ignored
[0.816s] Level 1:colcon.colcon_core.package_identification:_identify(src) by extensions ['ignore', 'ignore_ament_install']
[0.816s] Level 1:colcon.colcon_core.package_identification:_identify(src) by extension 'ignore'
[0.816s] Level 1:colcon.colcon_core.package_identification:_identify(src) by extension 'ignore_ament_install'
[0.816s] Level 1:colcon.colcon_core.package_identification:_identify(src) by extensions ['colcon_pkg']
[0.816s] Level 1:colcon.colcon_core.package_identification:_identify(src) by extension 'colcon_pkg'
[0.816s] Level 1:colcon.colcon_core.package_identification:_identify(src) by extensions ['colcon_meta']
[0.816s] Level 1:colcon.colcon_core.package_identification:_identify(src) by extension 'colcon_meta'
[0.817s] Level 1:colcon.colcon_core.package_identification:_identify(src) by extensions ['ros']
[0.817s] Level 1:colcon.colcon_core.package_identification:_identify(src) by extension 'ros'
[0.817s] Level 1:colcon.colcon_core.package_identification:_identify(src) by extensions ['cmake', 'python']
[0.817s] Level 1:colcon.colcon_core.package_identification:_identify(src) by extension 'cmake'
[0.817s] Level 1:colcon.colcon_core.package_identification:_identify(src) by extension 'python'
[0.817s] Level 1:colcon.colcon_core.package_identification:_identify(src) by extensions ['python_setup_py']
[0.817s] Level 1:colcon.colcon_core.package_identification:_identify(src) by extension 'python_setup_py'
[0.817s] Level 1:colcon.colcon_core.package_identification:_identify(src/dynamixel-workbench) by extensions ['ignore', 'ignore_ament_install']
[0.817s] Level 1:colcon.colcon_core.package_identification:_identify(src/dynamixel-workbench) by extension 'ignore'
[0.817s] Level 1:colcon.colcon_core.package_identification:_identify(src/dynamixel-workbench) by extension 'ignore_ament_install'
[0.817s] Level 1:colcon.colcon_core.package_identification:_identify(src/dynamixel-workbench) by extensions ['colcon_pkg']
[0.817s] Level 1:colcon.colcon_core.package_identification:_identify(src/dynamixel-workbench) by extension 'colcon_pkg'
[0.817s] Level 1:colcon.colcon_core.package_identification:_identify(src/dynamixel-workbench) by extensions ['colcon_meta']
[0.817s] Level 1:colcon.colcon_core.package_identification:_identify(src/dynamixel-workbench) by extension 'colcon_meta'
[0.817s] Level 1:colcon.colcon_core.package_identification:_identify(src/dynamixel-workbench) by extensions ['ros']
[0.817s] Level 1:colcon.colcon_core.package_identification:_identify(src/dynamixel-workbench) by extension 'ros'
[0.817s] Level 1:colcon.colcon_core.package_identification:_identify(src/dynamixel-workbench) by extensions ['cmake', 'python']
[0.817s] Level 1:colcon.colcon_core.package_identification:_identify(src/dynamixel-workbench) by extension 'cmake'
[0.817s] Level 1:colcon.colcon_core.package_identification:_identify(src/dynamixel-workbench) by extension 'python'
[0.817s] Level 1:colcon.colcon_core.package_identification:_identify(src/dynamixel-workbench) by extensions ['python_setup_py']
[0.817s] Level 1:colcon.colcon_core.package_identification:_identify(src/dynamixel-workbench) by extension 'python_setup_py'
[0.818s] Level 1:colcon.colcon_core.package_identification:_identify(src/dynamixel-workbench/dynamixel_workbench) by extensions ['ignore', 'ignore_ament_install']
[0.818s] Level 1:colcon.colcon_core.package_identification:_identify(src/dynamixel-workbench/dynamixel_workbench) by extension 'ignore'
[0.818s] Level 1:colcon.colcon_core.package_identification:_identify(src/dynamixel-workbench/dynamixel_workbench) by extension 'ignore_ament_install'
[0.818s] Level 1:colcon.colcon_core.package_identification:_identify(src/dynamixel-workbench/dynamixel_workbench) by extensions ['colcon_pkg']
[0.818s] Level 1:colcon.colcon_core.package_identification:_identify(src/dynamixel-workbench/dynamixel_workbench) by extension 'colcon_pkg'
[0.818s] Level 1:colcon.colcon_core.package_identification:_identify(src/dynamixel-workbench/dynamixel_workbench) by extensions ['colcon_meta']
[0.818s] Level 1:colcon.colcon_core.package_identification:_identify(src/dynamixel-workbench/dynamixel_workbench) by extension 'colcon_meta'
[0.818s] Level 1:colcon.colcon_core.package_identification:_identify(src/dynamixel-workbench/dynamixel_workbench) by extensions ['ros']
[0.818s] Level 1:colcon.colcon_core.package_identification:_identify(src/dynamixel-workbench/dynamixel_workbench) by extension 'ros'
[0.821s] DEBUG:colcon.colcon_core.package_identification:Package 'src/dynamixel-workbench/dynamixel_workbench' with type 'ros.ament_cmake' and name 'dynamixel_workbench'
[0.822s] Level 1:colcon.colcon_core.package_identification:_identify(src/dynamixel-workbench/dynamixel_workbench_toolbox) by extensions ['ignore', 'ignore_ament_install']
[0.822s] Level 1:colcon.colcon_core.package_identification:_identify(src/dynamixel-workbench/dynamixel_workbench_toolbox) by extension 'ignore'
[0.822s] Level 1:colcon.colcon_core.package_identification:_identify(src/dynamixel-workbench/dynamixel_workbench_toolbox) by extension 'ignore_ament_install'
[0.822s] Level 1:colcon.colcon_core.package_identification:_identify(src/dynamixel-workbench/dynamixel_workbench_toolbox) by extensions ['colcon_pkg']
[0.822s] Level 1:colcon.colcon_core.package_identification:_identify(src/dynamixel-workbench/dynamixel_workbench_toolbox) by extension 'colcon_pkg'
[0.822s] Level 1:colcon.colcon_core.package_identification:_identify(src/dynamixel-workbench/dynamixel_workbench_toolbox) by extensions ['colcon_meta']
[0.822s] Level 1:colcon.colcon_core.package_identification:_identify(src/dynamixel-workbench/dynamixel_workbench_toolbox) by extension 'colcon_meta'
[0.822s] Level 1:colcon.colcon_core.package_identification:_identify(src/dynamixel-workbench/dynamixel_workbench_toolbox) by extensions ['ros']
[0.822s] Level 1:colcon.colcon_core.package_identification:_identify(src/dynamixel-workbench/dynamixel_workbench_toolbox) by extension 'ros'
[0.823s] DEBUG:colcon.colcon_core.package_identification:Package 'src/dynamixel-workbench/dynamixel_workbench_toolbox' with type 'ros.ament_cmake' and name 'dynamixel_workbench_toolbox'
[0.823s] Level 1:colcon.colcon_core.package_identification:_identify(src/dynamixel-workbench-msgs) by extensions ['ignore', 'ignore_ament_install']
[0.823s] Level 1:colcon.colcon_core.package_identification:_identify(src/dynamixel-workbench-msgs) by extension 'ignore'
[0.823s] Level 1:colcon.colcon_core.package_identification:_identify(src/dynamixel-workbench-msgs) by extension 'ignore_ament_install'
[0.823s] Level 1:colcon.colcon_core.package_identification:_identify(src/dynamixel-workbench-msgs) by extensions ['colcon_pkg']
[0.823s] Level 1:colcon.colcon_core.package_identification:_identify(src/dynamixel-workbench-msgs) by extension 'colcon_pkg'
[0.823s] Level 1:colcon.colcon_core.package_identification:_identify(src/dynamixel-workbench-msgs) by extensions ['colcon_meta']
[0.823s] Level 1:colcon.colcon_core.package_identification:_identify(src/dynamixel-workbench-msgs) by extension 'colcon_meta'
[0.823s] Level 1:colcon.colcon_core.package_identification:_identify(src/dynamixel-workbench-msgs) by extensions ['ros']
[0.823s] Level 1:colcon.colcon_core.package_identification:_identify(src/dynamixel-workbench-msgs) by extension 'ros'
[0.823s] Level 1:colcon.colcon_core.package_identification:_identify(src/dynamixel-workbench-msgs) by extensions ['cmake', 'python']
[0.823s] Level 1:colcon.colcon_core.package_identification:_identify(src/dynamixel-workbench-msgs) by extension 'cmake'
[0.823s] Level 1:colcon.colcon_core.package_identification:_identify(src/dynamixel-workbench-msgs) by extension 'python'
[0.823s] Level 1:colcon.colcon_core.package_identification:_identify(src/dynamixel-workbench-msgs) by extensions ['python_setup_py']
[0.823s] Level 1:colcon.colcon_core.package_identification:_identify(src/dynamixel-workbench-msgs) by extension 'python_setup_py'
[0.824s] Level 1:colcon.colcon_core.package_identification:_identify(src/dynamixel-workbench-msgs/dynamixel_workbench_msgs) by extensions ['ignore', 'ignore_ament_install']
[0.824s] Level 1:colcon.colcon_core.package_identification:_identify(src/dynamixel-workbench-msgs/dynamixel_workbench_msgs) by extension 'ignore'
[0.824s] Level 1:colcon.colcon_core.package_identification:_identify(src/dynamixel-workbench-msgs/dynamixel_workbench_msgs) by extension 'ignore_ament_install'
[0.824s] Level 1:colcon.colcon_core.package_identification:_identify(src/dynamixel-workbench-msgs/dynamixel_workbench_msgs) by extensions ['colcon_pkg']
[0.824s] Level 1:colcon.colcon_core.package_identification:_identify(src/dynamixel-workbench-msgs/dynamixel_workbench_msgs) by extension 'colcon_pkg'
[0.824s] Level 1:colcon.colcon_core.package_identification:_identify(src/dynamixel-workbench-msgs/dynamixel_workbench_msgs) by extensions ['colcon_meta']
[0.824s] Level 1:colcon.colcon_core.package_identification:_identify(src/dynamixel-workbench-msgs/dynamixel_workbench_msgs) by extension 'colcon_meta'
[0.824s] Level 1:colcon.colcon_core.package_identification:_identify(src/dynamixel-workbench-msgs/dynamixel_workbench_msgs) by extensions ['ros']
[0.824s] Level 1:colcon.colcon_core.package_identification:_identify(src/dynamixel-workbench-msgs/dynamixel_workbench_msgs) by extension 'ros'
[0.826s] DEBUG:colcon.colcon_core.package_identification:Package 'src/dynamixel-workbench-msgs/dynamixel_workbench_msgs' with type 'ros.ament_cmake' and name 'dynamixel_workbench_msgs'
[0.826s] Level 1:colcon.colcon_core.package_identification:_identify(src/dynamixel_control) by extensions ['ignore', 'ignore_ament_install']
[0.826s] Level 1:colcon.colcon_core.package_identification:_identify(src/dynamixel_control) by extension 'ignore'
[0.826s] Level 1:colcon.colcon_core.package_identification:_identify(src/dynamixel_control) by extension 'ignore_ament_install'
[0.826s] Level 1:colcon.colcon_core.package_identification:_identify(src/dynamixel_control) by extensions ['colcon_pkg']
[0.826s] Level 1:colcon.colcon_core.package_identification:_identify(src/dynamixel_control) by extension 'colcon_pkg'
[0.826s] Level 1:colcon.colcon_core.package_identification:_identify(src/dynamixel_control) by extensions ['colcon_meta']
[0.827s] Level 1:colcon.colcon_core.package_identification:_identify(src/dynamixel_control) by extension 'colcon_meta'
[0.827s] Level 1:colcon.colcon_core.package_identification:_identify(src/dynamixel_control) by extensions ['ros']
[0.827s] Level 1:colcon.colcon_core.package_identification:_identify(src/dynamixel_control) by extension 'ros'
[0.827s] Level 1:colcon.colcon_core.package_identification:_identify(src/dynamixel_control) by extensions ['cmake', 'python']
[0.827s] Level 1:colcon.colcon_core.package_identification:_identify(src/dynamixel_control) by extension 'cmake'
[0.827s] Level 1:colcon.colcon_core.package_identification:_identify(src/dynamixel_control) by extension 'python'
[0.827s] Level 1:colcon.colcon_core.package_identification:_identify(src/dynamixel_control) by extensions ['python_setup_py']
[0.827s] Level 1:colcon.colcon_core.package_identification:_identify(src/dynamixel_control) by extension 'python_setup_py'
[0.827s] Level 1:colcon.colcon_core.package_identification:_identify(src/dynamixel_control/dynamixel_hardware) by extensions ['ignore', 'ignore_ament_install']
[0.827s] Level 1:colcon.colcon_core.package_identification:_identify(src/dynamixel_control/dynamixel_hardware) by extension 'ignore'
[0.827s] Level 1:colcon.colcon_core.package_identification:_identify(src/dynamixel_control/dynamixel_hardware) by extension 'ignore_ament_install'
[0.827s] Level 1:colcon.colcon_core.package_identification:_identify(src/dynamixel_control/dynamixel_hardware) by extensions ['colcon_pkg']
[0.827s] Level 1:colcon.colcon_core.package_identification:_identify(src/dynamixel_control/dynamixel_hardware) by extension 'colcon_pkg'
[0.827s] Level 1:colcon.colcon_core.package_identification:_identify(src/dynamixel_control/dynamixel_hardware) by extensions ['colcon_meta']
[0.827s] Level 1:colcon.colcon_core.package_identification:_identify(src/dynamixel_control/dynamixel_hardware) by extension 'colcon_meta'
[0.827s] Level 1:colcon.colcon_core.package_identification:_identify(src/dynamixel_control/dynamixel_hardware) by extensions ['ros']
[0.827s] Level 1:colcon.colcon_core.package_identification:_identify(src/dynamixel_control/dynamixel_hardware) by extension 'ros'
[0.828s] DEBUG:colcon.colcon_core.package_identification:Package 'src/dynamixel_control/dynamixel_hardware' with type 'ros.ament_cmake' and name 'dynamixel_hardware'
[0.829s] Level 1:colcon.colcon_core.package_identification:_identify(src/moveit2_final_test) by extensions ['ignore', 'ignore_ament_install']
[0.829s] Level 1:colcon.colcon_core.package_identification:_identify(src/moveit2_final_test) by extension 'ignore'
[0.829s] Level 1:colcon.colcon_core.package_identification:_identify(src/moveit2_final_test) by extension 'ignore_ament_install'
[0.829s] Level 1:colcon.colcon_core.package_identification:_identify(src/moveit2_final_test) by extensions ['colcon_pkg']
[0.829s] Level 1:colcon.colcon_core.package_identification:_identify(src/moveit2_final_test) by extension 'colcon_pkg'
[0.829s] Level 1:colcon.colcon_core.package_identification:_identify(src/moveit2_final_test) by extensions ['colcon_meta']
[0.829s] Level 1:colcon.colcon_core.package_identification:_identify(src/moveit2_final_test) by extension 'colcon_meta'
[0.829s] Level 1:colcon.colcon_core.package_identification:_identify(src/moveit2_final_test) by extensions ['ros']
[0.829s] Level 1:colcon.colcon_core.package_identification:_identify(src/moveit2_final_test) by extension 'ros'
[0.829s] Level 1:colcon.colcon_core.package_identification:_identify(src/moveit2_final_test) by extensions ['cmake', 'python']
[0.829s] Level 1:colcon.colcon_core.package_identification:_identify(src/moveit2_final_test) by extension 'cmake'
[0.829s] Level 1:colcon.colcon_core.package_identification:_identify(src/moveit2_final_test) by extension 'python'
[0.829s] Level 1:colcon.colcon_core.package_identification:_identify(src/moveit2_final_test) by extensions ['python_setup_py']
[0.829s] Level 1:colcon.colcon_core.package_identification:_identify(src/moveit2_final_test) by extension 'python_setup_py'
[0.829s] Level 1:colcon.colcon_core.package_identification:_identify(src/movevit2_test) by extensions ['ignore', 'ignore_ament_install']
[0.830s] Level 1:colcon.colcon_core.package_identification:_identify(src/movevit2_test) by extension 'ignore'
[0.830s] Level 1:colcon.colcon_core.package_identification:_identify(src/movevit2_test) by extension 'ignore_ament_install'
[0.830s] Level 1:colcon.colcon_core.package_identification:_identify(src/movevit2_test) by extensions ['colcon_pkg']
[0.830s] Level 1:colcon.colcon_core.package_identification:_identify(src/movevit2_test) by extension 'colcon_pkg'
[0.830s] Level 1:colcon.colcon_core.package_identification:_identify(src/movevit2_test) by extensions ['colcon_meta']
[0.830s] Level 1:colcon.colcon_core.package_identification:_identify(src/movevit2_test) by extension 'colcon_meta'
[0.830s] Level 1:colcon.colcon_core.package_identification:_identify(src/movevit2_test) by extensions ['ros']
[0.830s] Level 1:colcon.colcon_core.package_identification:_identify(src/movevit2_test) by extension 'ros'
[0.831s] DEBUG:colcon.colcon_core.package_identification:Package 'src/movevit2_test' with type 'ros.ament_cmake' and name 'movevit2_test'
[0.831s] Level 1:colcon.colcon_core.package_identification:_identify(src/open_manipulator_pro_gazebo) by extensions ['ignore', 'ignore_ament_install']
[0.831s] Level 1:colcon.colcon_core.package_identification:_identify(src/open_manipulator_pro_gazebo) by extension 'ignore'
[0.831s] Level 1:colcon.colcon_core.package_identification:_identify(src/open_manipulator_pro_gazebo) by extension 'ignore_ament_install'
[0.831s] Level 1:colcon.colcon_core.package_identification:_identify(src/open_manipulator_pro_gazebo) by extensions ['colcon_pkg']
[0.831s] Level 1:colcon.colcon_core.package_identification:_identify(src/open_manipulator_pro_gazebo) by extension 'colcon_pkg'
[0.831s] Level 1:colcon.colcon_core.package_identification:_identify(src/open_manipulator_pro_gazebo) by extensions ['colcon_meta']
[0.831s] Level 1:colcon.colcon_core.package_identification:_identify(src/open_manipulator_pro_gazebo) by extension 'colcon_meta'
[0.831s] Level 1:colcon.colcon_core.package_identification:_identify(src/open_manipulator_pro_gazebo) by extensions ['ros']
[0.831s] Level 1:colcon.colcon_core.package_identification:_identify(src/open_manipulator_pro_gazebo) by extension 'ros'
[0.832s] DEBUG:colcon.colcon_core.package_identification:Package 'src/open_manipulator_pro_gazebo' with type 'ros.ament_cmake' and name 'open_manipulator_pro_gazebo'
[0.832s] Level 1:colcon.colcon_core.package_identification:_identify(src/phantomx_reactor_arm_description) by extensions ['ignore', 'ignore_ament_install']
[0.832s] Level 1:colcon.colcon_core.package_identification:_identify(src/phantomx_reactor_arm_description) by extension 'ignore'
[0.832s] Level 1:colcon.colcon_core.package_identification:_identify(src/phantomx_reactor_arm_description) by extension 'ignore_ament_install'
[0.833s] Level 1:colcon.colcon_core.package_identification:_identify(src/phantomx_reactor_arm_description) by extensions ['colcon_pkg']
[0.833s] Level 1:colcon.colcon_core.package_identification:_identify(src/phantomx_reactor_arm_description) by extension 'colcon_pkg'
[0.833s] Level 1:colcon.colcon_core.package_identification:_identify(src/phantomx_reactor_arm_description) by extensions ['colcon_meta']
[0.833s] Level 1:colcon.colcon_core.package_identification:_identify(src/phantomx_reactor_arm_description) by extension 'colcon_meta'
[0.833s] Level 1:colcon.colcon_core.package_identification:_identify(src/phantomx_reactor_arm_description) by extensions ['ros']
[0.833s] Level 1:colcon.colcon_core.package_identification:_identify(src/phantomx_reactor_arm_description) by extension 'ros'
[0.841s] DEBUG:colcon.colcon_core.package_identification:Package 'src/phantomx_reactor_arm_description' with type 'ros.ament_cmake' and name 'phantomx_reactor_arm_description'
[0.842s] Level 1:colcon.colcon_core.package_identification:_identify(src/phantomx_reactor_arm_moveit2_config) by extensions ['ignore', 'ignore_ament_install']
[0.842s] Level 1:colcon.colcon_core.package_identification:_identify(src/phantomx_reactor_arm_moveit2_config) by extension 'ignore'
[0.842s] Level 1:colcon.colcon_core.package_identification:_identify(src/phantomx_reactor_arm_moveit2_config) by extension 'ignore_ament_install'
[0.842s] Level 1:colcon.colcon_core.package_identification:_identify(src/phantomx_reactor_arm_moveit2_config) by extensions ['colcon_pkg']
[0.842s] Level 1:colcon.colcon_core.package_identification:_identify(src/phantomx_reactor_arm_moveit2_config) by extension 'colcon_pkg'
[0.842s] Level 1:colcon.colcon_core.package_identification:_identify(src/phantomx_reactor_arm_moveit2_config) by extensions ['colcon_meta']
[0.842s] Level 1:colcon.colcon_core.package_identification:_identify(src/phantomx_reactor_arm_moveit2_config) by extension 'colcon_meta'
[0.842s] Level 1:colcon.colcon_core.package_identification:_identify(src/phantomx_reactor_arm_moveit2_config) by extensions ['ros']
[0.842s] Level 1:colcon.colcon_core.package_identification:_identify(src/phantomx_reactor_arm_moveit2_config) by extension 'ros'
[0.843s] DEBUG:colcon.colcon_core.package_identification:Package 'src/phantomx_reactor_arm_moveit2_config' with type 'ros.ament_cmake' and name 'phantomx_reactor_arm_moveit2_config'
[0.843s] Level 1:colcon.colcon_core.package_discovery:discover_packages(recursive) using defaults
[0.843s] Level 1:colcon.colcon_core.package_discovery:discover_packages(ignore) discover
[0.843s] Level 1:colcon.colcon_core.package_discovery:discover_packages(ignore) using defaults
[0.843s] Level 1:colcon.colcon_core.package_discovery:discover_packages(path) discover
[0.843s] Level 1:colcon.colcon_core.package_discovery:discover_packages(path) using defaults
[0.874s] Level 1:colcon.colcon_core.package_discovery:discover_packages(prefix_path) check parameters
[0.874s] Level 1:colcon.colcon_core.package_discovery:discover_packages(prefix_path) discover
[0.879s] DEBUG:colcon.colcon_installed_package_information.package_discovery:Found 55 installed packages in /home/akinsantos/ws_moveit/install
[0.880s] DEBUG:colcon.colcon_installed_package_information.package_discovery:Found 362 installed packages in /opt/ros/humble
[0.882s] Level 1:colcon.colcon_core.package_discovery:discover_packages(prefix_path) using defaults
[0.980s] Level 5:colcon.colcon_core.verb:set package 'dynamixel_workbench_msgs' build argument 'cmake_args' from command line to 'None'
[0.980s] Level 5:colcon.colcon_core.verb:set package 'dynamixel_workbench_msgs' build argument 'cmake_target' from command line to 'None'
[0.980s] Level 5:colcon.colcon_core.verb:set package 'dynamixel_workbench_msgs' build argument 'cmake_target_skip_unavailable' from command line to 'False'
[0.980s] Level 5:colcon.colcon_core.verb:set package 'dynamixel_workbench_msgs' build argument 'cmake_clean_cache' from command line to 'False'
[0.980s] Level 5:colcon.colcon_core.verb:set package 'dynamixel_workbench_msgs' build argument 'cmake_clean_first' from command line to 'False'
[0.980s] Level 5:colcon.colcon_core.verb:set package 'dynamixel_workbench_msgs' build argument 'cmake_force_configure' from command line to 'False'
[0.980s] Level 5:colcon.colcon_core.verb:set package 'dynamixel_workbench_msgs' build argument 'ament_cmake_args' from command line to 'None'
[0.980s] Level 5:colcon.colcon_core.verb:set package 'dynamixel_workbench_msgs' build argument 'catkin_cmake_args' from command line to 'None'
[0.980s] Level 5:colcon.colcon_core.verb:set package 'dynamixel_workbench_msgs' build argument 'catkin_skip_building_tests' from command line to 'False'
[0.980s] DEBUG:colcon.colcon_core.verb:Building package 'dynamixel_workbench_msgs' with the following arguments: {'ament_cmake_args': None, 'build_base': '/home/akinsantos/minipulator_ws/build/dynamixel_workbench_msgs', 'catkin_cmake_args': None, 'catkin_skip_building_tests': False, 'cmake_args': None, 'cmake_clean_cache': False, 'cmake_clean_first': False, 'cmake_force_configure': False, 'cmake_target': None, 'cmake_target_skip_unavailable': False, 'install_base': '/home/akinsantos/minipulator_ws/install/dynamixel_workbench_msgs', 'merge_install': False, 'path': '/home/akinsantos/minipulator_ws/src/dynamixel-workbench-msgs/dynamixel_workbench_msgs', 'symlink_install': False, 'test_result_base': None}
[0.980s] Level 5:colcon.colcon_core.verb:set package 'dynamixel_workbench_toolbox' build argument 'cmake_args' from command line to 'None'
[0.981s] Level 5:colcon.colcon_core.verb:set package 'dynamixel_workbench_toolbox' build argument 'cmake_target' from command line to 'None'
[0.981s] Level 5:colcon.colcon_core.verb:set package 'dynamixel_workbench_toolbox' build argument 'cmake_target_skip_unavailable' from command line to 'False'
[0.981s] Level 5:colcon.colcon_core.verb:set package 'dynamixel_workbench_toolbox' build argument 'cmake_clean_cache' from command line to 'False'
[0.981s] Level 5:colcon.colcon_core.verb:set package 'dynamixel_workbench_toolbox' build argument 'cmake_clean_first' from command line to 'False'
[0.981s] Level 5:colcon.colcon_core.verb:set package 'dynamixel_workbench_toolbox' build argument 'cmake_force_configure' from command line to 'False'
[0.981s] Level 5:colcon.colcon_core.verb:set package 'dynamixel_workbench_toolbox' build argument 'ament_cmake_args' from command line to 'None'
[0.981s] Level 5:colcon.colcon_core.verb:set package 'dynamixel_workbench_toolbox' build argument 'catkin_cmake_args' from command line to 'None'
[0.981s] Level 5:colcon.colcon_core.verb:set package 'dynamixel_workbench_toolbox' build argument 'catkin_skip_building_tests' from command line to 'False'
[0.981s] DEBUG:colcon.colcon_core.verb:Building package 'dynamixel_workbench_toolbox' with the following arguments: {'ament_cmake_args': None, 'build_base': '/home/akinsantos/minipulator_ws/build/dynamixel_workbench_toolbox', 'catkin_cmake_args': None, 'catkin_skip_building_tests': False, 'cmake_args': None, 'cmake_clean_cache': False, 'cmake_clean_first': False, 'cmake_force_configure': False, 'cmake_target': None, 'cmake_target_skip_unavailable': False, 'install_base': '/home/akinsantos/minipulator_ws/install/dynamixel_workbench_toolbox', 'merge_install': False, 'path': '/home/akinsantos/minipulator_ws/src/dynamixel-workbench/dynamixel_workbench_toolbox', 'symlink_install': False, 'test_result_base': None}
[0.981s] Level 5:colcon.colcon_core.verb:set package 'open_manipulator_pro_gazebo' build argument 'cmake_args' from command line to 'None'
[0.981s] Level 5:colcon.colcon_core.verb:set package 'open_manipulator_pro_gazebo' build argument 'cmake_target' from command line to 'None'
[0.981s] Level 5:colcon.colcon_core.verb:set package 'open_manipulator_pro_gazebo' build argument 'cmake_target_skip_unavailable' from command line to 'False'
[0.981s] Level 5:colcon.colcon_core.verb:set package 'open_manipulator_pro_gazebo' build argument 'cmake_clean_cache' from command line to 'False'
[0.981s] Level 5:colcon.colcon_core.verb:set package 'open_manipulator_pro_gazebo' build argument 'cmake_clean_first' from command line to 'False'
[0.981s] Level 5:colcon.colcon_core.verb:set package 'open_manipulator_pro_gazebo' build argument 'cmake_force_configure' from command line to 'False'
[0.981s] Level 5:colcon.colcon_core.verb:set package 'open_manipulator_pro_gazebo' build argument 'ament_cmake_args' from command line to 'None'
[0.981s] Level 5:colcon.colcon_core.verb:set package 'open_manipulator_pro_gazebo' build argument 'catkin_cmake_args' from command line to 'None'
[0.981s] Level 5:colcon.colcon_core.verb:set package 'open_manipulator_pro_gazebo' build argument 'catkin_skip_building_tests' from command line to 'False'
[0.981s] DEBUG:colcon.colcon_core.verb:Building package 'open_manipulator_pro_gazebo' with the following arguments: {'ament_cmake_args': None, 'build_base': '/home/akinsantos/minipulator_ws/build/open_manipulator_pro_gazebo', 'catkin_cmake_args': None, 'catkin_skip_building_tests': False, 'cmake_args': None, 'cmake_clean_cache': False, 'cmake_clean_first': False, 'cmake_force_configure': False, 'cmake_target': None, 'cmake_target_skip_unavailable': False, 'install_base': '/home/akinsantos/minipulator_ws/install/open_manipulator_pro_gazebo', 'merge_install': False, 'path': '/home/akinsantos/minipulator_ws/src/open_manipulator_pro_gazebo', 'symlink_install': False, 'test_result_base': None}
[0.981s] Level 5:colcon.colcon_core.verb:set package 'phantomx_reactor_arm_description' build argument 'cmake_args' from command line to 'None'
[0.981s] Level 5:colcon.colcon_core.verb:set package 'phantomx_reactor_arm_description' build argument 'cmake_target' from command line to 'None'
[0.981s] Level 5:colcon.colcon_core.verb:set package 'phantomx_reactor_arm_description' build argument 'cmake_target_skip_unavailable' from command line to 'False'
[0.981s] Level 5:colcon.colcon_core.verb:set package 'phantomx_reactor_arm_description' build argument 'cmake_clean_cache' from command line to 'False'
[0.981s] Level 5:colcon.colcon_core.verb:set package 'phantomx_reactor_arm_description' build argument 'cmake_clean_first' from command line to 'False'
[0.981s] Level 5:colcon.colcon_core.verb:set package 'phantomx_reactor_arm_description' build argument 'cmake_force_configure' from command line to 'False'
[0.981s] Level 5:colcon.colcon_core.verb:set package 'phantomx_reactor_arm_description' build argument 'ament_cmake_args' from command line to 'None'
[0.981s] Level 5:colcon.colcon_core.verb:set package 'phantomx_reactor_arm_description' build argument 'catkin_cmake_args' from command line to 'None'
[0.981s] Level 5:colcon.colcon_core.verb:set package 'phantomx_reactor_arm_description' build argument 'catkin_skip_building_tests' from command line to 'False'
[0.982s] DEBUG:colcon.colcon_core.verb:Building package 'phantomx_reactor_arm_description' with the following arguments: {'ament_cmake_args': None, 'build_base': '/home/akinsantos/minipulator_ws/build/phantomx_reactor_arm_description', 'catkin_cmake_args': None, 'catkin_skip_building_tests': False, 'cmake_args': None, 'cmake_clean_cache': False, 'cmake_clean_first': False, 'cmake_force_configure': False, 'cmake_target': None, 'cmake_target_skip_unavailable': False, 'install_base': '/home/akinsantos/minipulator_ws/install/phantomx_reactor_arm_description', 'merge_install': False, 'path': '/home/akinsantos/minipulator_ws/src/phantomx_reactor_arm_description', 'symlink_install': False, 'test_result_base': None}
[0.982s] Level 5:colcon.colcon_core.verb:set package 'dynamixel_hardware' build argument 'cmake_args' from command line to 'None'
[0.982s] Level 5:colcon.colcon_core.verb:set package 'dynamixel_hardware' build argument 'cmake_target' from command line to 'None'
[0.982s] Level 5:colcon.colcon_core.verb:set package 'dynamixel_hardware' build argument 'cmake_target_skip_unavailable' from command line to 'False'
[0.982s] Level 5:colcon.colcon_core.verb:set package 'dynamixel_hardware' build argument 'cmake_clean_cache' from command line to 'False'
[0.982s] Level 5:colcon.colcon_core.verb:set package 'dynamixel_hardware' build argument 'cmake_clean_first' from command line to 'False'
[0.982s] Level 5:colcon.colcon_core.verb:set package 'dynamixel_hardware' build argument 'cmake_force_configure' from command line to 'False'
[0.982s] Level 5:colcon.colcon_core.verb:set package 'dynamixel_hardware' build argument 'ament_cmake_args' from command line to 'None'
[0.982s] Level 5:colcon.colcon_core.verb:set package 'dynamixel_hardware' build argument 'catkin_cmake_args' from command line to 'None'
[0.982s] Level 5:colcon.colcon_core.verb:set package 'dynamixel_hardware' build argument 'catkin_skip_building_tests' from command line to 'False'
[0.982s] DEBUG:colcon.colcon_core.verb:Building package 'dynamixel_hardware' with the following arguments: {'ament_cmake_args': None, 'build_base': '/home/akinsantos/minipulator_ws/build/dynamixel_hardware', 'catkin_cmake_args': None, 'catkin_skip_building_tests': False, 'cmake_args': None, 'cmake_clean_cache': False, 'cmake_clean_first': False, 'cmake_force_configure': False, 'cmake_target': None, 'cmake_target_skip_unavailable': False, 'install_base': '/home/akinsantos/minipulator_ws/install/dynamixel_hardware', 'merge_install': False, 'path': '/home/akinsantos/minipulator_ws/src/dynamixel_control/dynamixel_hardware', 'symlink_install': False, 'test_result_base': None}
[0.982s] Level 5:colcon.colcon_core.verb:set package 'dynamixel_workbench' build argument 'cmake_args' from command line to 'None'
[0.982s] Level 5:colcon.colcon_core.verb:set package 'dynamixel_workbench' build argument 'cmake_target' from command line to 'None'
[0.982s] Level 5:colcon.colcon_core.verb:set package 'dynamixel_workbench' build argument 'cmake_target_skip_unavailable' from command line to 'False'
[0.982s] Level 5:colcon.colcon_core.verb:set package 'dynamixel_workbench' build argument 'cmake_clean_cache' from command line to 'False'
[0.982s] Level 5:colcon.colcon_core.verb:set package 'dynamixel_workbench' build argument 'cmake_clean_first' from command line to 'False'
[0.982s] Level 5:colcon.colcon_core.verb:set package 'dynamixel_workbench' build argument 'cmake_force_configure' from command line to 'False'
[0.982s] Level 5:colcon.colcon_core.verb:set package 'dynamixel_workbench' build argument 'ament_cmake_args' from command line to 'None'
[0.982s] Level 5:colcon.colcon_core.verb:set package 'dynamixel_workbench' build argument 'catkin_cmake_args' from command line to 'None'
[0.982s] Level 5:colcon.colcon_core.verb:set package 'dynamixel_workbench' build argument 'catkin_skip_building_tests' from command line to 'False'
[0.982s] DEBUG:colcon.colcon_core.verb:Building package 'dynamixel_workbench' with the following arguments: {'ament_cmake_args': None, 'build_base': '/home/akinsantos/minipulator_ws/build/dynamixel_workbench', 'catkin_cmake_args': None, 'catkin_skip_building_tests': False, 'cmake_args': None, 'cmake_clean_cache': False, 'cmake_clean_first': False, 'cmake_force_configure': False, 'cmake_target': None, 'cmake_target_skip_unavailable': False, 'install_base': '/home/akinsantos/minipulator_ws/install/dynamixel_workbench', 'merge_install': False, 'path': '/home/akinsantos/minipulator_ws/src/dynamixel-workbench/dynamixel_workbench', 'symlink_install': False, 'test_result_base': None}
[0.983s] Level 5:colcon.colcon_core.verb:set package 'movevit2_test' build argument 'cmake_args' from command line to 'None'
[0.983s] Level 5:colcon.colcon_core.verb:set package 'movevit2_test' build argument 'cmake_target' from command line to 'None'
[0.983s] Level 5:colcon.colcon_core.verb:set package 'movevit2_test' build argument 'cmake_target_skip_unavailable' from command line to 'False'
[0.983s] Level 5:colcon.colcon_core.verb:set package 'movevit2_test' build argument 'cmake_clean_cache' from command line to 'False'
[0.983s] Level 5:colcon.colcon_core.verb:set package 'movevit2_test' build argument 'cmake_clean_first' from command line to 'False'
[0.983s] Level 5:colcon.colcon_core.verb:set package 'movevit2_test' build argument 'cmake_force_configure' from command line to 'False'
[0.983s] Level 5:colcon.colcon_core.verb:set package 'movevit2_test' build argument 'ament_cmake_args' from command line to 'None'
[0.983s] Level 5:colcon.colcon_core.verb:set package 'movevit2_test' build argument 'catkin_cmake_args' from command line to 'None'
[0.983s] Level 5:colcon.colcon_core.verb:set package 'movevit2_test' build argument 'catkin_skip_building_tests' from command line to 'False'
[0.983s] DEBUG:colcon.colcon_core.verb:Building package 'movevit2_test' with the following arguments: {'ament_cmake_args': None, 'build_base': '/home/akinsantos/minipulator_ws/build/movevit2_test', 'catkin_cmake_args': None, 'catkin_skip_building_tests': False, 'cmake_args': None, 'cmake_clean_cache': False, 'cmake_clean_first': False, 'cmake_force_configure': False, 'cmake_target': None, 'cmake_target_skip_unavailable': False, 'install_base': '/home/akinsantos/minipulator_ws/install/movevit2_test', 'merge_install': False, 'path': '/home/akinsantos/minipulator_ws/src/movevit2_test', 'symlink_install': False, 'test_result_base': None}
[0.983s] Level 5:colcon.colcon_core.verb:set package 'phantomx_reactor_arm_moveit2_config' build argument 'cmake_args' from command line to 'None'
[0.983s] Level 5:colcon.colcon_core.verb:set package 'phantomx_reactor_arm_moveit2_config' build argument 'cmake_target' from command line to 'None'
[0.983s] Level 5:colcon.colcon_core.verb:set package 'phantomx_reactor_arm_moveit2_config' build argument 'cmake_target_skip_unavailable' from command line to 'False'
[0.983s] Level 5:colcon.colcon_core.verb:set package 'phantomx_reactor_arm_moveit2_config' build argument 'cmake_clean_cache' from command line to 'False'
[0.983s] Level 5:colcon.colcon_core.verb:set package 'phantomx_reactor_arm_moveit2_config' build argument 'cmake_clean_first' from command line to 'False'
[0.983s] Level 5:colcon.colcon_core.verb:set package 'phantomx_reactor_arm_moveit2_config' build argument 'cmake_force_configure' from command line to 'False'
[0.983s] Level 5:colcon.colcon_core.verb:set package 'phantomx_reactor_arm_moveit2_config' build argument 'ament_cmake_args' from command line to 'None'
[0.983s] Level 5:colcon.colcon_core.verb:set package 'phantomx_reactor_arm_moveit2_config' build argument 'catkin_cmake_args' from command line to 'None'
[0.983s] Level 5:colcon.colcon_core.verb:set package 'phantomx_reactor_arm_moveit2_config' build argument 'catkin_skip_building_tests' from command line to 'False'
[0.983s] DEBUG:colcon.colcon_core.verb:Building package 'phantomx_reactor_arm_moveit2_config' with the following arguments: {'ament_cmake_args': None, 'build_base': '/home/akinsantos/minipulator_ws/build/phantomx_reactor_arm_moveit2_config', 'catkin_cmake_args': None, 'catkin_skip_building_tests': False, 'cmake_args': None, 'cmake_clean_cache': False, 'cmake_clean_first': False, 'cmake_force_configure': False, 'cmake_target': None, 'cmake_target_skip_unavailable': False, 'install_base': '/home/akinsantos/minipulator_ws/install/phantomx_reactor_arm_moveit2_config', 'merge_install': False, 'path': '/home/akinsantos/minipulator_ws/src/phantomx_reactor_arm_moveit2_config', 'symlink_install': False, 'test_result_base': None}
[0.983s] INFO:colcon.colcon_core.executor:Executing jobs using 'parallel' executor
[0.984s] DEBUG:colcon.colcon_parallel_executor.executor.parallel:run_until_complete
[0.984s] INFO:colcon.colcon_ros.task.ament_cmake.build:Building ROS package in '/home/akinsantos/minipulator_ws/src/dynamixel-workbench/dynamixel_workbench_toolbox' with build type 'ament_cmake'
[0.984s] INFO:colcon.colcon_cmake.task.cmake.build:Building CMake package in '/home/akinsantos/minipulator_ws/src/dynamixel-workbench/dynamixel_workbench_toolbox'
[0.989s] INFO:colcon.colcon_core.plugin_system:Skipping extension 'colcon_core.shell.bat': Not used on non-Windows systems
[0.989s] INFO:colcon.colcon_core.shell:Skip shell extension 'powershell' for command environment: Not usable outside of PowerShell
[0.989s] DEBUG:colcon.colcon_core.shell:Skip shell extension 'dsv' for command environment
[0.994s] INFO:colcon.colcon_ros.task.ament_cmake.build:Building ROS package in '/home/akinsantos/minipulator_ws/src/phantomx_reactor_arm_description' with build type 'ament_cmake'
[0.994s] INFO:colcon.colcon_cmake.task.cmake.build:Building CMake package in '/home/akinsantos/minipulator_ws/src/phantomx_reactor_arm_description'
[0.994s] INFO:colcon.colcon_core.shell:Skip shell extension 'powershell' for command environment: Not usable outside of PowerShell
[0.994s] DEBUG:colcon.colcon_core.shell:Skip shell extension 'dsv' for command environment
[0.999s] INFO:colcon.colcon_ros.task.ament_cmake.build:Building ROS package in '/home/akinsantos/minipulator_ws/src/dynamixel-workbench-msgs/dynamixel_workbench_msgs' with build type 'ament_cmake'
[1.000s] INFO:colcon.colcon_cmake.task.cmake.build:Building CMake package in '/home/akinsantos/minipulator_ws/src/dynamixel-workbench-msgs/dynamixel_workbench_msgs'
[1.000s] INFO:colcon.colcon_core.shell:Skip shell extension 'powershell' for command environment: Not usable outside of PowerShell
[1.000s] DEBUG:colcon.colcon_core.shell:Skip shell extension 'dsv' for command environment
[1.005s] INFO:colcon.colcon_ros.task.ament_cmake.build:Building ROS package in '/home/akinsantos/minipulator_ws/src/open_manipulator_pro_gazebo' with build type 'ament_cmake'
[1.005s] INFO:colcon.colcon_cmake.task.cmake.build:Building CMake package in '/home/akinsantos/minipulator_ws/src/open_manipulator_pro_gazebo'
[1.005s] INFO:colcon.colcon_core.shell:Skip shell extension 'powershell' for command environment: Not usable outside of PowerShell
[1.005s] DEBUG:colcon.colcon_core.shell:Skip shell extension 'dsv' for command environment
[1.016s] DEBUG:colcon.colcon_core.event_handler.log_command:Invoking command in '/home/akinsantos/minipulator_ws/build/dynamixel_workbench_toolbox': CMAKE_PREFIX_PATH=${CMAKE_PREFIX_PATH}:/home/akinsantos/ws_moveit/install/moveit_configs_utils:/home/akinsantos/ws_moveit/install/launch_param_builder:/opt/ros/humble /usr/bin/cmake --build /home/akinsantos/minipulator_ws/build/dynamixel_workbench_toolbox -- -j8 -l8
[1.023s] DEBUG:colcon.colcon_core.event_handler.log_command:Invoking command in '/home/akinsantos/minipulator_ws/build/phantomx_reactor_arm_description': CMAKE_PREFIX_PATH=${CMAKE_PREFIX_PATH}:/home/akinsantos/ws_moveit/install/moveit_configs_utils:/home/akinsantos/ws_moveit/install/launch_param_builder:/opt/ros/humble /usr/bin/cmake --build /home/akinsantos/minipulator_ws/build/phantomx_reactor_arm_description -- -j8 -l8
[1.031s] DEBUG:colcon.colcon_core.event_handler.log_command:Invoking command in '/home/akinsantos/minipulator_ws/build/dynamixel_workbench_msgs': CMAKE_PREFIX_PATH=${CMAKE_PREFIX_PATH}:/home/akinsantos/ws_moveit/install/moveit_configs_utils:/home/akinsantos/ws_moveit/install/launch_param_builder:/opt/ros/humble /usr/bin/cmake --build /home/akinsantos/minipulator_ws/build/dynamixel_workbench_msgs -- -j8 -l8
[1.041s] DEBUG:colcon.colcon_core.event_handler.log_command:Invoking command in '/home/akinsantos/minipulator_ws/build/open_manipulator_pro_gazebo': CMAKE_PREFIX_PATH=${CMAKE_PREFIX_PATH}:/home/akinsantos/ws_moveit/install/moveit_configs_utils:/home/akinsantos/ws_moveit/install/launch_param_builder:/opt/ros/humble /usr/bin/cmake --build /home/akinsantos/minipulator_ws/build/open_manipulator_pro_gazebo -- -j8 -l8
[1.309s] DEBUG:colcon.colcon_core.event_handler.log_command:Invoked command in '/home/akinsantos/minipulator_ws/build/open_manipulator_pro_gazebo' returned '0': CMAKE_PREFIX_PATH=${CMAKE_PREFIX_PATH}:/home/akinsantos/ws_moveit/install/moveit_configs_utils:/home/akinsantos/ws_moveit/install/launch_param_builder:/opt/ros/humble /usr/bin/cmake --build /home/akinsantos/minipulator_ws/build/open_manipulator_pro_gazebo -- -j8 -l8
[1.320s] DEBUG:colcon.colcon_core.event_handler.log_command:Invoking command in '/home/akinsantos/minipulator_ws/build/open_manipulator_pro_gazebo': CMAKE_PREFIX_PATH=${CMAKE_PREFIX_PATH}:/home/akinsantos/ws_moveit/install/moveit_configs_utils:/home/akinsantos/ws_moveit/install/launch_param_builder:/opt/ros/humble /usr/bin/cmake --install /home/akinsantos/minipulator_ws/build/open_manipulator_pro_gazebo
[1.355s] Level 1:colcon.colcon_core.environment:create_environment_scripts_only(open_manipulator_pro_gazebo)
[1.356s] DEBUG:colcon.colcon_core.event_handler.log_command:Invoked command in '/home/akinsantos/minipulator_ws/build/open_manipulator_pro_gazebo' returned '0': CMAKE_PREFIX_PATH=${CMAKE_PREFIX_PATH}:/home/akinsantos/ws_moveit/install/moveit_configs_utils:/home/akinsantos/ws_moveit/install/launch_param_builder:/opt/ros/humble /usr/bin/cmake --install /home/akinsantos/minipulator_ws/build/open_manipulator_pro_gazebo
[1.368s] Level 1:colcon.colcon_core.environment:checking '/home/akinsantos/minipulator_ws/install/open_manipulator_pro_gazebo' for CMake module files
[1.369s] Level 1:colcon.colcon_core.environment:checking '/home/akinsantos/minipulator_ws/install/open_manipulator_pro_gazebo' for CMake config files
[1.369s] Level 1:colcon.colcon_core.shell:create_environment_hook('open_manipulator_pro_gazebo', 'cmake_prefix_path')
[1.369s] INFO:colcon.colcon_core.shell:Creating environment hook '/home/akinsantos/minipulator_ws/install/open_manipulator_pro_gazebo/share/open_manipulator_pro_gazebo/hook/cmake_prefix_path.ps1'
[1.371s] INFO:colcon.colcon_core.shell:Creating environment descriptor '/home/akinsantos/minipulator_ws/install/open_manipulator_pro_gazebo/share/open_manipulator_pro_gazebo/hook/cmake_prefix_path.dsv'
[1.372s] INFO:colcon.colcon_core.shell:Creating environment hook '/home/akinsantos/minipulator_ws/install/open_manipulator_pro_gazebo/share/open_manipulator_pro_gazebo/hook/cmake_prefix_path.sh'
[1.373s] Level 1:colcon.colcon_core.environment:checking '/home/akinsantos/minipulator_ws/install/open_manipulator_pro_gazebo/bin'
[1.373s] Level 1:colcon.colcon_core.environment:checking '/home/akinsantos/minipulator_ws/install/open_manipulator_pro_gazebo/lib/pkgconfig/open_manipulator_pro_gazebo.pc'
[1.373s] Level 1:colcon.colcon_core.environment:checking '/home/akinsantos/minipulator_ws/install/open_manipulator_pro_gazebo/lib/python3.10/site-packages'
[1.374s] Level 1:colcon.colcon_core.environment:checking '/home/akinsantos/minipulator_ws/install/open_manipulator_pro_gazebo/bin'
[1.374s] INFO:colcon.colcon_core.shell:Creating package script '/home/akinsantos/minipulator_ws/install/open_manipulator_pro_gazebo/share/open_manipulator_pro_gazebo/package.ps1'
[1.375s] INFO:colcon.colcon_core.shell:Creating package descriptor '/home/akinsantos/minipulator_ws/install/open_manipulator_pro_gazebo/share/open_manipulator_pro_gazebo/package.dsv'
[1.375s] INFO:colcon.colcon_core.shell:Creating package script '/home/akinsantos/minipulator_ws/install/open_manipulator_pro_gazebo/share/open_manipulator_pro_gazebo/package.sh'
[1.376s] INFO:colcon.colcon_core.shell:Creating package script '/home/akinsantos/minipulator_ws/install/open_manipulator_pro_gazebo/share/open_manipulator_pro_gazebo/package.bash'
[1.377s] INFO:colcon.colcon_core.shell:Creating package script '/home/akinsantos/minipulator_ws/install/open_manipulator_pro_gazebo/share/open_manipulator_pro_gazebo/package.zsh'
[1.378s] Level 1:colcon.colcon_core.environment:create_file_with_runtime_dependencies(/home/akinsantos/minipulator_ws/install/open_manipulator_pro_gazebo/share/colcon-core/packages/open_manipulator_pro_gazebo)
[1.379s] Level 1:colcon.colcon_core.environment:create_environment_scripts_only(open_manipulator_pro_gazebo)
[1.379s] Level 1:colcon.colcon_core.environment:checking '/home/akinsantos/minipulator_ws/install/open_manipulator_pro_gazebo' for CMake module files
[1.380s] Level 1:colcon.colcon_core.environment:checking '/home/akinsantos/minipulator_ws/install/open_manipulator_pro_gazebo' for CMake config files
[1.380s] Level 1:colcon.colcon_core.shell:create_environment_hook('open_manipulator_pro_gazebo', 'cmake_prefix_path')
[1.380s] INFO:colcon.colcon_core.shell:Creating environment hook '/home/akinsantos/minipulator_ws/install/open_manipulator_pro_gazebo/share/open_manipulator_pro_gazebo/hook/cmake_prefix_path.ps1'
[1.380s] INFO:colcon.colcon_core.shell:Creating environment descriptor '/home/akinsantos/minipulator_ws/install/open_manipulator_pro_gazebo/share/open_manipulator_pro_gazebo/hook/cmake_prefix_path.dsv'
[1.380s] INFO:colcon.colcon_core.shell:Creating environment hook '/home/akinsantos/minipulator_ws/install/open_manipulator_pro_gazebo/share/open_manipulator_pro_gazebo/hook/cmake_prefix_path.sh'
[1.381s] Level 1:colcon.colcon_core.environment:checking '/home/akinsantos/minipulator_ws/install/open_manipulator_pro_gazebo/bin'
[1.381s] Level 1:colcon.colcon_core.environment:checking '/home/akinsantos/minipulator_ws/install/open_manipulator_pro_gazebo/lib/pkgconfig/open_manipulator_pro_gazebo.pc'
[1.381s] Level 1:colcon.colcon_core.environment:checking '/home/akinsantos/minipulator_ws/install/open_manipulator_pro_gazebo/lib/python3.10/site-packages'
[1.381s] Level 1:colcon.colcon_core.environment:checking '/home/akinsantos/minipulator_ws/install/open_manipulator_pro_gazebo/bin'
[1.381s] INFO:colcon.colcon_core.shell:Creating package script '/home/akinsantos/minipulator_ws/install/open_manipulator_pro_gazebo/share/open_manipulator_pro_gazebo/package.ps1'
[1.382s] INFO:colcon.colcon_core.shell:Creating package descriptor '/home/akinsantos/minipulator_ws/install/open_manipulator_pro_gazebo/share/open_manipulator_pro_gazebo/package.dsv'
[1.385s] INFO:colcon.colcon_core.shell:Creating package script '/home/akinsantos/minipulator_ws/install/open_manipulator_pro_gazebo/share/open_manipulator_pro_gazebo/package.sh'
[1.385s] INFO:colcon.colcon_core.shell:Creating package script '/home/akinsantos/minipulator_ws/install/open_manipulator_pro_gazebo/share/open_manipulator_pro_gazebo/package.bash'
[1.386s] INFO:colcon.colcon_core.shell:Creating package script '/home/akinsantos/minipulator_ws/install/open_manipulator_pro_gazebo/share/open_manipulator_pro_gazebo/package.zsh'
[1.386s] Level 1:colcon.colcon_core.environment:create_file_with_runtime_dependencies(/home/akinsantos/minipulator_ws/install/open_manipulator_pro_gazebo/share/colcon-core/packages/open_manipulator_pro_gazebo)
[1.387s] DEBUG:colcon.colcon_core.event_handler.log_command:Invoked command in '/home/akinsantos/minipulator_ws/build/dynamixel_workbench_toolbox' returned '0': CMAKE_PREFIX_PATH=${CMAKE_PREFIX_PATH}:/home/akinsantos/ws_moveit/install/moveit_configs_utils:/home/akinsantos/ws_moveit/install/launch_param_builder:/opt/ros/humble /usr/bin/cmake --build /home/akinsantos/minipulator_ws/build/dynamixel_workbench_toolbox -- -j8 -l8
[1.389s] DEBUG:colcon.colcon_core.event_handler.log_command:Invoking command in '/home/akinsantos/minipulator_ws/build/dynamixel_workbench_toolbox': CMAKE_PREFIX_PATH=${CMAKE_PREFIX_PATH}:/home/akinsantos/ws_moveit/install/moveit_configs_utils:/home/akinsantos/ws_moveit/install/launch_param_builder:/opt/ros/humble /usr/bin/cmake --install /home/akinsantos/minipulator_ws/build/dynamixel_workbench_toolbox
[1.404s] Level 1:colcon.colcon_core.environment:create_environment_scripts_only(dynamixel_workbench_toolbox)
[1.404s] Level 1:colcon.colcon_core.environment:checking '/home/akinsantos/minipulator_ws/install/dynamixel_workbench_toolbox' for CMake module files
[1.404s] DEBUG:colcon.colcon_core.event_handler.log_command:Invoked command in '/home/akinsantos/minipulator_ws/build/dynamixel_workbench_toolbox' returned '0': CMAKE_PREFIX_PATH=${CMAKE_PREFIX_PATH}:/home/akinsantos/ws_moveit/install/moveit_configs_utils:/home/akinsantos/ws_moveit/install/launch_param_builder:/opt/ros/humble /usr/bin/cmake --install /home/akinsantos/minipulator_ws/build/dynamixel_workbench_toolbox
[1.405s] Level 1:colcon.colcon_core.environment:checking '/home/akinsantos/minipulator_ws/install/dynamixel_workbench_toolbox' for CMake config files
[1.405s] Level 1:colcon.colcon_core.shell:create_environment_hook('dynamixel_workbench_toolbox', 'cmake_prefix_path')
[1.405s] INFO:colcon.colcon_core.shell:Creating environment hook '/home/akinsantos/minipulator_ws/install/dynamixel_workbench_toolbox/share/dynamixel_workbench_toolbox/hook/cmake_prefix_path.ps1'
[1.406s] INFO:colcon.colcon_core.shell:Creating environment descriptor '/home/akinsantos/minipulator_ws/install/dynamixel_workbench_toolbox/share/dynamixel_workbench_toolbox/hook/cmake_prefix_path.dsv'
[1.406s] INFO:colcon.colcon_core.shell:Creating environment hook '/home/akinsantos/minipulator_ws/install/dynamixel_workbench_toolbox/share/dynamixel_workbench_toolbox/hook/cmake_prefix_path.sh'
[1.406s] Level 1:colcon.colcon_core.environment:checking '/home/akinsantos/minipulator_ws/install/dynamixel_workbench_toolbox/lib'
[1.406s] Level 1:colcon.colcon_core.shell:create_environment_hook('dynamixel_workbench_toolbox', 'ld_library_path_lib')
[1.406s] INFO:colcon.colcon_core.shell:Creating environment hook '/home/akinsantos/minipulator_ws/install/dynamixel_workbench_toolbox/share/dynamixel_workbench_toolbox/hook/ld_library_path_lib.ps1'
[1.407s] INFO:colcon.colcon_core.shell:Creating environment descriptor '/home/akinsantos/minipulator_ws/install/dynamixel_workbench_toolbox/share/dynamixel_workbench_toolbox/hook/ld_library_path_lib.dsv'
[1.407s] INFO:colcon.colcon_core.shell:Creating environment hook '/home/akinsantos/minipulator_ws/install/dynamixel_workbench_toolbox/share/dynamixel_workbench_toolbox/hook/ld_library_path_lib.sh'
[1.407s] Level 1:colcon.colcon_core.environment:checking '/home/akinsantos/minipulator_ws/install/dynamixel_workbench_toolbox/bin'
[1.407s] Level 1:colcon.colcon_core.environment:checking '/home/akinsantos/minipulator_ws/install/dynamixel_workbench_toolbox/lib/pkgconfig/dynamixel_workbench_toolbox.pc'
[1.408s] Level 1:colcon.colcon_core.environment:checking '/home/akinsantos/minipulator_ws/install/dynamixel_workbench_toolbox/lib/python3.10/site-packages'
[1.408s] Level 1:colcon.colcon_core.environment:checking '/home/akinsantos/minipulator_ws/install/dynamixel_workbench_toolbox/bin'
[1.408s] INFO:colcon.colcon_core.shell:Creating package script '/home/akinsantos/minipulator_ws/install/dynamixel_workbench_toolbox/share/dynamixel_workbench_toolbox/package.ps1'
[1.408s] INFO:colcon.colcon_core.shell:Creating package descriptor '/home/akinsantos/minipulator_ws/install/dynamixel_workbench_toolbox/share/dynamixel_workbench_toolbox/package.dsv'
[1.409s] INFO:colcon.colcon_core.shell:Creating package script '/home/akinsantos/minipulator_ws/install/dynamixel_workbench_toolbox/share/dynamixel_workbench_toolbox/package.sh'
[1.409s] INFO:colcon.colcon_core.shell:Creating package script '/home/akinsantos/minipulator_ws/install/dynamixel_workbench_toolbox/share/dynamixel_workbench_toolbox/package.bash'
[1.409s] INFO:colcon.colcon_core.shell:Creating package script '/home/akinsantos/minipulator_ws/install/dynamixel_workbench_toolbox/share/dynamixel_workbench_toolbox/package.zsh'
[1.409s] Level 1:colcon.colcon_core.environment:create_file_with_runtime_dependencies(/home/akinsantos/minipulator_ws/install/dynamixel_workbench_toolbox/share/colcon-core/packages/dynamixel_workbench_toolbox)
[1.410s] Level 1:colcon.colcon_core.environment:create_environment_scripts_only(dynamixel_workbench_toolbox)
[1.410s] Level 1:colcon.colcon_core.environment:checking '/home/akinsantos/minipulator_ws/install/dynamixel_workbench_toolbox' for CMake module files
[1.411s] Level 1:colcon.colcon_core.environment:checking '/home/akinsantos/minipulator_ws/install/dynamixel_workbench_toolbox' for CMake config files
[1.411s] Level 1:colcon.colcon_core.shell:create_environment_hook('dynamixel_workbench_toolbox', 'cmake_prefix_path')
[1.411s] INFO:colcon.colcon_core.shell:Creating environment hook '/home/akinsantos/minipulator_ws/install/dynamixel_workbench_toolbox/share/dynamixel_workbench_toolbox/hook/cmake_prefix_path.ps1'
[1.411s] INFO:colcon.colcon_core.shell:Creating environment descriptor '/home/akinsantos/minipulator_ws/install/dynamixel_workbench_toolbox/share/dynamixel_workbench_toolbox/hook/cmake_prefix_path.dsv'
[1.411s] INFO:colcon.colcon_core.shell:Creating environment hook '/home/akinsantos/minipulator_ws/install/dynamixel_workbench_toolbox/share/dynamixel_workbench_toolbox/hook/cmake_prefix_path.sh'
[1.412s] Level 1:colcon.colcon_core.environment:checking '/home/akinsantos/minipulator_ws/install/dynamixel_workbench_toolbox/lib'
[1.412s] Level 1:colcon.colcon_core.shell:create_environment_hook('dynamixel_workbench_toolbox', 'ld_library_path_lib')
[1.412s] INFO:colcon.colcon_core.shell:Creating environment hook '/home/akinsantos/minipulator_ws/install/dynamixel_workbench_toolbox/share/dynamixel_workbench_toolbox/hook/ld_library_path_lib.ps1'
[1.412s] INFO:colcon.colcon_core.shell:Creating environment descriptor '/home/akinsantos/minipulator_ws/install/dynamixel_workbench_toolbox/share/dynamixel_workbench_toolbox/hook/ld_library_path_lib.dsv'
[1.413s] INFO:colcon.colcon_core.shell:Creating environment hook '/home/akinsantos/minipulator_ws/install/dynamixel_workbench_toolbox/share/dynamixel_workbench_toolbox/hook/ld_library_path_lib.sh'
[1.413s] Level 1:colcon.colcon_core.environment:checking '/home/akinsantos/minipulator_ws/install/dynamixel_workbench_toolbox/bin'
[1.413s] Level 1:colcon.colcon_core.environment:checking '/home/akinsantos/minipulator_ws/install/dynamixel_workbench_toolbox/lib/pkgconfig/dynamixel_workbench_toolbox.pc'
[1.413s] Level 1:colcon.colcon_core.environment:checking '/home/akinsantos/minipulator_ws/install/dynamixel_workbench_toolbox/lib/python3.10/site-packages'
[1.413s] Level 1:colcon.colcon_core.environment:checking '/home/akinsantos/minipulator_ws/install/dynamixel_workbench_toolbox/bin'
[1.414s] INFO:colcon.colcon_core.shell:Creating package script '/home/akinsantos/minipulator_ws/install/dynamixel_workbench_toolbox/share/dynamixel_workbench_toolbox/package.ps1'
[1.414s] INFO:colcon.colcon_core.shell:Creating package descriptor '/home/akinsantos/minipulator_ws/install/dynamixel_workbench_toolbox/share/dynamixel_workbench_toolbox/package.dsv'
[1.414s] INFO:colcon.colcon_core.shell:Creating package script '/home/akinsantos/minipulator_ws/install/dynamixel_workbench_toolbox/share/dynamixel_workbench_toolbox/package.sh'
[1.415s] INFO:colcon.colcon_core.shell:Creating package script '/home/akinsantos/minipulator_ws/install/dynamixel_workbench_toolbox/share/dynamixel_workbench_toolbox/package.bash'
[1.415s] INFO:colcon.colcon_core.shell:Creating package script '/home/akinsantos/minipulator_ws/install/dynamixel_workbench_toolbox/share/dynamixel_workbench_toolbox/package.zsh'
[1.415s] Level 1:colcon.colcon_core.environment:create_file_with_runtime_dependencies(/home/akinsantos/minipulator_ws/install/dynamixel_workbench_toolbox/share/colcon-core/packages/dynamixel_workbench_toolbox)
[1.415s] INFO:colcon.colcon_ros.task.ament_cmake.build:Building ROS package in '/home/akinsantos/minipulator_ws/src/dynamixel_control/dynamixel_hardware' with build type 'ament_cmake'
[1.416s] INFO:colcon.colcon_cmake.task.cmake.build:Building CMake package in '/home/akinsantos/minipulator_ws/src/dynamixel_control/dynamixel_hardware'
[1.416s] INFO:colcon.colcon_core.shell:Skip shell extension 'powershell' for command environment: Not usable outside of PowerShell
[1.416s] DEBUG:colcon.colcon_core.shell:Skip shell extension 'dsv' for command environment
[1.421s] INFO:colcon.colcon_ros.task.ament_cmake.build:Building ROS package in '/home/akinsantos/minipulator_ws/src/dynamixel-workbench/dynamixel_workbench' with build type 'ament_cmake'
[1.421s] INFO:colcon.colcon_cmake.task.cmake.build:Building CMake package in '/home/akinsantos/minipulator_ws/src/dynamixel-workbench/dynamixel_workbench'
[1.422s] INFO:colcon.colcon_core.shell:Skip shell extension 'powershell' for command environment: Not usable outside of PowerShell
[1.422s] DEBUG:colcon.colcon_core.shell:Skip shell extension 'dsv' for command environment
[1.427s] DEBUG:colcon.colcon_core.event_handler.log_command:Invoked command in '/home/akinsantos/minipulator_ws/build/phantomx_reactor_arm_description' returned '0': CMAKE_PREFIX_PATH=${CMAKE_PREFIX_PATH}:/home/akinsantos/ws_moveit/install/moveit_configs_utils:/home/akinsantos/ws_moveit/install/launch_param_builder:/opt/ros/humble /usr/bin/cmake --build /home/akinsantos/minipulator_ws/build/phantomx_reactor_arm_description -- -j8 -l8
[1.430s] DEBUG:colcon.colcon_core.event_handler.log_command:Invoking command in '/home/akinsantos/minipulator_ws/build/phantomx_reactor_arm_description': CMAKE_PREFIX_PATH=${CMAKE_PREFIX_PATH}:/home/akinsantos/ws_moveit/install/moveit_configs_utils:/home/akinsantos/ws_moveit/install/launch_param_builder:/opt/ros/humble /usr/bin/cmake --install /home/akinsantos/minipulator_ws/build/phantomx_reactor_arm_description
[1.433s] DEBUG:colcon.colcon_core.event_handler.log_command:Invoking command in '/home/akinsantos/minipulator_ws/build/dynamixel_hardware': AMENT_PREFIX_PATH=/home/akinsantos/minipulator_ws/install/dynamixel_workbench_toolbox:${AMENT_PREFIX_PATH} CMAKE_PREFIX_PATH=/home/akinsantos/minipulator_ws/install/dynamixel_workbench_toolbox:/home/akinsantos/ws_moveit/install/pilz_industrial_motion_planner_testutils:/home/akinsantos/ws_moveit/install/moveit_runtime:/home/akinsantos/ws_moveit/install/moveit2_tutorials:/home/akinsantos/ws_moveit/install/moveit:/home/akinsantos/ws_moveit/install/moveit_planners:/home/akinsantos/ws_moveit/install/pilz_industrial_motion_planner:/home/akinsantos/ws_moveit/install/moveit_visual_tools:/home/akinsantos/ws_moveit/install/moveit_task_constructor_visualization:/home/akinsantos/ws_moveit/install/moveit_task_constructor_demo:/home/akinsantos/ws_moveit/install/moveit_task_constructor_capabilities:/home/akinsantos/ws_moveit/install/moveit_task_constructor_core:/home/akinsantos/ws_moveit/install/moveit_ros_control_interface:/home/akinsantos/ws_moveit/install/moveit_plugins:/home/akinsantos/ws_moveit/install/moveit_simple_controller_manager:/home/akinsantos/ws_moveit/install/moveit_setup_assistant:/home/akinsantos/ws_moveit/install/moveit_setup_srdf_plugins:/home/akinsantos/ws_moveit/install/moveit_setup_core_plugins:/home/akinsantos/ws_moveit/install/moveit_setup_controllers:/home/akinsantos/ws_moveit/install/moveit_setup_app_plugins:/home/akinsantos/ws_moveit/install/moveit_setup_framework:/home/akinsantos/ws_moveit/install/moveit_servo:/home/akinsantos/ws_moveit/install/moveit_ros:/home/akinsantos/ws_moveit/install/moveit_ros_visualization:/home/akinsantos/ws_moveit/install/moveit_hybrid_planning:/home/akinsantos/ws_moveit/install/moveit_ros_planning_interface:/home/akinsantos/ws_moveit/install/moveit_ros_benchmarks:/home/akinsantos/ws_moveit/install/moveit_ros_warehouse:/home/akinsantos/ws_moveit/install/moveit_ros_robot_interaction:/home/akinsantos/ws_moveit/install/moveit_ros_perception:/home/akinsantos/ws_moveit/install/moveit_resources_prbt_pg70_support:/home/akinsantos/ws_moveit/install/moveit_resources_prbt_moveit_config:/home/akinsantos/ws_moveit/install/moveit_ros_move_group:/home/akinsantos/ws_moveit/install/moveit_planners_ompl:/home/akinsantos/ws_moveit/install/moveit_ros_planning:/home/akinsantos/ws_moveit/install/moveit_ros_occupancy_map_monitor:/home/akinsantos/ws_moveit/install/moveit_resources_prbt_ikfast_manipulator_plugin:/home/akinsantos/ws_moveit/install/moveit_planners_chomp:/home/akinsantos/ws_moveit/install/moveit_kinematics:/home/akinsantos/ws_moveit/install/moveit_chomp_optimizer_adapter:/home/akinsantos/ws_moveit/install/chomp_motion_planner:/home/akinsantos/ws_moveit/install/moveit_core:/home/akinsantos/ws_moveit/install/srdfdom:/home/akinsantos/ws_moveit/install/rviz_marker_tools:/home/akinsantos/ws_moveit/install/rosparam_shortcuts:/home/akinsantos/ws_moveit/install/moveit_task_constructor_msgs:/home/akinsantos/ws_moveit/install/moveit_resources_prbt_support:/home/akinsantos/ws_moveit/install/moveit_resources:/home/akinsantos/ws_moveit/install/moveit_resources_pr2_description:/home/akinsantos/ws_moveit/install/moveit_resources_panda_moveit_config:/home/akinsantos/ws_moveit/install/moveit_resources_panda_description:/home/akinsantos/ws_moveit/install/moveit_resources_fanuc_moveit_config:/home/akinsantos/ws_moveit/install/moveit_resources_fanuc_description:/home/akinsantos/ws_moveit/install/moveit_common:/home/akinsantos/ws_moveit/install/moveit_configs_utils:/home/akinsantos/ws_moveit/install/launch_param_builder:/opt/ros/humble LD_LIBRARY_PATH=/home/akinsantos/minipulator_ws/install/dynamixel_workbench_toolbox/lib:${LD_LIBRARY_PATH} /usr/bin/cmake --build /home/akinsantos/minipulator_ws/build/dynamixel_hardware -- -j8 -l8
[1.435s] DEBUG:colcon.colcon_core.event_handler.log_command:Invoking command in '/home/akinsantos/minipulator_ws/build/dynamixel_workbench': AMENT_PREFIX_PATH=/home/akinsantos/minipulator_ws/install/dynamixel_workbench_toolbox:${AMENT_PREFIX_PATH} CMAKE_PREFIX_PATH=/home/akinsantos/minipulator_ws/install/dynamixel_workbench_toolbox:/home/akinsantos/ws_moveit/install/pilz_industrial_motion_planner_testutils:/home/akinsantos/ws_moveit/install/moveit_runtime:/home/akinsantos/ws_moveit/install/moveit2_tutorials:/home/akinsantos/ws_moveit/install/moveit:/home/akinsantos/ws_moveit/install/moveit_planners:/home/akinsantos/ws_moveit/install/pilz_industrial_motion_planner:/home/akinsantos/ws_moveit/install/moveit_visual_tools:/home/akinsantos/ws_moveit/install/moveit_task_constructor_visualization:/home/akinsantos/ws_moveit/install/moveit_task_constructor_demo:/home/akinsantos/ws_moveit/install/moveit_task_constructor_capabilities:/home/akinsantos/ws_moveit/install/moveit_task_constructor_core:/home/akinsantos/ws_moveit/install/moveit_ros_control_interface:/home/akinsantos/ws_moveit/install/moveit_plugins:/home/akinsantos/ws_moveit/install/moveit_simple_controller_manager:/home/akinsantos/ws_moveit/install/moveit_setup_assistant:/home/akinsantos/ws_moveit/install/moveit_setup_srdf_plugins:/home/akinsantos/ws_moveit/install/moveit_setup_core_plugins:/home/akinsantos/ws_moveit/install/moveit_setup_controllers:/home/akinsantos/ws_moveit/install/moveit_setup_app_plugins:/home/akinsantos/ws_moveit/install/moveit_setup_framework:/home/akinsantos/ws_moveit/install/moveit_servo:/home/akinsantos/ws_moveit/install/moveit_ros:/home/akinsantos/ws_moveit/install/moveit_ros_visualization:/home/akinsantos/ws_moveit/install/moveit_hybrid_planning:/home/akinsantos/ws_moveit/install/moveit_ros_planning_interface:/home/akinsantos/ws_moveit/install/moveit_ros_benchmarks:/home/akinsantos/ws_moveit/install/moveit_ros_warehouse:/home/akinsantos/ws_moveit/install/moveit_ros_robot_interaction:/home/akinsantos/ws_moveit/install/moveit_ros_perception:/home/akinsantos/ws_moveit/install/moveit_resources_prbt_pg70_support:/home/akinsantos/ws_moveit/install/moveit_resources_prbt_moveit_config:/home/akinsantos/ws_moveit/install/moveit_ros_move_group:/home/akinsantos/ws_moveit/install/moveit_planners_ompl:/home/akinsantos/ws_moveit/install/moveit_ros_planning:/home/akinsantos/ws_moveit/install/moveit_ros_occupancy_map_monitor:/home/akinsantos/ws_moveit/install/moveit_resources_prbt_ikfast_manipulator_plugin:/home/akinsantos/ws_moveit/install/moveit_planners_chomp:/home/akinsantos/ws_moveit/install/moveit_kinematics:/home/akinsantos/ws_moveit/install/moveit_chomp_optimizer_adapter:/home/akinsantos/ws_moveit/install/chomp_motion_planner:/home/akinsantos/ws_moveit/install/moveit_core:/home/akinsantos/ws_moveit/install/srdfdom:/home/akinsantos/ws_moveit/install/rviz_marker_tools:/home/akinsantos/ws_moveit/install/rosparam_shortcuts:/home/akinsantos/ws_moveit/install/moveit_task_constructor_msgs:/home/akinsantos/ws_moveit/install/moveit_resources_prbt_support:/home/akinsantos/ws_moveit/install/moveit_resources:/home/akinsantos/ws_moveit/install/moveit_resources_pr2_description:/home/akinsantos/ws_moveit/install/moveit_resources_panda_moveit_config:/home/akinsantos/ws_moveit/install/moveit_resources_panda_description:/home/akinsantos/ws_moveit/install/moveit_resources_fanuc_moveit_config:/home/akinsantos/ws_moveit/install/moveit_resources_fanuc_description:/home/akinsantos/ws_moveit/install/moveit_common:/home/akinsantos/ws_moveit/install/moveit_configs_utils:/home/akinsantos/ws_moveit/install/launch_param_builder:/opt/ros/humble LD_LIBRARY_PATH=/home/akinsantos/minipulator_ws/install/dynamixel_workbench_toolbox/lib:${LD_LIBRARY_PATH} /usr/bin/cmake --build /home/akinsantos/minipulator_ws/build/dynamixel_workbench -- -j8 -l8
[1.444s] Level 1:colcon.colcon_core.environment:create_environment_scripts_only(phantomx_reactor_arm_description)
[1.444s] Level 1:colcon.colcon_core.environment:checking '/home/akinsantos/minipulator_ws/install/phantomx_reactor_arm_description' for CMake module files
[1.445s] DEBUG:colcon.colcon_core.event_handler.log_command:Invoked command in '/home/akinsantos/minipulator_ws/build/phantomx_reactor_arm_description' returned '0': CMAKE_PREFIX_PATH=${CMAKE_PREFIX_PATH}:/home/akinsantos/ws_moveit/install/moveit_configs_utils:/home/akinsantos/ws_moveit/install/launch_param_builder:/opt/ros/humble /usr/bin/cmake --install /home/akinsantos/minipulator_ws/build/phantomx_reactor_arm_description
[1.445s] Level 1:colcon.colcon_core.environment:checking '/home/akinsantos/minipulator_ws/install/phantomx_reactor_arm_description' for CMake config files
[1.445s] Level 1:colcon.colcon_core.shell:create_environment_hook('phantomx_reactor_arm_description', 'cmake_prefix_path')
[1.445s] INFO:colcon.colcon_core.shell:Creating environment hook '/home/akinsantos/minipulator_ws/install/phantomx_reactor_arm_description/share/phantomx_reactor_arm_description/hook/cmake_prefix_path.ps1'
[1.446s] INFO:colcon.colcon_core.shell:Creating environment descriptor '/home/akinsantos/minipulator_ws/install/phantomx_reactor_arm_description/share/phantomx_reactor_arm_description/hook/cmake_prefix_path.dsv'
[1.446s] INFO:colcon.colcon_core.shell:Creating environment hook '/home/akinsantos/minipulator_ws/install/phantomx_reactor_arm_description/share/phantomx_reactor_arm_description/hook/cmake_prefix_path.sh'
[1.446s] Level 1:colcon.colcon_core.environment:checking '/home/akinsantos/minipulator_ws/install/phantomx_reactor_arm_description/bin'
[1.447s] Level 1:colcon.colcon_core.environment:checking '/home/akinsantos/minipulator_ws/install/phantomx_reactor_arm_description/lib/pkgconfig/phantomx_reactor_arm_description.pc'
[1.447s] Level 1:colcon.colcon_core.environment:checking '/home/akinsantos/minipulator_ws/install/phantomx_reactor_arm_description/lib/python3.10/site-packages'
[1.447s] Level 1:colcon.colcon_core.environment:checking '/home/akinsantos/minipulator_ws/install/phantomx_reactor_arm_description/bin'
[1.447s] INFO:colcon.colcon_core.shell:Creating package script '/home/akinsantos/minipulator_ws/install/phantomx_reactor_arm_description/share/phantomx_reactor_arm_description/package.ps1'
[1.447s] INFO:colcon.colcon_core.shell:Creating package descriptor '/home/akinsantos/minipulator_ws/install/phantomx_reactor_arm_description/share/phantomx_reactor_arm_description/package.dsv'
[1.448s] INFO:colcon.colcon_core.shell:Creating package script '/home/akinsantos/minipulator_ws/install/phantomx_reactor_arm_description/share/phantomx_reactor_arm_description/package.sh'
[1.448s] INFO:colcon.colcon_core.shell:Creating package script '/home/akinsantos/minipulator_ws/install/phantomx_reactor_arm_description/share/phantomx_reactor_arm_description/package.bash'
[1.448s] INFO:colcon.colcon_core.shell:Creating package script '/home/akinsantos/minipulator_ws/install/phantomx_reactor_arm_description/share/phantomx_reactor_arm_description/package.zsh'
[1.449s] Level 1:colcon.colcon_core.environment:create_file_with_runtime_dependencies(/home/akinsantos/minipulator_ws/install/phantomx_reactor_arm_description/share/colcon-core/packages/phantomx_reactor_arm_description)
[1.449s] Level 1:colcon.colcon_core.environment:create_environment_scripts_only(phantomx_reactor_arm_description)
[1.449s] Level 1:colcon.colcon_core.environment:checking '/home/akinsantos/minipulator_ws/install/phantomx_reactor_arm_description' for CMake module files
[1.450s] Level 1:colcon.colcon_core.environment:checking '/home/akinsantos/minipulator_ws/install/phantomx_reactor_arm_description' for CMake config files
[1.450s] Level 1:colcon.colcon_core.shell:create_environment_hook('phantomx_reactor_arm_description', 'cmake_prefix_path')
[1.450s] INFO:colcon.colcon_core.shell:Creating environment hook '/home/akinsantos/minipulator_ws/install/phantomx_reactor_arm_description/share/phantomx_reactor_arm_description/hook/cmake_prefix_path.ps1'
[1.450s] INFO:colcon.colcon_core.shell:Creating environment descriptor '/home/akinsantos/minipulator_ws/install/phantomx_reactor_arm_description/share/phantomx_reactor_arm_description/hook/cmake_prefix_path.dsv'
[1.451s] INFO:colcon.colcon_core.shell:Creating environment hook '/home/akinsantos/minipulator_ws/install/phantomx_reactor_arm_description/share/phantomx_reactor_arm_description/hook/cmake_prefix_path.sh'
[1.451s] Level 1:colcon.colcon_core.environment:checking '/home/akinsantos/minipulator_ws/install/phantomx_reactor_arm_description/bin'
[1.451s] Level 1:colcon.colcon_core.environment:checking '/home/akinsantos/minipulator_ws/install/phantomx_reactor_arm_description/lib/pkgconfig/phantomx_reactor_arm_description.pc'
[1.451s] Level 1:colcon.colcon_core.environment:checking '/home/akinsantos/minipulator_ws/install/phantomx_reactor_arm_description/lib/python3.10/site-packages'
[1.451s] Level 1:colcon.colcon_core.environment:checking '/home/akinsantos/minipulator_ws/install/phantomx_reactor_arm_description/bin'
[1.452s] INFO:colcon.colcon_core.shell:Creating package script '/home/akinsantos/minipulator_ws/install/phantomx_reactor_arm_description/share/phantomx_reactor_arm_description/package.ps1'
[1.452s] INFO:colcon.colcon_core.shell:Creating package descriptor '/home/akinsantos/minipulator_ws/install/phantomx_reactor_arm_description/share/phantomx_reactor_arm_description/package.dsv'
[1.452s] INFO:colcon.colcon_core.shell:Creating package script '/home/akinsantos/minipulator_ws/install/phantomx_reactor_arm_description/share/phantomx_reactor_arm_description/package.sh'
[1.453s] INFO:colcon.colcon_core.shell:Creating package script '/home/akinsantos/minipulator_ws/install/phantomx_reactor_arm_description/share/phantomx_reactor_arm_description/package.bash'
[1.453s] INFO:colcon.colcon_core.shell:Creating package script '/home/akinsantos/minipulator_ws/install/phantomx_reactor_arm_description/share/phantomx_reactor_arm_description/package.zsh'
[1.453s] Level 1:colcon.colcon_core.environment:create_file_with_runtime_dependencies(/home/akinsantos/minipulator_ws/install/phantomx_reactor_arm_description/share/colcon-core/packages/phantomx_reactor_arm_description)
[1.454s] INFO:colcon.colcon_ros.task.ament_cmake.build:Building ROS package in '/home/akinsantos/minipulator_ws/src/movevit2_test' with build type 'ament_cmake'
[1.454s] INFO:colcon.colcon_cmake.task.cmake.build:Building CMake package in '/home/akinsantos/minipulator_ws/src/movevit2_test'
[1.454s] INFO:colcon.colcon_core.shell:Skip shell extension 'powershell' for command environment: Not usable outside of PowerShell
[1.454s] DEBUG:colcon.colcon_core.shell:Skip shell extension 'dsv' for command environment
[1.459s] INFO:colcon.colcon_ros.task.ament_cmake.build:Building ROS package in '/home/akinsantos/minipulator_ws/src/phantomx_reactor_arm_moveit2_config' with build type 'ament_cmake'
[1.459s] INFO:colcon.colcon_cmake.task.cmake.build:Building CMake package in '/home/akinsantos/minipulator_ws/src/phantomx_reactor_arm_moveit2_config'
[1.460s] INFO:colcon.colcon_core.shell:Skip shell extension 'powershell' for command environment: Not usable outside of PowerShell
[1.460s] DEBUG:colcon.colcon_core.shell:Skip shell extension 'dsv' for command environment
[1.468s] DEBUG:colcon.colcon_core.event_handler.log_command:Invoking command in '/home/akinsantos/minipulator_ws/build/movevit2_test': AMENT_PREFIX_PATH=/home/akinsantos/minipulator_ws/install/phantomx_reactor_arm_description:${AMENT_PREFIX_PATH} CMAKE_PREFIX_PATH=/home/akinsantos/minipulator_ws/install/phantomx_reactor_arm_description:/home/akinsantos/ws_moveit/install/pilz_industrial_motion_planner_testutils:/home/akinsantos/ws_moveit/install/moveit_runtime:/home/akinsantos/ws_moveit/install/moveit2_tutorials:/home/akinsantos/ws_moveit/install/moveit:/home/akinsantos/ws_moveit/install/moveit_planners:/home/akinsantos/ws_moveit/install/pilz_industrial_motion_planner:/home/akinsantos/ws_moveit/install/moveit_visual_tools:/home/akinsantos/ws_moveit/install/moveit_task_constructor_visualization:/home/akinsantos/ws_moveit/install/moveit_task_constructor_demo:/home/akinsantos/ws_moveit/install/moveit_task_constructor_capabilities:/home/akinsantos/ws_moveit/install/moveit_task_constructor_core:/home/akinsantos/ws_moveit/install/moveit_ros_control_interface:/home/akinsantos/ws_moveit/install/moveit_plugins:/home/akinsantos/ws_moveit/install/moveit_simple_controller_manager:/home/akinsantos/ws_moveit/install/moveit_setup_assistant:/home/akinsantos/ws_moveit/install/moveit_setup_srdf_plugins:/home/akinsantos/ws_moveit/install/moveit_setup_core_plugins:/home/akinsantos/ws_moveit/install/moveit_setup_controllers:/home/akinsantos/ws_moveit/install/moveit_setup_app_plugins:/home/akinsantos/ws_moveit/install/moveit_setup_framework:/home/akinsantos/ws_moveit/install/moveit_servo:/home/akinsantos/ws_moveit/install/moveit_ros:/home/akinsantos/ws_moveit/install/moveit_ros_visualization:/home/akinsantos/ws_moveit/install/moveit_hybrid_planning:/home/akinsantos/ws_moveit/install/moveit_ros_planning_interface:/home/akinsantos/ws_moveit/install/moveit_ros_benchmarks:/home/akinsantos/ws_moveit/install/moveit_ros_warehouse:/home/akinsantos/ws_moveit/install/moveit_ros_robot_interaction:/home/akinsantos/ws_moveit/install/moveit_ros_perception:/home/akinsantos/ws_moveit/install/moveit_resources_prbt_pg70_support:/home/akinsantos/ws_moveit/install/moveit_resources_prbt_moveit_config:/home/akinsantos/ws_moveit/install/moveit_ros_move_group:/home/akinsantos/ws_moveit/install/moveit_planners_ompl:/home/akinsantos/ws_moveit/install/moveit_ros_planning:/home/akinsantos/ws_moveit/install/moveit_ros_occupancy_map_monitor:/home/akinsantos/ws_moveit/install/moveit_resources_prbt_ikfast_manipulator_plugin:/home/akinsantos/ws_moveit/install/moveit_planners_chomp:/home/akinsantos/ws_moveit/install/moveit_kinematics:/home/akinsantos/ws_moveit/install/moveit_chomp_optimizer_adapter:/home/akinsantos/ws_moveit/install/chomp_motion_planner:/home/akinsantos/ws_moveit/install/moveit_core:/home/akinsantos/ws_moveit/install/srdfdom:/home/akinsantos/ws_moveit/install/rviz_marker_tools:/home/akinsantos/ws_moveit/install/rosparam_shortcuts:/home/akinsantos/ws_moveit/install/moveit_task_constructor_msgs:/home/akinsantos/ws_moveit/install/moveit_resources_prbt_support:/home/akinsantos/ws_moveit/install/moveit_resources:/home/akinsantos/ws_moveit/install/moveit_resources_pr2_description:/home/akinsantos/ws_moveit/install/moveit_resources_panda_moveit_config:/home/akinsantos/ws_moveit/install/moveit_resources_panda_description:/home/akinsantos/ws_moveit/install/moveit_resources_fanuc_moveit_config:/home/akinsantos/ws_moveit/install/moveit_resources_fanuc_description:/home/akinsantos/ws_moveit/install/moveit_common:/home/akinsantos/ws_moveit/install/moveit_configs_utils:/home/akinsantos/ws_moveit/install/launch_param_builder:/opt/ros/humble /usr/bin/cmake --build /home/akinsantos/minipulator_ws/build/movevit2_test -- -j8 -l8
[1.471s] DEBUG:colcon.colcon_core.event_handler.log_command:Invoking command in '/home/akinsantos/minipulator_ws/build/phantomx_reactor_arm_moveit2_config': AMENT_PREFIX_PATH=/home/akinsantos/minipulator_ws/install/phantomx_reactor_arm_description:${AMENT_PREFIX_PATH} CMAKE_PREFIX_PATH=/home/akinsantos/minipulator_ws/install/phantomx_reactor_arm_description:/home/akinsantos/ws_moveit/install/pilz_industrial_motion_planner_testutils:/home/akinsantos/ws_moveit/install/moveit_runtime:/home/akinsantos/ws_moveit/install/moveit2_tutorials:/home/akinsantos/ws_moveit/install/moveit:/home/akinsantos/ws_moveit/install/moveit_planners:/home/akinsantos/ws_moveit/install/pilz_industrial_motion_planner:/home/akinsantos/ws_moveit/install/moveit_visual_tools:/home/akinsantos/ws_moveit/install/moveit_task_constructor_visualization:/home/akinsantos/ws_moveit/install/moveit_task_constructor_demo:/home/akinsantos/ws_moveit/install/moveit_task_constructor_capabilities:/home/akinsantos/ws_moveit/install/moveit_task_constructor_core:/home/akinsantos/ws_moveit/install/moveit_ros_control_interface:/home/akinsantos/ws_moveit/install/moveit_plugins:/home/akinsantos/ws_moveit/install/moveit_simple_controller_manager:/home/akinsantos/ws_moveit/install/moveit_setup_assistant:/home/akinsantos/ws_moveit/install/moveit_setup_srdf_plugins:/home/akinsantos/ws_moveit/install/moveit_setup_core_plugins:/home/akinsantos/ws_moveit/install/moveit_setup_controllers:/home/akinsantos/ws_moveit/install/moveit_setup_app_plugins:/home/akinsantos/ws_moveit/install/moveit_setup_framework:/home/akinsantos/ws_moveit/install/moveit_servo:/home/akinsantos/ws_moveit/install/moveit_ros:/home/akinsantos/ws_moveit/install/moveit_ros_visualization:/home/akinsantos/ws_moveit/install/moveit_hybrid_planning:/home/akinsantos/ws_moveit/install/moveit_ros_planning_interface:/home/akinsantos/ws_moveit/install/moveit_ros_benchmarks:/home/akinsantos/ws_moveit/install/moveit_ros_warehouse:/home/akinsantos/ws_moveit/install/moveit_ros_robot_interaction:/home/akinsantos/ws_moveit/install/moveit_ros_perception:/home/akinsantos/ws_moveit/install/moveit_resources_prbt_pg70_support:/home/akinsantos/ws_moveit/install/moveit_resources_prbt_moveit_config:/home/akinsantos/ws_moveit/install/moveit_ros_move_group:/home/akinsantos/ws_moveit/install/moveit_planners_ompl:/home/akinsantos/ws_moveit/install/moveit_ros_planning:/home/akinsantos/ws_moveit/install/moveit_ros_occupancy_map_monitor:/home/akinsantos/ws_moveit/install/moveit_resources_prbt_ikfast_manipulator_plugin:/home/akinsantos/ws_moveit/install/moveit_planners_chomp:/home/akinsantos/ws_moveit/install/moveit_kinematics:/home/akinsantos/ws_moveit/install/moveit_chomp_optimizer_adapter:/home/akinsantos/ws_moveit/install/chomp_motion_planner:/home/akinsantos/ws_moveit/install/moveit_core:/home/akinsantos/ws_moveit/install/srdfdom:/home/akinsantos/ws_moveit/install/rviz_marker_tools:/home/akinsantos/ws_moveit/install/rosparam_shortcuts:/home/akinsantos/ws_moveit/install/moveit_task_constructor_msgs:/home/akinsantos/ws_moveit/install/moveit_resources_prbt_support:/home/akinsantos/ws_moveit/install/moveit_resources:/home/akinsantos/ws_moveit/install/moveit_resources_pr2_description:/home/akinsantos/ws_moveit/install/moveit_resources_panda_moveit_config:/home/akinsantos/ws_moveit/install/moveit_resources_panda_description:/home/akinsantos/ws_moveit/install/moveit_resources_fanuc_moveit_config:/home/akinsantos/ws_moveit/install/moveit_resources_fanuc_description:/home/akinsantos/ws_moveit/install/moveit_common:/home/akinsantos/ws_moveit/install/moveit_configs_utils:/home/akinsantos/ws_moveit/install/launch_param_builder:/opt/ros/humble /usr/bin/cmake --build /home/akinsantos/minipulator_ws/build/phantomx_reactor_arm_moveit2_config -- -j8 -l8
[1.477s] DEBUG:colcon.colcon_core.event_handler.log_command:Invoked command in '/home/akinsantos/minipulator_ws/build/dynamixel_workbench' returned '0': AMENT_PREFIX_PATH=/home/akinsantos/minipulator_ws/install/dynamixel_workbench_toolbox:${AMENT_PREFIX_PATH} CMAKE_PREFIX_PATH=/home/akinsantos/minipulator_ws/install/dynamixel_workbench_toolbox:/home/akinsantos/ws_moveit/install/pilz_industrial_motion_planner_testutils:/home/akinsantos/ws_moveit/install/moveit_runtime:/home/akinsantos/ws_moveit/install/moveit2_tutorials:/home/akinsantos/ws_moveit/install/moveit:/home/akinsantos/ws_moveit/install/moveit_planners:/home/akinsantos/ws_moveit/install/pilz_industrial_motion_planner:/home/akinsantos/ws_moveit/install/moveit_visual_tools:/home/akinsantos/ws_moveit/install/moveit_task_constructor_visualization:/home/akinsantos/ws_moveit/install/moveit_task_constructor_demo:/home/akinsantos/ws_moveit/install/moveit_task_constructor_capabilities:/home/akinsantos/ws_moveit/install/moveit_task_constructor_core:/home/akinsantos/ws_moveit/install/moveit_ros_control_interface:/home/akinsantos/ws_moveit/install/moveit_plugins:/home/akinsantos/ws_moveit/install/moveit_simple_controller_manager:/home/akinsantos/ws_moveit/install/moveit_setup_assistant:/home/akinsantos/ws_moveit/install/moveit_setup_srdf_plugins:/home/akinsantos/ws_moveit/install/moveit_setup_core_plugins:/home/akinsantos/ws_moveit/install/moveit_setup_controllers:/home/akinsantos/ws_moveit/install/moveit_setup_app_plugins:/home/akinsantos/ws_moveit/install/moveit_setup_framework:/home/akinsantos/ws_moveit/install/moveit_servo:/home/akinsantos/ws_moveit/install/moveit_ros:/home/akinsantos/ws_moveit/install/moveit_ros_visualization:/home/akinsantos/ws_moveit/install/moveit_hybrid_planning:/home/akinsantos/ws_moveit/install/moveit_ros_planning_interface:/home/akinsantos/ws_moveit/install/moveit_ros_benchmarks:/home/akinsantos/ws_moveit/install/moveit_ros_warehouse:/home/akinsantos/ws_moveit/install/moveit_ros_robot_interaction:/home/akinsantos/ws_moveit/install/moveit_ros_perception:/home/akinsantos/ws_moveit/install/moveit_resources_prbt_pg70_support:/home/akinsantos/ws_moveit/install/moveit_resources_prbt_moveit_config:/home/akinsantos/ws_moveit/install/moveit_ros_move_group:/home/akinsantos/ws_moveit/install/moveit_planners_ompl:/home/akinsantos/ws_moveit/install/moveit_ros_planning:/home/akinsantos/ws_moveit/install/moveit_ros_occupancy_map_monitor:/home/akinsantos/ws_moveit/install/moveit_resources_prbt_ikfast_manipulator_plugin:/home/akinsantos/ws_moveit/install/moveit_planners_chomp:/home/akinsantos/ws_moveit/install/moveit_kinematics:/home/akinsantos/ws_moveit/install/moveit_chomp_optimizer_adapter:/home/akinsantos/ws_moveit/install/chomp_motion_planner:/home/akinsantos/ws_moveit/install/moveit_core:/home/akinsantos/ws_moveit/install/srdfdom:/home/akinsantos/ws_moveit/install/rviz_marker_tools:/home/akinsantos/ws_moveit/install/rosparam_shortcuts:/home/akinsantos/ws_moveit/install/moveit_task_constructor_msgs:/home/akinsantos/ws_moveit/install/moveit_resources_prbt_support:/home/akinsantos/ws_moveit/install/moveit_resources:/home/akinsantos/ws_moveit/install/moveit_resources_pr2_description:/home/akinsantos/ws_moveit/install/moveit_resources_panda_moveit_config:/home/akinsantos/ws_moveit/install/moveit_resources_panda_description:/home/akinsantos/ws_moveit/install/moveit_resources_fanuc_moveit_config:/home/akinsantos/ws_moveit/install/moveit_resources_fanuc_description:/home/akinsantos/ws_moveit/install/moveit_common:/home/akinsantos/ws_moveit/install/moveit_configs_utils:/home/akinsantos/ws_moveit/install/launch_param_builder:/opt/ros/humble LD_LIBRARY_PATH=/home/akinsantos/minipulator_ws/install/dynamixel_workbench_toolbox/lib:${LD_LIBRARY_PATH} /usr/bin/cmake --build /home/akinsantos/minipulator_ws/build/dynamixel_workbench -- -j8 -l8
[1.480s] DEBUG:colcon.colcon_core.event_handler.log_command:Invoking command in '/home/akinsantos/minipulator_ws/build/dynamixel_workbench': AMENT_PREFIX_PATH=/home/akinsantos/minipulator_ws/install/dynamixel_workbench_toolbox:${AMENT_PREFIX_PATH} CMAKE_PREFIX_PATH=/home/akinsantos/minipulator_ws/install/dynamixel_workbench_toolbox:/home/akinsantos/ws_moveit/install/pilz_industrial_motion_planner_testutils:/home/akinsantos/ws_moveit/install/moveit_runtime:/home/akinsantos/ws_moveit/install/moveit2_tutorials:/home/akinsantos/ws_moveit/install/moveit:/home/akinsantos/ws_moveit/install/moveit_planners:/home/akinsantos/ws_moveit/install/pilz_industrial_motion_planner:/home/akinsantos/ws_moveit/install/moveit_visual_tools:/home/akinsantos/ws_moveit/install/moveit_task_constructor_visualization:/home/akinsantos/ws_moveit/install/moveit_task_constructor_demo:/home/akinsantos/ws_moveit/install/moveit_task_constructor_capabilities:/home/akinsantos/ws_moveit/install/moveit_task_constructor_core:/home/akinsantos/ws_moveit/install/moveit_ros_control_interface:/home/akinsantos/ws_moveit/install/moveit_plugins:/home/akinsantos/ws_moveit/install/moveit_simple_controller_manager:/home/akinsantos/ws_moveit/install/moveit_setup_assistant:/home/akinsantos/ws_moveit/install/moveit_setup_srdf_plugins:/home/akinsantos/ws_moveit/install/moveit_setup_core_plugins:/home/akinsantos/ws_moveit/install/moveit_setup_controllers:/home/akinsantos/ws_moveit/install/moveit_setup_app_plugins:/home/akinsantos/ws_moveit/install/moveit_setup_framework:/home/akinsantos/ws_moveit/install/moveit_servo:/home/akinsantos/ws_moveit/install/moveit_ros:/home/akinsantos/ws_moveit/install/moveit_ros_visualization:/home/akinsantos/ws_moveit/install/moveit_hybrid_planning:/home/akinsantos/ws_moveit/install/moveit_ros_planning_interface:/home/akinsantos/ws_moveit/install/moveit_ros_benchmarks:/home/akinsantos/ws_moveit/install/moveit_ros_warehouse:/home/akinsantos/ws_moveit/install/moveit_ros_robot_interaction:/home/akinsantos/ws_moveit/install/moveit_ros_perception:/home/akinsantos/ws_moveit/install/moveit_resources_prbt_pg70_support:/home/akinsantos/ws_moveit/install/moveit_resources_prbt_moveit_config:/home/akinsantos/ws_moveit/install/moveit_ros_move_group:/home/akinsantos/ws_moveit/install/moveit_planners_ompl:/home/akinsantos/ws_moveit/install/moveit_ros_planning:/home/akinsantos/ws_moveit/install/moveit_ros_occupancy_map_monitor:/home/akinsantos/ws_moveit/install/moveit_resources_prbt_ikfast_manipulator_plugin:/home/akinsantos/ws_moveit/install/moveit_planners_chomp:/home/akinsantos/ws_moveit/install/moveit_kinematics:/home/akinsantos/ws_moveit/install/moveit_chomp_optimizer_adapter:/home/akinsantos/ws_moveit/install/chomp_motion_planner:/home/akinsantos/ws_moveit/install/moveit_core:/home/akinsantos/ws_moveit/install/srdfdom:/home/akinsantos/ws_moveit/install/rviz_marker_tools:/home/akinsantos/ws_moveit/install/rosparam_shortcuts:/home/akinsantos/ws_moveit/install/moveit_task_constructor_msgs:/home/akinsantos/ws_moveit/install/moveit_resources_prbt_support:/home/akinsantos/ws_moveit/install/moveit_resources:/home/akinsantos/ws_moveit/install/moveit_resources_pr2_description:/home/akinsantos/ws_moveit/install/moveit_resources_panda_moveit_config:/home/akinsantos/ws_moveit/install/moveit_resources_panda_description:/home/akinsantos/ws_moveit/install/moveit_resources_fanuc_moveit_config:/home/akinsantos/ws_moveit/install/moveit_resources_fanuc_description:/home/akinsantos/ws_moveit/install/moveit_common:/home/akinsantos/ws_moveit/install/moveit_configs_utils:/home/akinsantos/ws_moveit/install/launch_param_builder:/opt/ros/humble LD_LIBRARY_PATH=/home/akinsantos/minipulator_ws/install/dynamixel_workbench_toolbox/lib:${LD_LIBRARY_PATH} /usr/bin/cmake --install /home/akinsantos/minipulator_ws/build/dynamixel_workbench
[1.492s] Level 1:colcon.colcon_core.environment:create_environment_scripts_only(dynamixel_workbench)
[1.492s] Level 1:colcon.colcon_core.environment:checking '/home/akinsantos/minipulator_ws/install/dynamixel_workbench' for CMake module files
[1.493s] DEBUG:colcon.colcon_core.event_handler.log_command:Invoked command in '/home/akinsantos/minipulator_ws/build/dynamixel_workbench' returned '0': AMENT_PREFIX_PATH=/home/akinsantos/minipulator_ws/install/dynamixel_workbench_toolbox:${AMENT_PREFIX_PATH} CMAKE_PREFIX_PATH=/home/akinsantos/minipulator_ws/install/dynamixel_workbench_toolbox:/home/akinsantos/ws_moveit/install/pilz_industrial_motion_planner_testutils:/home/akinsantos/ws_moveit/install/moveit_runtime:/home/akinsantos/ws_moveit/install/moveit2_tutorials:/home/akinsantos/ws_moveit/install/moveit:/home/akinsantos/ws_moveit/install/moveit_planners:/home/akinsantos/ws_moveit/install/pilz_industrial_motion_planner:/home/akinsantos/ws_moveit/install/moveit_visual_tools:/home/akinsantos/ws_moveit/install/moveit_task_constructor_visualization:/home/akinsantos/ws_moveit/install/moveit_task_constructor_demo:/home/akinsantos/ws_moveit/install/moveit_task_constructor_capabilities:/home/akinsantos/ws_moveit/install/moveit_task_constructor_core:/home/akinsantos/ws_moveit/install/moveit_ros_control_interface:/home/akinsantos/ws_moveit/install/moveit_plugins:/home/akinsantos/ws_moveit/install/moveit_simple_controller_manager:/home/akinsantos/ws_moveit/install/moveit_setup_assistant:/home/akinsantos/ws_moveit/install/moveit_setup_srdf_plugins:/home/akinsantos/ws_moveit/install/moveit_setup_core_plugins:/home/akinsantos/ws_moveit/install/moveit_setup_controllers:/home/akinsantos/ws_moveit/install/moveit_setup_app_plugins:/home/akinsantos/ws_moveit/install/moveit_setup_framework:/home/akinsantos/ws_moveit/install/moveit_servo:/home/akinsantos/ws_moveit/install/moveit_ros:/home/akinsantos/ws_moveit/install/moveit_ros_visualization:/home/akinsantos/ws_moveit/install/moveit_hybrid_planning:/home/akinsantos/ws_moveit/install/moveit_ros_planning_interface:/home/akinsantos/ws_moveit/install/moveit_ros_benchmarks:/home/akinsantos/ws_moveit/install/moveit_ros_warehouse:/home/akinsantos/ws_moveit/install/moveit_ros_robot_interaction:/home/akinsantos/ws_moveit/install/moveit_ros_perception:/home/akinsantos/ws_moveit/install/moveit_resources_prbt_pg70_support:/home/akinsantos/ws_moveit/install/moveit_resources_prbt_moveit_config:/home/akinsantos/ws_moveit/install/moveit_ros_move_group:/home/akinsantos/ws_moveit/install/moveit_planners_ompl:/home/akinsantos/ws_moveit/install/moveit_ros_planning:/home/akinsantos/ws_moveit/install/moveit_ros_occupancy_map_monitor:/home/akinsantos/ws_moveit/install/moveit_resources_prbt_ikfast_manipulator_plugin:/home/akinsantos/ws_moveit/install/moveit_planners_chomp:/home/akinsantos/ws_moveit/install/moveit_kinematics:/home/akinsantos/ws_moveit/install/moveit_chomp_optimizer_adapter:/home/akinsantos/ws_moveit/install/chomp_motion_planner:/home/akinsantos/ws_moveit/install/moveit_core:/home/akinsantos/ws_moveit/install/srdfdom:/home/akinsantos/ws_moveit/install/rviz_marker_tools:/home/akinsantos/ws_moveit/install/rosparam_shortcuts:/home/akinsantos/ws_moveit/install/moveit_task_constructor_msgs:/home/akinsantos/ws_moveit/install/moveit_resources_prbt_support:/home/akinsantos/ws_moveit/install/moveit_resources:/home/akinsantos/ws_moveit/install/moveit_resources_pr2_description:/home/akinsantos/ws_moveit/install/moveit_resources_panda_moveit_config:/home/akinsantos/ws_moveit/install/moveit_resources_panda_description:/home/akinsantos/ws_moveit/install/moveit_resources_fanuc_moveit_config:/home/akinsantos/ws_moveit/install/moveit_resources_fanuc_description:/home/akinsantos/ws_moveit/install/moveit_common:/home/akinsantos/ws_moveit/install/moveit_configs_utils:/home/akinsantos/ws_moveit/install/launch_param_builder:/opt/ros/humble LD_LIBRARY_PATH=/home/akinsantos/minipulator_ws/install/dynamixel_workbench_toolbox/lib:${LD_LIBRARY_PATH} /usr/bin/cmake --install /home/akinsantos/minipulator_ws/build/dynamixel_workbench
[1.493s] Level 1:colcon.colcon_core.environment:checking '/home/akinsantos/minipulator_ws/install/dynamixel_workbench' for CMake config files
[1.494s] Level 1:colcon.colcon_core.shell:create_environment_hook('dynamixel_workbench', 'cmake_prefix_path')
[1.495s] INFO:colcon.colcon_core.shell:Creating environment hook '/home/akinsantos/minipulator_ws/install/dynamixel_workbench/share/dynamixel_workbench/hook/cmake_prefix_path.ps1'
[1.495s] INFO:colcon.colcon_core.shell:Creating environment descriptor '/home/akinsantos/minipulator_ws/install/dynamixel_workbench/share/dynamixel_workbench/hook/cmake_prefix_path.dsv'
[1.496s] INFO:colcon.colcon_core.shell:Creating environment hook '/home/akinsantos/minipulator_ws/install/dynamixel_workbench/share/dynamixel_workbench/hook/cmake_prefix_path.sh'
[1.496s] Level 1:colcon.colcon_core.environment:checking '/home/akinsantos/minipulator_ws/install/dynamixel_workbench/bin'
[1.496s] Level 1:colcon.colcon_core.environment:checking '/home/akinsantos/minipulator_ws/install/dynamixel_workbench/lib/pkgconfig/dynamixel_workbench.pc'
[1.497s] Level 1:colcon.colcon_core.environment:checking '/home/akinsantos/minipulator_ws/install/dynamixel_workbench/lib/python3.10/site-packages'
[1.497s] Level 1:colcon.colcon_core.environment:checking '/home/akinsantos/minipulator_ws/install/dynamixel_workbench/bin'
[1.497s] INFO:colcon.colcon_core.shell:Creating package script '/home/akinsantos/minipulator_ws/install/dynamixel_workbench/share/dynamixel_workbench/package.ps1'
[1.498s] INFO:colcon.colcon_core.shell:Creating package descriptor '/home/akinsantos/minipulator_ws/install/dynamixel_workbench/share/dynamixel_workbench/package.dsv'
[1.498s] INFO:colcon.colcon_core.shell:Creating package script '/home/akinsantos/minipulator_ws/install/dynamixel_workbench/share/dynamixel_workbench/package.sh'
[1.498s] INFO:colcon.colcon_core.shell:Creating package script '/home/akinsantos/minipulator_ws/install/dynamixel_workbench/share/dynamixel_workbench/package.bash'
[1.499s] INFO:colcon.colcon_core.shell:Creating package script '/home/akinsantos/minipulator_ws/install/dynamixel_workbench/share/dynamixel_workbench/package.zsh'
[1.499s] Level 1:colcon.colcon_core.environment:create_file_with_runtime_dependencies(/home/akinsantos/minipulator_ws/install/dynamixel_workbench/share/colcon-core/packages/dynamixel_workbench)
[1.499s] Level 1:colcon.colcon_core.environment:create_environment_scripts_only(dynamixel_workbench)
[1.500s] Level 1:colcon.colcon_core.environment:checking '/home/akinsantos/minipulator_ws/install/dynamixel_workbench' for CMake module files
[1.500s] Level 1:colcon.colcon_core.environment:checking '/home/akinsantos/minipulator_ws/install/dynamixel_workbench' for CMake config files
[1.500s] Level 1:colcon.colcon_core.shell:create_environment_hook('dynamixel_workbench', 'cmake_prefix_path')
[1.500s] INFO:colcon.colcon_core.shell:Creating environment hook '/home/akinsantos/minipulator_ws/install/dynamixel_workbench/share/dynamixel_workbench/hook/cmake_prefix_path.ps1'
[1.501s] INFO:colcon.colcon_core.shell:Creating environment descriptor '/home/akinsantos/minipulator_ws/install/dynamixel_workbench/share/dynamixel_workbench/hook/cmake_prefix_path.dsv'
[1.501s] INFO:colcon.colcon_core.shell:Creating environment hook '/home/akinsantos/minipulator_ws/install/dynamixel_workbench/share/dynamixel_workbench/hook/cmake_prefix_path.sh'
[1.501s] Level 1:colcon.colcon_core.environment:checking '/home/akinsantos/minipulator_ws/install/dynamixel_workbench/bin'
[1.501s] Level 1:colcon.colcon_core.environment:checking '/home/akinsantos/minipulator_ws/install/dynamixel_workbench/lib/pkgconfig/dynamixel_workbench.pc'
[1.502s] Level 1:colcon.colcon_core.environment:checking '/home/akinsantos/minipulator_ws/install/dynamixel_workbench/lib/python3.10/site-packages'
[1.502s] Level 1:colcon.colcon_core.environment:checking '/home/akinsantos/minipulator_ws/install/dynamixel_workbench/bin'
[1.502s] INFO:colcon.colcon_core.shell:Creating package script '/home/akinsantos/minipulator_ws/install/dynamixel_workbench/share/dynamixel_workbench/package.ps1'
[1.503s] INFO:colcon.colcon_core.shell:Creating package descriptor '/home/akinsantos/minipulator_ws/install/dynamixel_workbench/share/dynamixel_workbench/package.dsv'
[1.503s] INFO:colcon.colcon_core.shell:Creating package script '/home/akinsantos/minipulator_ws/install/dynamixel_workbench/share/dynamixel_workbench/package.sh'
[1.503s] INFO:colcon.colcon_core.shell:Creating package script '/home/akinsantos/minipulator_ws/install/dynamixel_workbench/share/dynamixel_workbench/package.bash'
[1.504s] INFO:colcon.colcon_core.shell:Creating package script '/home/akinsantos/minipulator_ws/install/dynamixel_workbench/share/dynamixel_workbench/package.zsh'
[1.504s] Level 1:colcon.colcon_core.environment:create_file_with_runtime_dependencies(/home/akinsantos/minipulator_ws/install/dynamixel_workbench/share/colcon-core/packages/dynamixel_workbench)
[1.511s] DEBUG:colcon.colcon_core.event_handler.log_command:Invoked command in '/home/akinsantos/minipulator_ws/build/dynamixel_hardware' returned '0': AMENT_PREFIX_PATH=/home/akinsantos/minipulator_ws/install/dynamixel_workbench_toolbox:${AMENT_PREFIX_PATH} CMAKE_PREFIX_PATH=/home/akinsantos/minipulator_ws/install/dynamixel_workbench_toolbox:/home/akinsantos/ws_moveit/install/pilz_industrial_motion_planner_testutils:/home/akinsantos/ws_moveit/install/moveit_runtime:/home/akinsantos/ws_moveit/install/moveit2_tutorials:/home/akinsantos/ws_moveit/install/moveit:/home/akinsantos/ws_moveit/install/moveit_planners:/home/akinsantos/ws_moveit/install/pilz_industrial_motion_planner:/home/akinsantos/ws_moveit/install/moveit_visual_tools:/home/akinsantos/ws_moveit/install/moveit_task_constructor_visualization:/home/akinsantos/ws_moveit/install/moveit_task_constructor_demo:/home/akinsantos/ws_moveit/install/moveit_task_constructor_capabilities:/home/akinsantos/ws_moveit/install/moveit_task_constructor_core:/home/akinsantos/ws_moveit/install/moveit_ros_control_interface:/home/akinsantos/ws_moveit/install/moveit_plugins:/home/akinsantos/ws_moveit/install/moveit_simple_controller_manager:/home/akinsantos/ws_moveit/install/moveit_setup_assistant:/home/akinsantos/ws_moveit/install/moveit_setup_srdf_plugins:/home/akinsantos/ws_moveit/install/moveit_setup_core_plugins:/home/akinsantos/ws_moveit/install/moveit_setup_controllers:/home/akinsantos/ws_moveit/install/moveit_setup_app_plugins:/home/akinsantos/ws_moveit/install/moveit_setup_framework:/home/akinsantos/ws_moveit/install/moveit_servo:/home/akinsantos/ws_moveit/install/moveit_ros:/home/akinsantos/ws_moveit/install/moveit_ros_visualization:/home/akinsantos/ws_moveit/install/moveit_hybrid_planning:/home/akinsantos/ws_moveit/install/moveit_ros_planning_interface:/home/akinsantos/ws_moveit/install/moveit_ros_benchmarks:/home/akinsantos/ws_moveit/install/moveit_ros_warehouse:/home/akinsantos/ws_moveit/install/moveit_ros_robot_interaction:/home/akinsantos/ws_moveit/install/moveit_ros_perception:/home/akinsantos/ws_moveit/install/moveit_resources_prbt_pg70_support:/home/akinsantos/ws_moveit/install/moveit_resources_prbt_moveit_config:/home/akinsantos/ws_moveit/install/moveit_ros_move_group:/home/akinsantos/ws_moveit/install/moveit_planners_ompl:/home/akinsantos/ws_moveit/install/moveit_ros_planning:/home/akinsantos/ws_moveit/install/moveit_ros_occupancy_map_monitor:/home/akinsantos/ws_moveit/install/moveit_resources_prbt_ikfast_manipulator_plugin:/home/akinsantos/ws_moveit/install/moveit_planners_chomp:/home/akinsantos/ws_moveit/install/moveit_kinematics:/home/akinsantos/ws_moveit/install/moveit_chomp_optimizer_adapter:/home/akinsantos/ws_moveit/install/chomp_motion_planner:/home/akinsantos/ws_moveit/install/moveit_core:/home/akinsantos/ws_moveit/install/srdfdom:/home/akinsantos/ws_moveit/install/rviz_marker_tools:/home/akinsantos/ws_moveit/install/rosparam_shortcuts:/home/akinsantos/ws_moveit/install/moveit_task_constructor_msgs:/home/akinsantos/ws_moveit/install/moveit_resources_prbt_support:/home/akinsantos/ws_moveit/install/moveit_resources:/home/akinsantos/ws_moveit/install/moveit_resources_pr2_description:/home/akinsantos/ws_moveit/install/moveit_resources_panda_moveit_config:/home/akinsantos/ws_moveit/install/moveit_resources_panda_description:/home/akinsantos/ws_moveit/install/moveit_resources_fanuc_moveit_config:/home/akinsantos/ws_moveit/install/moveit_resources_fanuc_description:/home/akinsantos/ws_moveit/install/moveit_common:/home/akinsantos/ws_moveit/install/moveit_configs_utils:/home/akinsantos/ws_moveit/install/launch_param_builder:/opt/ros/humble LD_LIBRARY_PATH=/home/akinsantos/minipulator_ws/install/dynamixel_workbench_toolbox/lib:${LD_LIBRARY_PATH} /usr/bin/cmake --build /home/akinsantos/minipulator_ws/build/dynamixel_hardware -- -j8 -l8
[1.514s] DEBUG:colcon.colcon_core.event_handler.log_command:Invoking command in '/home/akinsantos/minipulator_ws/build/dynamixel_hardware': AMENT_PREFIX_PATH=/home/akinsantos/minipulator_ws/install/dynamixel_workbench_toolbox:${AMENT_PREFIX_PATH} CMAKE_PREFIX_PATH=/home/akinsantos/minipulator_ws/install/dynamixel_workbench_toolbox:/home/akinsantos/ws_moveit/install/pilz_industrial_motion_planner_testutils:/home/akinsantos/ws_moveit/install/moveit_runtime:/home/akinsantos/ws_moveit/install/moveit2_tutorials:/home/akinsantos/ws_moveit/install/moveit:/home/akinsantos/ws_moveit/install/moveit_planners:/home/akinsantos/ws_moveit/install/pilz_industrial_motion_planner:/home/akinsantos/ws_moveit/install/moveit_visual_tools:/home/akinsantos/ws_moveit/install/moveit_task_constructor_visualization:/home/akinsantos/ws_moveit/install/moveit_task_constructor_demo:/home/akinsantos/ws_moveit/install/moveit_task_constructor_capabilities:/home/akinsantos/ws_moveit/install/moveit_task_constructor_core:/home/akinsantos/ws_moveit/install/moveit_ros_control_interface:/home/akinsantos/ws_moveit/install/moveit_plugins:/home/akinsantos/ws_moveit/install/moveit_simple_controller_manager:/home/akinsantos/ws_moveit/install/moveit_setup_assistant:/home/akinsantos/ws_moveit/install/moveit_setup_srdf_plugins:/home/akinsantos/ws_moveit/install/moveit_setup_core_plugins:/home/akinsantos/ws_moveit/install/moveit_setup_controllers:/home/akinsantos/ws_moveit/install/moveit_setup_app_plugins:/home/akinsantos/ws_moveit/install/moveit_setup_framework:/home/akinsantos/ws_moveit/install/moveit_servo:/home/akinsantos/ws_moveit/install/moveit_ros:/home/akinsantos/ws_moveit/install/moveit_ros_visualization:/home/akinsantos/ws_moveit/install/moveit_hybrid_planning:/home/akinsantos/ws_moveit/install/moveit_ros_planning_interface:/home/akinsantos/ws_moveit/install/moveit_ros_benchmarks:/home/akinsantos/ws_moveit/install/moveit_ros_warehouse:/home/akinsantos/ws_moveit/install/moveit_ros_robot_interaction:/home/akinsantos/ws_moveit/install/moveit_ros_perception:/home/akinsantos/ws_moveit/install/moveit_resources_prbt_pg70_support:/home/akinsantos/ws_moveit/install/moveit_resources_prbt_moveit_config:/home/akinsantos/ws_moveit/install/moveit_ros_move_group:/home/akinsantos/ws_moveit/install/moveit_planners_ompl:/home/akinsantos/ws_moveit/install/moveit_ros_planning:/home/akinsantos/ws_moveit/install/moveit_ros_occupancy_map_monitor:/home/akinsantos/ws_moveit/install/moveit_resources_prbt_ikfast_manipulator_plugin:/home/akinsantos/ws_moveit/install/moveit_planners_chomp:/home/akinsantos/ws_moveit/install/moveit_kinematics:/home/akinsantos/ws_moveit/install/moveit_chomp_optimizer_adapter:/home/akinsantos/ws_moveit/install/chomp_motion_planner:/home/akinsantos/ws_moveit/install/moveit_core:/home/akinsantos/ws_moveit/install/srdfdom:/home/akinsantos/ws_moveit/install/rviz_marker_tools:/home/akinsantos/ws_moveit/install/rosparam_shortcuts:/home/akinsantos/ws_moveit/install/moveit_task_constructor_msgs:/home/akinsantos/ws_moveit/install/moveit_resources_prbt_support:/home/akinsantos/ws_moveit/install/moveit_resources:/home/akinsantos/ws_moveit/install/moveit_resources_pr2_description:/home/akinsantos/ws_moveit/install/moveit_resources_panda_moveit_config:/home/akinsantos/ws_moveit/install/moveit_resources_panda_description:/home/akinsantos/ws_moveit/install/moveit_resources_fanuc_moveit_config:/home/akinsantos/ws_moveit/install/moveit_resources_fanuc_description:/home/akinsantos/ws_moveit/install/moveit_common:/home/akinsantos/ws_moveit/install/moveit_configs_utils:/home/akinsantos/ws_moveit/install/launch_param_builder:/opt/ros/humble LD_LIBRARY_PATH=/home/akinsantos/minipulator_ws/install/dynamixel_workbench_toolbox/lib:${LD_LIBRARY_PATH} /usr/bin/cmake --install /home/akinsantos/minipulator_ws/build/dynamixel_hardware
[1.515s] DEBUG:colcon.colcon_core.event_handler.log_command:Invoked command in '/home/akinsantos/minipulator_ws/build/phantomx_reactor_arm_moveit2_config' returned '0': AMENT_PREFIX_PATH=/home/akinsantos/minipulator_ws/install/phantomx_reactor_arm_description:${AMENT_PREFIX_PATH} CMAKE_PREFIX_PATH=/home/akinsantos/minipulator_ws/install/phantomx_reactor_arm_description:/home/akinsantos/ws_moveit/install/pilz_industrial_motion_planner_testutils:/home/akinsantos/ws_moveit/install/moveit_runtime:/home/akinsantos/ws_moveit/install/moveit2_tutorials:/home/akinsantos/ws_moveit/install/moveit:/home/akinsantos/ws_moveit/install/moveit_planners:/home/akinsantos/ws_moveit/install/pilz_industrial_motion_planner:/home/akinsantos/ws_moveit/install/moveit_visual_tools:/home/akinsantos/ws_moveit/install/moveit_task_constructor_visualization:/home/akinsantos/ws_moveit/install/moveit_task_constructor_demo:/home/akinsantos/ws_moveit/install/moveit_task_constructor_capabilities:/home/akinsantos/ws_moveit/install/moveit_task_constructor_core:/home/akinsantos/ws_moveit/install/moveit_ros_control_interface:/home/akinsantos/ws_moveit/install/moveit_plugins:/home/akinsantos/ws_moveit/install/moveit_simple_controller_manager:/home/akinsantos/ws_moveit/install/moveit_setup_assistant:/home/akinsantos/ws_moveit/install/moveit_setup_srdf_plugins:/home/akinsantos/ws_moveit/install/moveit_setup_core_plugins:/home/akinsantos/ws_moveit/install/moveit_setup_controllers:/home/akinsantos/ws_moveit/install/moveit_setup_app_plugins:/home/akinsantos/ws_moveit/install/moveit_setup_framework:/home/akinsantos/ws_moveit/install/moveit_servo:/home/akinsantos/ws_moveit/install/moveit_ros:/home/akinsantos/ws_moveit/install/moveit_ros_visualization:/home/akinsantos/ws_moveit/install/moveit_hybrid_planning:/home/akinsantos/ws_moveit/install/moveit_ros_planning_interface:/home/akinsantos/ws_moveit/install/moveit_ros_benchmarks:/home/akinsantos/ws_moveit/install/moveit_ros_warehouse:/home/akinsantos/ws_moveit/install/moveit_ros_robot_interaction:/home/akinsantos/ws_moveit/install/moveit_ros_perception:/home/akinsantos/ws_moveit/install/moveit_resources_prbt_pg70_support:/home/akinsantos/ws_moveit/install/moveit_resources_prbt_moveit_config:/home/akinsantos/ws_moveit/install/moveit_ros_move_group:/home/akinsantos/ws_moveit/install/moveit_planners_ompl:/home/akinsantos/ws_moveit/install/moveit_ros_planning:/home/akinsantos/ws_moveit/install/moveit_ros_occupancy_map_monitor:/home/akinsantos/ws_moveit/install/moveit_resources_prbt_ikfast_manipulator_plugin:/home/akinsantos/ws_moveit/install/moveit_planners_chomp:/home/akinsantos/ws_moveit/install/moveit_kinematics:/home/akinsantos/ws_moveit/install/moveit_chomp_optimizer_adapter:/home/akinsantos/ws_moveit/install/chomp_motion_planner:/home/akinsantos/ws_moveit/install/moveit_core:/home/akinsantos/ws_moveit/install/srdfdom:/home/akinsantos/ws_moveit/install/rviz_marker_tools:/home/akinsantos/ws_moveit/install/rosparam_shortcuts:/home/akinsantos/ws_moveit/install/moveit_task_constructor_msgs:/home/akinsantos/ws_moveit/install/moveit_resources_prbt_support:/home/akinsantos/ws_moveit/install/moveit_resources:/home/akinsantos/ws_moveit/install/moveit_resources_pr2_description:/home/akinsantos/ws_moveit/install/moveit_resources_panda_moveit_config:/home/akinsantos/ws_moveit/install/moveit_resources_panda_description:/home/akinsantos/ws_moveit/install/moveit_resources_fanuc_moveit_config:/home/akinsantos/ws_moveit/install/moveit_resources_fanuc_description:/home/akinsantos/ws_moveit/install/moveit_common:/home/akinsantos/ws_moveit/install/moveit_configs_utils:/home/akinsantos/ws_moveit/install/launch_param_builder:/opt/ros/humble /usr/bin/cmake --build /home/akinsantos/minipulator_ws/build/phantomx_reactor_arm_moveit2_config -- -j8 -l8
[1.516s] DEBUG:colcon.colcon_core.event_handler.log_command:Invoking command in '/home/akinsantos/minipulator_ws/build/phantomx_reactor_arm_moveit2_config': AMENT_PREFIX_PATH=/home/akinsantos/minipulator_ws/install/phantomx_reactor_arm_description:${AMENT_PREFIX_PATH} CMAKE_PREFIX_PATH=/home/akinsantos/minipulator_ws/install/phantomx_reactor_arm_description:/home/akinsantos/ws_moveit/install/pilz_industrial_motion_planner_testutils:/home/akinsantos/ws_moveit/install/moveit_runtime:/home/akinsantos/ws_moveit/install/moveit2_tutorials:/home/akinsantos/ws_moveit/install/moveit:/home/akinsantos/ws_moveit/install/moveit_planners:/home/akinsantos/ws_moveit/install/pilz_industrial_motion_planner:/home/akinsantos/ws_moveit/install/moveit_visual_tools:/home/akinsantos/ws_moveit/install/moveit_task_constructor_visualization:/home/akinsantos/ws_moveit/install/moveit_task_constructor_demo:/home/akinsantos/ws_moveit/install/moveit_task_constructor_capabilities:/home/akinsantos/ws_moveit/install/moveit_task_constructor_core:/home/akinsantos/ws_moveit/install/moveit_ros_control_interface:/home/akinsantos/ws_moveit/install/moveit_plugins:/home/akinsantos/ws_moveit/install/moveit_simple_controller_manager:/home/akinsantos/ws_moveit/install/moveit_setup_assistant:/home/akinsantos/ws_moveit/install/moveit_setup_srdf_plugins:/home/akinsantos/ws_moveit/install/moveit_setup_core_plugins:/home/akinsantos/ws_moveit/install/moveit_setup_controllers:/home/akinsantos/ws_moveit/install/moveit_setup_app_plugins:/home/akinsantos/ws_moveit/install/moveit_setup_framework:/home/akinsantos/ws_moveit/install/moveit_servo:/home/akinsantos/ws_moveit/install/moveit_ros:/home/akinsantos/ws_moveit/install/moveit_ros_visualization:/home/akinsantos/ws_moveit/install/moveit_hybrid_planning:/home/akinsantos/ws_moveit/install/moveit_ros_planning_interface:/home/akinsantos/ws_moveit/install/moveit_ros_benchmarks:/home/akinsantos/ws_moveit/install/moveit_ros_warehouse:/home/akinsantos/ws_moveit/install/moveit_ros_robot_interaction:/home/akinsantos/ws_moveit/install/moveit_ros_perception:/home/akinsantos/ws_moveit/install/moveit_resources_prbt_pg70_support:/home/akinsantos/ws_moveit/install/moveit_resources_prbt_moveit_config:/home/akinsantos/ws_moveit/install/moveit_ros_move_group:/home/akinsantos/ws_moveit/install/moveit_planners_ompl:/home/akinsantos/ws_moveit/install/moveit_ros_planning:/home/akinsantos/ws_moveit/install/moveit_ros_occupancy_map_monitor:/home/akinsantos/ws_moveit/install/moveit_resources_prbt_ikfast_manipulator_plugin:/home/akinsantos/ws_moveit/install/moveit_planners_chomp:/home/akinsantos/ws_moveit/install/moveit_kinematics:/home/akinsantos/ws_moveit/install/moveit_chomp_optimizer_adapter:/home/akinsantos/ws_moveit/install/chomp_motion_planner:/home/akinsantos/ws_moveit/install/moveit_core:/home/akinsantos/ws_moveit/install/srdfdom:/home/akinsantos/ws_moveit/install/rviz_marker_tools:/home/akinsantos/ws_moveit/install/rosparam_shortcuts:/home/akinsantos/ws_moveit/install/moveit_task_constructor_msgs:/home/akinsantos/ws_moveit/install/moveit_resources_prbt_support:/home/akinsantos/ws_moveit/install/moveit_resources:/home/akinsantos/ws_moveit/install/moveit_resources_pr2_description:/home/akinsantos/ws_moveit/install/moveit_resources_panda_moveit_config:/home/akinsantos/ws_moveit/install/moveit_resources_panda_description:/home/akinsantos/ws_moveit/install/moveit_resources_fanuc_moveit_config:/home/akinsantos/ws_moveit/install/moveit_resources_fanuc_description:/home/akinsantos/ws_moveit/install/moveit_common:/home/akinsantos/ws_moveit/install/moveit_configs_utils:/home/akinsantos/ws_moveit/install/launch_param_builder:/opt/ros/humble /usr/bin/cmake --install /home/akinsantos/minipulator_ws/build/phantomx_reactor_arm_moveit2_config
[1.517s] DEBUG:colcon.colcon_core.event_handler.log_command:Invoked command in '/home/akinsantos/minipulator_ws/build/movevit2_test' returned '0': AMENT_PREFIX_PATH=/home/akinsantos/minipulator_ws/install/phantomx_reactor_arm_description:${AMENT_PREFIX_PATH} CMAKE_PREFIX_PATH=/home/akinsantos/minipulator_ws/install/phantomx_reactor_arm_description:/home/akinsantos/ws_moveit/install/pilz_industrial_motion_planner_testutils:/home/akinsantos/ws_moveit/install/moveit_runtime:/home/akinsantos/ws_moveit/install/moveit2_tutorials:/home/akinsantos/ws_moveit/install/moveit:/home/akinsantos/ws_moveit/install/moveit_planners:/home/akinsantos/ws_moveit/install/pilz_industrial_motion_planner:/home/akinsantos/ws_moveit/install/moveit_visual_tools:/home/akinsantos/ws_moveit/install/moveit_task_constructor_visualization:/home/akinsantos/ws_moveit/install/moveit_task_constructor_demo:/home/akinsantos/ws_moveit/install/moveit_task_constructor_capabilities:/home/akinsantos/ws_moveit/install/moveit_task_constructor_core:/home/akinsantos/ws_moveit/install/moveit_ros_control_interface:/home/akinsantos/ws_moveit/install/moveit_plugins:/home/akinsantos/ws_moveit/install/moveit_simple_controller_manager:/home/akinsantos/ws_moveit/install/moveit_setup_assistant:/home/akinsantos/ws_moveit/install/moveit_setup_srdf_plugins:/home/akinsantos/ws_moveit/install/moveit_setup_core_plugins:/home/akinsantos/ws_moveit/install/moveit_setup_controllers:/home/akinsantos/ws_moveit/install/moveit_setup_app_plugins:/home/akinsantos/ws_moveit/install/moveit_setup_framework:/home/akinsantos/ws_moveit/install/moveit_servo:/home/akinsantos/ws_moveit/install/moveit_ros:/home/akinsantos/ws_moveit/install/moveit_ros_visualization:/home/akinsantos/ws_moveit/install/moveit_hybrid_planning:/home/akinsantos/ws_moveit/install/moveit_ros_planning_interface:/home/akinsantos/ws_moveit/install/moveit_ros_benchmarks:/home/akinsantos/ws_moveit/install/moveit_ros_warehouse:/home/akinsantos/ws_moveit/install/moveit_ros_robot_interaction:/home/akinsantos/ws_moveit/install/moveit_ros_perception:/home/akinsantos/ws_moveit/install/moveit_resources_prbt_pg70_support:/home/akinsantos/ws_moveit/install/moveit_resources_prbt_moveit_config:/home/akinsantos/ws_moveit/install/moveit_ros_move_group:/home/akinsantos/ws_moveit/install/moveit_planners_ompl:/home/akinsantos/ws_moveit/install/moveit_ros_planning:/home/akinsantos/ws_moveit/install/moveit_ros_occupancy_map_monitor:/home/akinsantos/ws_moveit/install/moveit_resources_prbt_ikfast_manipulator_plugin:/home/akinsantos/ws_moveit/install/moveit_planners_chomp:/home/akinsantos/ws_moveit/install/moveit_kinematics:/home/akinsantos/ws_moveit/install/moveit_chomp_optimizer_adapter:/home/akinsantos/ws_moveit/install/chomp_motion_planner:/home/akinsantos/ws_moveit/install/moveit_core:/home/akinsantos/ws_moveit/install/srdfdom:/home/akinsantos/ws_moveit/install/rviz_marker_tools:/home/akinsantos/ws_moveit/install/rosparam_shortcuts:/home/akinsantos/ws_moveit/install/moveit_task_constructor_msgs:/home/akinsantos/ws_moveit/install/moveit_resources_prbt_support:/home/akinsantos/ws_moveit/install/moveit_resources:/home/akinsantos/ws_moveit/install/moveit_resources_pr2_description:/home/akinsantos/ws_moveit/install/moveit_resources_panda_moveit_config:/home/akinsantos/ws_moveit/install/moveit_resources_panda_description:/home/akinsantos/ws_moveit/install/moveit_resources_fanuc_moveit_config:/home/akinsantos/ws_moveit/install/moveit_resources_fanuc_description:/home/akinsantos/ws_moveit/install/moveit_common:/home/akinsantos/ws_moveit/install/moveit_configs_utils:/home/akinsantos/ws_moveit/install/launch_param_builder:/opt/ros/humble /usr/bin/cmake --build /home/akinsantos/minipulator_ws/build/movevit2_test -- -j8 -l8
[1.518s] DEBUG:colcon.colcon_core.event_handler.log_command:Invoking command in '/home/akinsantos/minipulator_ws/build/movevit2_test': AMENT_PREFIX_PATH=/home/akinsantos/minipulator_ws/install/phantomx_reactor_arm_description:${AMENT_PREFIX_PATH} CMAKE_PREFIX_PATH=/home/akinsantos/minipulator_ws/install/phantomx_reactor_arm_description:/home/akinsantos/ws_moveit/install/pilz_industrial_motion_planner_testutils:/home/akinsantos/ws_moveit/install/moveit_runtime:/home/akinsantos/ws_moveit/install/moveit2_tutorials:/home/akinsantos/ws_moveit/install/moveit:/home/akinsantos/ws_moveit/install/moveit_planners:/home/akinsantos/ws_moveit/install/pilz_industrial_motion_planner:/home/akinsantos/ws_moveit/install/moveit_visual_tools:/home/akinsantos/ws_moveit/install/moveit_task_constructor_visualization:/home/akinsantos/ws_moveit/install/moveit_task_constructor_demo:/home/akinsantos/ws_moveit/install/moveit_task_constructor_capabilities:/home/akinsantos/ws_moveit/install/moveit_task_constructor_core:/home/akinsantos/ws_moveit/install/moveit_ros_control_interface:/home/akinsantos/ws_moveit/install/moveit_plugins:/home/akinsantos/ws_moveit/install/moveit_simple_controller_manager:/home/akinsantos/ws_moveit/install/moveit_setup_assistant:/home/akinsantos/ws_moveit/install/moveit_setup_srdf_plugins:/home/akinsantos/ws_moveit/install/moveit_setup_core_plugins:/home/akinsantos/ws_moveit/install/moveit_setup_controllers:/home/akinsantos/ws_moveit/install/moveit_setup_app_plugins:/home/akinsantos/ws_moveit/install/moveit_setup_framework:/home/akinsantos/ws_moveit/install/moveit_servo:/home/akinsantos/ws_moveit/install/moveit_ros:/home/akinsantos/ws_moveit/install/moveit_ros_visualization:/home/akinsantos/ws_moveit/install/moveit_hybrid_planning:/home/akinsantos/ws_moveit/install/moveit_ros_planning_interface:/home/akinsantos/ws_moveit/install/moveit_ros_benchmarks:/home/akinsantos/ws_moveit/install/moveit_ros_warehouse:/home/akinsantos/ws_moveit/install/moveit_ros_robot_interaction:/home/akinsantos/ws_moveit/install/moveit_ros_perception:/home/akinsantos/ws_moveit/install/moveit_resources_prbt_pg70_support:/home/akinsantos/ws_moveit/install/moveit_resources_prbt_moveit_config:/home/akinsantos/ws_moveit/install/moveit_ros_move_group:/home/akinsantos/ws_moveit/install/moveit_planners_ompl:/home/akinsantos/ws_moveit/install/moveit_ros_planning:/home/akinsantos/ws_moveit/install/moveit_ros_occupancy_map_monitor:/home/akinsantos/ws_moveit/install/moveit_resources_prbt_ikfast_manipulator_plugin:/home/akinsantos/ws_moveit/install/moveit_planners_chomp:/home/akinsantos/ws_moveit/install/moveit_kinematics:/home/akinsantos/ws_moveit/install/moveit_chomp_optimizer_adapter:/home/akinsantos/ws_moveit/install/chomp_motion_planner:/home/akinsantos/ws_moveit/install/moveit_core:/home/akinsantos/ws_moveit/install/srdfdom:/home/akinsantos/ws_moveit/install/rviz_marker_tools:/home/akinsantos/ws_moveit/install/rosparam_shortcuts:/home/akinsantos/ws_moveit/install/moveit_task_constructor_msgs:/home/akinsantos/ws_moveit/install/moveit_resources_prbt_support:/home/akinsantos/ws_moveit/install/moveit_resources:/home/akinsantos/ws_moveit/install/moveit_resources_pr2_description:/home/akinsantos/ws_moveit/install/moveit_resources_panda_moveit_config:/home/akinsantos/ws_moveit/install/moveit_resources_panda_description:/home/akinsantos/ws_moveit/install/moveit_resources_fanuc_moveit_config:/home/akinsantos/ws_moveit/install/moveit_resources_fanuc_description:/home/akinsantos/ws_moveit/install/moveit_common:/home/akinsantos/ws_moveit/install/moveit_configs_utils:/home/akinsantos/ws_moveit/install/launch_param_builder:/opt/ros/humble /usr/bin/cmake --install /home/akinsantos/minipulator_ws/build/movevit2_test
[1.530s] Level 1:colcon.colcon_core.environment:create_environment_scripts_only(dynamixel_hardware)
[1.531s] Level 1:colcon.colcon_core.environment:checking '/home/akinsantos/minipulator_ws/install/dynamixel_hardware' for CMake module files
[1.532s] DEBUG:colcon.colcon_core.event_handler.log_command:Invoked command in '/home/akinsantos/minipulator_ws/build/dynamixel_hardware' returned '0': AMENT_PREFIX_PATH=/home/akinsantos/minipulator_ws/install/dynamixel_workbench_toolbox:${AMENT_PREFIX_PATH} CMAKE_PREFIX_PATH=/home/akinsantos/minipulator_ws/install/dynamixel_workbench_toolbox:/home/akinsantos/ws_moveit/install/pilz_industrial_motion_planner_testutils:/home/akinsantos/ws_moveit/install/moveit_runtime:/home/akinsantos/ws_moveit/install/moveit2_tutorials:/home/akinsantos/ws_moveit/install/moveit:/home/akinsantos/ws_moveit/install/moveit_planners:/home/akinsantos/ws_moveit/install/pilz_industrial_motion_planner:/home/akinsantos/ws_moveit/install/moveit_visual_tools:/home/akinsantos/ws_moveit/install/moveit_task_constructor_visualization:/home/akinsantos/ws_moveit/install/moveit_task_constructor_demo:/home/akinsantos/ws_moveit/install/moveit_task_constructor_capabilities:/home/akinsantos/ws_moveit/install/moveit_task_constructor_core:/home/akinsantos/ws_moveit/install/moveit_ros_control_interface:/home/akinsantos/ws_moveit/install/moveit_plugins:/home/akinsantos/ws_moveit/install/moveit_simple_controller_manager:/home/akinsantos/ws_moveit/install/moveit_setup_assistant:/home/akinsantos/ws_moveit/install/moveit_setup_srdf_plugins:/home/akinsantos/ws_moveit/install/moveit_setup_core_plugins:/home/akinsantos/ws_moveit/install/moveit_setup_controllers:/home/akinsantos/ws_moveit/install/moveit_setup_app_plugins:/home/akinsantos/ws_moveit/install/moveit_setup_framework:/home/akinsantos/ws_moveit/install/moveit_servo:/home/akinsantos/ws_moveit/install/moveit_ros:/home/akinsantos/ws_moveit/install/moveit_ros_visualization:/home/akinsantos/ws_moveit/install/moveit_hybrid_planning:/home/akinsantos/ws_moveit/install/moveit_ros_planning_interface:/home/akinsantos/ws_moveit/install/moveit_ros_benchmarks:/home/akinsantos/ws_moveit/install/moveit_ros_warehouse:/home/akinsantos/ws_moveit/install/moveit_ros_robot_interaction:/home/akinsantos/ws_moveit/install/moveit_ros_perception:/home/akinsantos/ws_moveit/install/moveit_resources_prbt_pg70_support:/home/akinsantos/ws_moveit/install/moveit_resources_prbt_moveit_config:/home/akinsantos/ws_moveit/install/moveit_ros_move_group:/home/akinsantos/ws_moveit/install/moveit_planners_ompl:/home/akinsantos/ws_moveit/install/moveit_ros_planning:/home/akinsantos/ws_moveit/install/moveit_ros_occupancy_map_monitor:/home/akinsantos/ws_moveit/install/moveit_resources_prbt_ikfast_manipulator_plugin:/home/akinsantos/ws_moveit/install/moveit_planners_chomp:/home/akinsantos/ws_moveit/install/moveit_kinematics:/home/akinsantos/ws_moveit/install/moveit_chomp_optimizer_adapter:/home/akinsantos/ws_moveit/install/chomp_motion_planner:/home/akinsantos/ws_moveit/install/moveit_core:/home/akinsantos/ws_moveit/install/srdfdom:/home/akinsantos/ws_moveit/install/rviz_marker_tools:/home/akinsantos/ws_moveit/install/rosparam_shortcuts:/home/akinsantos/ws_moveit/install/moveit_task_constructor_msgs:/home/akinsantos/ws_moveit/install/moveit_resources_prbt_support:/home/akinsantos/ws_moveit/install/moveit_resources:/home/akinsantos/ws_moveit/install/moveit_resources_pr2_description:/home/akinsantos/ws_moveit/install/moveit_resources_panda_moveit_config:/home/akinsantos/ws_moveit/install/moveit_resources_panda_description:/home/akinsantos/ws_moveit/install/moveit_resources_fanuc_moveit_config:/home/akinsantos/ws_moveit/install/moveit_resources_fanuc_description:/home/akinsantos/ws_moveit/install/moveit_common:/home/akinsantos/ws_moveit/install/moveit_configs_utils:/home/akinsantos/ws_moveit/install/launch_param_builder:/opt/ros/humble LD_LIBRARY_PATH=/home/akinsantos/minipulator_ws/install/dynamixel_workbench_toolbox/lib:${LD_LIBRARY_PATH} /usr/bin/cmake --install /home/akinsantos/minipulator_ws/build/dynamixel_hardware
[1.533s] Level 1:colcon.colcon_core.environment:checking '/home/akinsantos/minipulator_ws/install/dynamixel_hardware' for CMake config files
[1.535s] Level 1:colcon.colcon_core.shell:create_environment_hook('dynamixel_hardware', 'cmake_prefix_path')
[1.535s] INFO:colcon.colcon_core.shell:Creating environment hook '/home/akinsantos/minipulator_ws/install/dynamixel_hardware/share/dynamixel_hardware/hook/cmake_prefix_path.ps1'
[1.535s] INFO:colcon.colcon_core.shell:Creating environment descriptor '/home/akinsantos/minipulator_ws/install/dynamixel_hardware/share/dynamixel_hardware/hook/cmake_prefix_path.dsv'
[1.536s] INFO:colcon.colcon_core.shell:Creating environment hook '/home/akinsantos/minipulator_ws/install/dynamixel_hardware/share/dynamixel_hardware/hook/cmake_prefix_path.sh'
[1.536s] Level 1:colcon.colcon_core.environment:checking '/home/akinsantos/minipulator_ws/install/dynamixel_hardware/lib'
[1.536s] Level 1:colcon.colcon_core.shell:create_environment_hook('dynamixel_hardware', 'ld_library_path_lib')
[1.536s] INFO:colcon.colcon_core.shell:Creating environment hook '/home/akinsantos/minipulator_ws/install/dynamixel_hardware/share/dynamixel_hardware/hook/ld_library_path_lib.ps1'
[1.536s] INFO:colcon.colcon_core.shell:Creating environment descriptor '/home/akinsantos/minipulator_ws/install/dynamixel_hardware/share/dynamixel_hardware/hook/ld_library_path_lib.dsv'
[1.537s] INFO:colcon.colcon_core.shell:Creating environment hook '/home/akinsantos/minipulator_ws/install/dynamixel_hardware/share/dynamixel_hardware/hook/ld_library_path_lib.sh'
[1.537s] Level 1:colcon.colcon_core.environment:checking '/home/akinsantos/minipulator_ws/install/dynamixel_hardware/bin'
[1.537s] Level 1:colcon.colcon_core.environment:checking '/home/akinsantos/minipulator_ws/install/dynamixel_hardware/lib/pkgconfig/dynamixel_hardware.pc'
[1.537s] Level 1:colcon.colcon_core.environment:checking '/home/akinsantos/minipulator_ws/install/dynamixel_hardware/lib/python3.10/site-packages'
[1.537s] Level 1:colcon.colcon_core.environment:checking '/home/akinsantos/minipulator_ws/install/dynamixel_hardware/bin'
[1.538s] INFO:colcon.colcon_core.shell:Creating package script '/home/akinsantos/minipulator_ws/install/dynamixel_hardware/share/dynamixel_hardware/package.ps1'
[1.538s] INFO:colcon.colcon_core.shell:Creating package descriptor '/home/akinsantos/minipulator_ws/install/dynamixel_hardware/share/dynamixel_hardware/package.dsv'
[1.538s] INFO:colcon.colcon_core.shell:Creating package script '/home/akinsantos/minipulator_ws/install/dynamixel_hardware/share/dynamixel_hardware/package.sh'
[1.539s] INFO:colcon.colcon_core.shell:Creating package script '/home/akinsantos/minipulator_ws/install/dynamixel_hardware/share/dynamixel_hardware/package.bash'
[1.539s] INFO:colcon.colcon_core.shell:Creating package script '/home/akinsantos/minipulator_ws/install/dynamixel_hardware/share/dynamixel_hardware/package.zsh'
[1.539s] Level 1:colcon.colcon_core.environment:create_file_with_runtime_dependencies(/home/akinsantos/minipulator_ws/install/dynamixel_hardware/share/colcon-core/packages/dynamixel_hardware)
[1.541s] Level 1:colcon.colcon_core.environment:create_environment_scripts_only(dynamixel_hardware)
[1.541s] Level 1:colcon.colcon_core.environment:checking '/home/akinsantos/minipulator_ws/install/dynamixel_hardware' for CMake module files
[1.541s] Level 1:colcon.colcon_core.environment:checking '/home/akinsantos/minipulator_ws/install/dynamixel_hardware' for CMake config files
[1.541s] Level 1:colcon.colcon_core.shell:create_environment_hook('dynamixel_hardware', 'cmake_prefix_path')
[1.541s] INFO:colcon.colcon_core.shell:Creating environment hook '/home/akinsantos/minipulator_ws/install/dynamixel_hardware/share/dynamixel_hardware/hook/cmake_prefix_path.ps1'
[1.542s] INFO:colcon.colcon_core.shell:Creating environment descriptor '/home/akinsantos/minipulator_ws/install/dynamixel_hardware/share/dynamixel_hardware/hook/cmake_prefix_path.dsv'
[1.542s] INFO:colcon.colcon_core.shell:Creating environment hook '/home/akinsantos/minipulator_ws/install/dynamixel_hardware/share/dynamixel_hardware/hook/cmake_prefix_path.sh'
[1.542s] Level 1:colcon.colcon_core.environment:checking '/home/akinsantos/minipulator_ws/install/dynamixel_hardware/lib'
[1.542s] Level 1:colcon.colcon_core.shell:create_environment_hook('dynamixel_hardware', 'ld_library_path_lib')
[1.542s] INFO:colcon.colcon_core.shell:Creating environment hook '/home/akinsantos/minipulator_ws/install/dynamixel_hardware/share/dynamixel_hardware/hook/ld_library_path_lib.ps1'
[1.543s] INFO:colcon.colcon_core.shell:Creating environment descriptor '/home/akinsantos/minipulator_ws/install/dynamixel_hardware/share/dynamixel_hardware/hook/ld_library_path_lib.dsv'
[1.543s] INFO:colcon.colcon_core.shell:Creating environment hook '/home/akinsantos/minipulator_ws/install/dynamixel_hardware/share/dynamixel_hardware/hook/ld_library_path_lib.sh'
[1.543s] Level 1:colcon.colcon_core.environment:checking '/home/akinsantos/minipulator_ws/install/dynamixel_hardware/bin'
[1.543s] Level 1:colcon.colcon_core.environment:checking '/home/akinsantos/minipulator_ws/install/dynamixel_hardware/lib/pkgconfig/dynamixel_hardware.pc'
[1.543s] Level 1:colcon.colcon_core.environment:checking '/home/akinsantos/minipulator_ws/install/dynamixel_hardware/lib/python3.10/site-packages'
[1.544s] Level 1:colcon.colcon_core.environment:checking '/home/akinsantos/minipulator_ws/install/dynamixel_hardware/bin'
[1.544s] INFO:colcon.colcon_core.shell:Creating package script '/home/akinsantos/minipulator_ws/install/dynamixel_hardware/share/dynamixel_hardware/package.ps1'
[1.544s] INFO:colcon.colcon_core.shell:Creating package descriptor '/home/akinsantos/minipulator_ws/install/dynamixel_hardware/share/dynamixel_hardware/package.dsv'
[1.545s] INFO:colcon.colcon_core.shell:Creating package script '/home/akinsantos/minipulator_ws/install/dynamixel_hardware/share/dynamixel_hardware/package.sh'
[1.545s] INFO:colcon.colcon_core.shell:Creating package script '/home/akinsantos/minipulator_ws/install/dynamixel_hardware/share/dynamixel_hardware/package.bash'
[1.545s] INFO:colcon.colcon_core.shell:Creating package script '/home/akinsantos/minipulator_ws/install/dynamixel_hardware/share/dynamixel_hardware/package.zsh'
[1.545s] Level 1:colcon.colcon_core.environment:create_file_with_runtime_dependencies(/home/akinsantos/minipulator_ws/install/dynamixel_hardware/share/colcon-core/packages/dynamixel_hardware)
[1.546s] Level 1:colcon.colcon_core.environment:create_environment_scripts_only(phantomx_reactor_arm_moveit2_config)
[1.547s] Level 1:colcon.colcon_core.environment:checking '/home/akinsantos/minipulator_ws/install/phantomx_reactor_arm_moveit2_config' for CMake module files
[1.547s] DEBUG:colcon.colcon_core.event_handler.log_command:Invoked command in '/home/akinsantos/minipulator_ws/build/phantomx_reactor_arm_moveit2_config' returned '0': AMENT_PREFIX_PATH=/home/akinsantos/minipulator_ws/install/phantomx_reactor_arm_description:${AMENT_PREFIX_PATH} CMAKE_PREFIX_PATH=/home/akinsantos/minipulator_ws/install/phantomx_reactor_arm_description:/home/akinsantos/ws_moveit/install/pilz_industrial_motion_planner_testutils:/home/akinsantos/ws_moveit/install/moveit_runtime:/home/akinsantos/ws_moveit/install/moveit2_tutorials:/home/akinsantos/ws_moveit/install/moveit:/home/akinsantos/ws_moveit/install/moveit_planners:/home/akinsantos/ws_moveit/install/pilz_industrial_motion_planner:/home/akinsantos/ws_moveit/install/moveit_visual_tools:/home/akinsantos/ws_moveit/install/moveit_task_constructor_visualization:/home/akinsantos/ws_moveit/install/moveit_task_constructor_demo:/home/akinsantos/ws_moveit/install/moveit_task_constructor_capabilities:/home/akinsantos/ws_moveit/install/moveit_task_constructor_core:/home/akinsantos/ws_moveit/install/moveit_ros_control_interface:/home/akinsantos/ws_moveit/install/moveit_plugins:/home/akinsantos/ws_moveit/install/moveit_simple_controller_manager:/home/akinsantos/ws_moveit/install/moveit_setup_assistant:/home/akinsantos/ws_moveit/install/moveit_setup_srdf_plugins:/home/akinsantos/ws_moveit/install/moveit_setup_core_plugins:/home/akinsantos/ws_moveit/install/moveit_setup_controllers:/home/akinsantos/ws_moveit/install/moveit_setup_app_plugins:/home/akinsantos/ws_moveit/install/moveit_setup_framework:/home/akinsantos/ws_moveit/install/moveit_servo:/home/akinsantos/ws_moveit/install/moveit_ros:/home/akinsantos/ws_moveit/install/moveit_ros_visualization:/home/akinsantos/ws_moveit/install/moveit_hybrid_planning:/home/akinsantos/ws_moveit/install/moveit_ros_planning_interface:/home/akinsantos/ws_moveit/install/moveit_ros_benchmarks:/home/akinsantos/ws_moveit/install/moveit_ros_warehouse:/home/akinsantos/ws_moveit/install/moveit_ros_robot_interaction:/home/akinsantos/ws_moveit/install/moveit_ros_perception:/home/akinsantos/ws_moveit/install/moveit_resources_prbt_pg70_support:/home/akinsantos/ws_moveit/install/moveit_resources_prbt_moveit_config:/home/akinsantos/ws_moveit/install/moveit_ros_move_group:/home/akinsantos/ws_moveit/install/moveit_planners_ompl:/home/akinsantos/ws_moveit/install/moveit_ros_planning:/home/akinsantos/ws_moveit/install/moveit_ros_occupancy_map_monitor:/home/akinsantos/ws_moveit/install/moveit_resources_prbt_ikfast_manipulator_plugin:/home/akinsantos/ws_moveit/install/moveit_planners_chomp:/home/akinsantos/ws_moveit/install/moveit_kinematics:/home/akinsantos/ws_moveit/install/moveit_chomp_optimizer_adapter:/home/akinsantos/ws_moveit/install/chomp_motion_planner:/home/akinsantos/ws_moveit/install/moveit_core:/home/akinsantos/ws_moveit/install/srdfdom:/home/akinsantos/ws_moveit/install/rviz_marker_tools:/home/akinsantos/ws_moveit/install/rosparam_shortcuts:/home/akinsantos/ws_moveit/install/moveit_task_constructor_msgs:/home/akinsantos/ws_moveit/install/moveit_resources_prbt_support:/home/akinsantos/ws_moveit/install/moveit_resources:/home/akinsantos/ws_moveit/install/moveit_resources_pr2_description:/home/akinsantos/ws_moveit/install/moveit_resources_panda_moveit_config:/home/akinsantos/ws_moveit/install/moveit_resources_panda_description:/home/akinsantos/ws_moveit/install/moveit_resources_fanuc_moveit_config:/home/akinsantos/ws_moveit/install/moveit_resources_fanuc_description:/home/akinsantos/ws_moveit/install/moveit_common:/home/akinsantos/ws_moveit/install/moveit_configs_utils:/home/akinsantos/ws_moveit/install/launch_param_builder:/opt/ros/humble /usr/bin/cmake --install /home/akinsantos/minipulator_ws/build/phantomx_reactor_arm_moveit2_config
[1.547s] Level 1:colcon.colcon_core.environment:checking '/home/akinsantos/minipulator_ws/install/phantomx_reactor_arm_moveit2_config' for CMake config files
[1.547s] Level 1:colcon.colcon_core.shell:create_environment_hook('phantomx_reactor_arm_moveit2_config', 'cmake_prefix_path')
[1.548s] INFO:colcon.colcon_core.shell:Creating environment hook '/home/akinsantos/minipulator_ws/install/phantomx_reactor_arm_moveit2_config/share/phantomx_reactor_arm_moveit2_config/hook/cmake_prefix_path.ps1'
[1.548s] INFO:colcon.colcon_core.shell:Creating environment descriptor '/home/akinsantos/minipulator_ws/install/phantomx_reactor_arm_moveit2_config/share/phantomx_reactor_arm_moveit2_config/hook/cmake_prefix_path.dsv'
[1.549s] INFO:colcon.colcon_core.shell:Creating environment hook '/home/akinsantos/minipulator_ws/install/phantomx_reactor_arm_moveit2_config/share/phantomx_reactor_arm_moveit2_config/hook/cmake_prefix_path.sh'
[1.549s] Level 1:colcon.colcon_core.environment:checking '/home/akinsantos/minipulator_ws/install/phantomx_reactor_arm_moveit2_config/bin'
[1.549s] Level 1:colcon.colcon_core.environment:checking '/home/akinsantos/minipulator_ws/install/phantomx_reactor_arm_moveit2_config/lib/pkgconfig/phantomx_reactor_arm_moveit2_config.pc'
[1.549s] Level 1:colcon.colcon_core.environment:checking '/home/akinsantos/minipulator_ws/install/phantomx_reactor_arm_moveit2_config/lib/python3.10/site-packages'
[1.549s] Level 1:colcon.colcon_core.environment:checking '/home/akinsantos/minipulator_ws/install/phantomx_reactor_arm_moveit2_config/bin'
[1.549s] INFO:colcon.colcon_core.shell:Creating package script '/home/akinsantos/minipulator_ws/install/phantomx_reactor_arm_moveit2_config/share/phantomx_reactor_arm_moveit2_config/package.ps1'
[1.550s] INFO:colcon.colcon_core.shell:Creating package descriptor '/home/akinsantos/minipulator_ws/install/phantomx_reactor_arm_moveit2_config/share/phantomx_reactor_arm_moveit2_config/package.dsv'
[1.550s] INFO:colcon.colcon_core.shell:Creating package script '/home/akinsantos/minipulator_ws/install/phantomx_reactor_arm_moveit2_config/share/phantomx_reactor_arm_moveit2_config/package.sh'
[1.550s] INFO:colcon.colcon_core.shell:Creating package script '/home/akinsantos/minipulator_ws/install/phantomx_reactor_arm_moveit2_config/share/phantomx_reactor_arm_moveit2_config/package.bash'
[1.551s] INFO:colcon.colcon_core.shell:Creating package script '/home/akinsantos/minipulator_ws/install/phantomx_reactor_arm_moveit2_config/share/phantomx_reactor_arm_moveit2_config/package.zsh'
[1.551s] Level 1:colcon.colcon_core.environment:create_file_with_runtime_dependencies(/home/akinsantos/minipulator_ws/install/phantomx_reactor_arm_moveit2_config/share/colcon-core/packages/phantomx_reactor_arm_moveit2_config)
[1.552s] Level 1:colcon.colcon_core.environment:create_environment_scripts_only(phantomx_reactor_arm_moveit2_config)
[1.552s] Level 1:colcon.colcon_core.environment:checking '/home/akinsantos/minipulator_ws/install/phantomx_reactor_arm_moveit2_config' for CMake module files
[1.552s] Level 1:colcon.colcon_core.environment:checking '/home/akinsantos/minipulator_ws/install/phantomx_reactor_arm_moveit2_config' for CMake config files
[1.552s] Level 1:colcon.colcon_core.shell:create_environment_hook('phantomx_reactor_arm_moveit2_config', 'cmake_prefix_path')
[1.552s] INFO:colcon.colcon_core.shell:Creating environment hook '/home/akinsantos/minipulator_ws/install/phantomx_reactor_arm_moveit2_config/share/phantomx_reactor_arm_moveit2_config/hook/cmake_prefix_path.ps1'
[1.552s] INFO:colcon.colcon_core.shell:Creating environment descriptor '/home/akinsantos/minipulator_ws/install/phantomx_reactor_arm_moveit2_config/share/phantomx_reactor_arm_moveit2_config/hook/cmake_prefix_path.dsv'
[1.553s] INFO:colcon.colcon_core.shell:Creating environment hook '/home/akinsantos/minipulator_ws/install/phantomx_reactor_arm_moveit2_config/share/phantomx_reactor_arm_moveit2_config/hook/cmake_prefix_path.sh'
[1.553s] Level 1:colcon.colcon_core.environment:checking '/home/akinsantos/minipulator_ws/install/phantomx_reactor_arm_moveit2_config/bin'
[1.553s] Level 1:colcon.colcon_core.environment:checking '/home/akinsantos/minipulator_ws/install/phantomx_reactor_arm_moveit2_config/lib/pkgconfig/phantomx_reactor_arm_moveit2_config.pc'
[1.553s] Level 1:colcon.colcon_core.environment:checking '/home/akinsantos/minipulator_ws/install/phantomx_reactor_arm_moveit2_config/lib/python3.10/site-packages'
[1.553s] Level 1:colcon.colcon_core.environment:checking '/home/akinsantos/minipulator_ws/install/phantomx_reactor_arm_moveit2_config/bin'
[1.554s] INFO:colcon.colcon_core.shell:Creating package script '/home/akinsantos/minipulator_ws/install/phantomx_reactor_arm_moveit2_config/share/phantomx_reactor_arm_moveit2_config/package.ps1'
[1.554s] INFO:colcon.colcon_core.shell:Creating package descriptor '/home/akinsantos/minipulator_ws/install/phantomx_reactor_arm_moveit2_config/share/phantomx_reactor_arm_moveit2_config/package.dsv'
[1.554s] INFO:colcon.colcon_core.shell:Creating package script '/home/akinsantos/minipulator_ws/install/phantomx_reactor_arm_moveit2_config/share/phantomx_reactor_arm_moveit2_config/package.sh'
[1.555s] INFO:colcon.colcon_core.shell:Creating package script '/home/akinsantos/minipulator_ws/install/phantomx_reactor_arm_moveit2_config/share/phantomx_reactor_arm_moveit2_config/package.bash'
[1.555s] INFO:colcon.colcon_core.shell:Creating package script '/home/akinsantos/minipulator_ws/install/phantomx_reactor_arm_moveit2_config/share/phantomx_reactor_arm_moveit2_config/package.zsh'
[1.555s] Level 1:colcon.colcon_core.environment:create_file_with_runtime_dependencies(/home/akinsantos/minipulator_ws/install/phantomx_reactor_arm_moveit2_config/share/colcon-core/packages/phantomx_reactor_arm_moveit2_config)
[1.555s] Level 1:colcon.colcon_core.environment:create_environment_scripts_only(movevit2_test)
[1.556s] Level 1:colcon.colcon_core.environment:checking '/home/akinsantos/minipulator_ws/install/movevit2_test' for CMake module files
[1.556s] DEBUG:colcon.colcon_core.event_handler.log_command:Invoked command in '/home/akinsantos/minipulator_ws/build/movevit2_test' returned '0': AMENT_PREFIX_PATH=/home/akinsantos/minipulator_ws/install/phantomx_reactor_arm_description:${AMENT_PREFIX_PATH} CMAKE_PREFIX_PATH=/home/akinsantos/minipulator_ws/install/phantomx_reactor_arm_description:/home/akinsantos/ws_moveit/install/pilz_industrial_motion_planner_testutils:/home/akinsantos/ws_moveit/install/moveit_runtime:/home/akinsantos/ws_moveit/install/moveit2_tutorials:/home/akinsantos/ws_moveit/install/moveit:/home/akinsantos/ws_moveit/install/moveit_planners:/home/akinsantos/ws_moveit/install/pilz_industrial_motion_planner:/home/akinsantos/ws_moveit/install/moveit_visual_tools:/home/akinsantos/ws_moveit/install/moveit_task_constructor_visualization:/home/akinsantos/ws_moveit/install/moveit_task_constructor_demo:/home/akinsantos/ws_moveit/install/moveit_task_constructor_capabilities:/home/akinsantos/ws_moveit/install/moveit_task_constructor_core:/home/akinsantos/ws_moveit/install/moveit_ros_control_interface:/home/akinsantos/ws_moveit/install/moveit_plugins:/home/akinsantos/ws_moveit/install/moveit_simple_controller_manager:/home/akinsantos/ws_moveit/install/moveit_setup_assistant:/home/akinsantos/ws_moveit/install/moveit_setup_srdf_plugins:/home/akinsantos/ws_moveit/install/moveit_setup_core_plugins:/home/akinsantos/ws_moveit/install/moveit_setup_controllers:/home/akinsantos/ws_moveit/install/moveit_setup_app_plugins:/home/akinsantos/ws_moveit/install/moveit_setup_framework:/home/akinsantos/ws_moveit/install/moveit_servo:/home/akinsantos/ws_moveit/install/moveit_ros:/home/akinsantos/ws_moveit/install/moveit_ros_visualization:/home/akinsantos/ws_moveit/install/moveit_hybrid_planning:/home/akinsantos/ws_moveit/install/moveit_ros_planning_interface:/home/akinsantos/ws_moveit/install/moveit_ros_benchmarks:/home/akinsantos/ws_moveit/install/moveit_ros_warehouse:/home/akinsantos/ws_moveit/install/moveit_ros_robot_interaction:/home/akinsantos/ws_moveit/install/moveit_ros_perception:/home/akinsantos/ws_moveit/install/moveit_resources_prbt_pg70_support:/home/akinsantos/ws_moveit/install/moveit_resources_prbt_moveit_config:/home/akinsantos/ws_moveit/install/moveit_ros_move_group:/home/akinsantos/ws_moveit/install/moveit_planners_ompl:/home/akinsantos/ws_moveit/install/moveit_ros_planning:/home/akinsantos/ws_moveit/install/moveit_ros_occupancy_map_monitor:/home/akinsantos/ws_moveit/install/moveit_resources_prbt_ikfast_manipulator_plugin:/home/akinsantos/ws_moveit/install/moveit_planners_chomp:/home/akinsantos/ws_moveit/install/moveit_kinematics:/home/akinsantos/ws_moveit/install/moveit_chomp_optimizer_adapter:/home/akinsantos/ws_moveit/install/chomp_motion_planner:/home/akinsantos/ws_moveit/install/moveit_core:/home/akinsantos/ws_moveit/install/srdfdom:/home/akinsantos/ws_moveit/install/rviz_marker_tools:/home/akinsantos/ws_moveit/install/rosparam_shortcuts:/home/akinsantos/ws_moveit/install/moveit_task_constructor_msgs:/home/akinsantos/ws_moveit/install/moveit_resources_prbt_support:/home/akinsantos/ws_moveit/install/moveit_resources:/home/akinsantos/ws_moveit/install/moveit_resources_pr2_description:/home/akinsantos/ws_moveit/install/moveit_resources_panda_moveit_config:/home/akinsantos/ws_moveit/install/moveit_resources_panda_description:/home/akinsantos/ws_moveit/install/moveit_resources_fanuc_moveit_config:/home/akinsantos/ws_moveit/install/moveit_resources_fanuc_description:/home/akinsantos/ws_moveit/install/moveit_common:/home/akinsantos/ws_moveit/install/moveit_configs_utils:/home/akinsantos/ws_moveit/install/launch_param_builder:/opt/ros/humble /usr/bin/cmake --install /home/akinsantos/minipulator_ws/build/movevit2_test
[1.556s] Level 1:colcon.colcon_core.environment:checking '/home/akinsantos/minipulator_ws/install/movevit2_test' for CMake config files
[1.557s] Level 1:colcon.colcon_core.shell:create_environment_hook('movevit2_test', 'cmake_prefix_path')
[1.557s] INFO:colcon.colcon_core.shell:Creating environment hook '/home/akinsantos/minipulator_ws/install/movevit2_test/share/movevit2_test/hook/cmake_prefix_path.ps1'
[1.558s] INFO:colcon.colcon_core.shell:Creating environment descriptor '/home/akinsantos/minipulator_ws/install/movevit2_test/share/movevit2_test/hook/cmake_prefix_path.dsv'
[1.558s] INFO:colcon.colcon_core.shell:Creating environment hook '/home/akinsantos/minipulator_ws/install/movevit2_test/share/movevit2_test/hook/cmake_prefix_path.sh'
[1.558s] Level 1:colcon.colcon_core.environment:checking '/home/akinsantos/minipulator_ws/install/movevit2_test/bin'
[1.558s] Level 1:colcon.colcon_core.environment:checking '/home/akinsantos/minipulator_ws/install/movevit2_test/lib/pkgconfig/movevit2_test.pc'
[1.559s] Level 1:colcon.colcon_core.environment:checking '/home/akinsantos/minipulator_ws/install/movevit2_test/lib/python3.10/site-packages'
[1.559s] Level 1:colcon.colcon_core.environment:checking '/home/akinsantos/minipulator_ws/install/movevit2_test/bin'
[1.559s] INFO:colcon.colcon_core.shell:Creating package script '/home/akinsantos/minipulator_ws/install/movevit2_test/share/movevit2_test/package.ps1'
[1.559s] INFO:colcon.colcon_core.shell:Creating package descriptor '/home/akinsantos/minipulator_ws/install/movevit2_test/share/movevit2_test/package.dsv'
[1.560s] INFO:colcon.colcon_core.shell:Creating package script '/home/akinsantos/minipulator_ws/install/movevit2_test/share/movevit2_test/package.sh'
[1.560s] INFO:colcon.colcon_core.shell:Creating package script '/home/akinsantos/minipulator_ws/install/movevit2_test/share/movevit2_test/package.bash'
[1.560s] INFO:colcon.colcon_core.shell:Creating package script '/home/akinsantos/minipulator_ws/install/movevit2_test/share/movevit2_test/package.zsh'
[1.560s] Level 1:colcon.colcon_core.environment:create_file_with_runtime_dependencies(/home/akinsantos/minipulator_ws/install/movevit2_test/share/colcon-core/packages/movevit2_test)
[1.561s] Level 1:colcon.colcon_core.environment:create_environment_scripts_only(movevit2_test)
[1.561s] Level 1:colcon.colcon_core.environment:checking '/home/akinsantos/minipulator_ws/install/movevit2_test' for CMake module files
[1.561s] Level 1:colcon.colcon_core.environment:checking '/home/akinsantos/minipulator_ws/install/movevit2_test' for CMake config files
[1.561s] Level 1:colcon.colcon_core.shell:create_environment_hook('movevit2_test', 'cmake_prefix_path')
[1.561s] INFO:colcon.colcon_core.shell:Creating environment hook '/home/akinsantos/minipulator_ws/install/movevit2_test/share/movevit2_test/hook/cmake_prefix_path.ps1'
[1.562s] INFO:colcon.colcon_core.shell:Creating environment descriptor '/home/akinsantos/minipulator_ws/install/movevit2_test/share/movevit2_test/hook/cmake_prefix_path.dsv'
[1.562s] INFO:colcon.colcon_core.shell:Creating environment hook '/home/akinsantos/minipulator_ws/install/movevit2_test/share/movevit2_test/hook/cmake_prefix_path.sh'
[1.562s] Level 1:colcon.colcon_core.environment:checking '/home/akinsantos/minipulator_ws/install/movevit2_test/bin'
[1.562s] Level 1:colcon.colcon_core.environment:checking '/home/akinsantos/minipulator_ws/install/movevit2_test/lib/pkgconfig/movevit2_test.pc'
[1.563s] Level 1:colcon.colcon_core.environment:checking '/home/akinsantos/minipulator_ws/install/movevit2_test/lib/python3.10/site-packages'
[1.563s] Level 1:colcon.colcon_core.environment:checking '/home/akinsantos/minipulator_ws/install/movevit2_test/bin'
[1.563s] INFO:colcon.colcon_core.shell:Creating package script '/home/akinsantos/minipulator_ws/install/movevit2_test/share/movevit2_test/package.ps1'
[1.563s] INFO:colcon.colcon_core.shell:Creating package descriptor '/home/akinsantos/minipulator_ws/install/movevit2_test/share/movevit2_test/package.dsv'
[1.564s] INFO:colcon.colcon_core.shell:Creating package script '/home/akinsantos/minipulator_ws/install/movevit2_test/share/movevit2_test/package.sh'
[1.564s] INFO:colcon.colcon_core.shell:Creating package script '/home/akinsantos/minipulator_ws/install/movevit2_test/share/movevit2_test/package.bash'
[1.564s] INFO:colcon.colcon_core.shell:Creating package script '/home/akinsantos/minipulator_ws/install/movevit2_test/share/movevit2_test/package.zsh'
[1.565s] Level 1:colcon.colcon_core.environment:create_file_with_runtime_dependencies(/home/akinsantos/minipulator_ws/install/movevit2_test/share/colcon-core/packages/movevit2_test)
[1.635s] DEBUG:colcon.colcon_core.event_handler.log_command:Invoked command in '/home/akinsantos/minipulator_ws/build/dynamixel_workbench_msgs' returned '0': CMAKE_PREFIX_PATH=${CMAKE_PREFIX_PATH}:/home/akinsantos/ws_moveit/install/moveit_configs_utils:/home/akinsantos/ws_moveit/install/launch_param_builder:/opt/ros/humble /usr/bin/cmake --build /home/akinsantos/minipulator_ws/build/dynamixel_workbench_msgs -- -j8 -l8
[1.637s] DEBUG:colcon.colcon_core.event_handler.log_command:Invoking command in '/home/akinsantos/minipulator_ws/build/dynamixel_workbench_msgs': CMAKE_PREFIX_PATH=${CMAKE_PREFIX_PATH}:/home/akinsantos/ws_moveit/install/moveit_configs_utils:/home/akinsantos/ws_moveit/install/launch_param_builder:/opt/ros/humble /usr/bin/cmake --install /home/akinsantos/minipulator_ws/build/dynamixel_workbench_msgs
[1.712s] Level 1:colcon.colcon_core.environment:create_environment_scripts_only(dynamixel_workbench_msgs)
[1.712s] Level 1:colcon.colcon_core.environment:checking '/home/akinsantos/minipulator_ws/install/dynamixel_workbench_msgs' for CMake module files
[1.712s] DEBUG:colcon.colcon_core.event_handler.log_command:Invoked command in '/home/akinsantos/minipulator_ws/build/dynamixel_workbench_msgs' returned '0': CMAKE_PREFIX_PATH=${CMAKE_PREFIX_PATH}:/home/akinsantos/ws_moveit/install/moveit_configs_utils:/home/akinsantos/ws_moveit/install/launch_param_builder:/opt/ros/humble /usr/bin/cmake --install /home/akinsantos/minipulator_ws/build/dynamixel_workbench_msgs
[1.713s] Level 1:colcon.colcon_core.environment:checking '/home/akinsantos/minipulator_ws/install/dynamixel_workbench_msgs' for CMake config files
[1.715s] Level 1:colcon.colcon_core.shell:create_environment_hook('dynamixel_workbench_msgs', 'cmake_prefix_path')
[1.715s] INFO:colcon.colcon_core.shell:Creating environment hook '/home/akinsantos/minipulator_ws/install/dynamixel_workbench_msgs/share/dynamixel_workbench_msgs/hook/cmake_prefix_path.ps1'
[1.715s] INFO:colcon.colcon_core.shell:Creating environment descriptor '/home/akinsantos/minipulator_ws/install/dynamixel_workbench_msgs/share/dynamixel_workbench_msgs/hook/cmake_prefix_path.dsv'
[1.716s] INFO:colcon.colcon_core.shell:Creating environment hook '/home/akinsantos/minipulator_ws/install/dynamixel_workbench_msgs/share/dynamixel_workbench_msgs/hook/cmake_prefix_path.sh'
[1.716s] Level 1:colcon.colcon_core.environment:checking '/home/akinsantos/minipulator_ws/install/dynamixel_workbench_msgs/lib'
[1.716s] Level 1:colcon.colcon_core.shell:create_environment_hook('dynamixel_workbench_msgs', 'ld_library_path_lib')
[1.716s] INFO:colcon.colcon_core.shell:Creating environment hook '/home/akinsantos/minipulator_ws/install/dynamixel_workbench_msgs/share/dynamixel_workbench_msgs/hook/ld_library_path_lib.ps1'
[1.717s] INFO:colcon.colcon_core.shell:Creating environment descriptor '/home/akinsantos/minipulator_ws/install/dynamixel_workbench_msgs/share/dynamixel_workbench_msgs/hook/ld_library_path_lib.dsv'
[1.717s] INFO:colcon.colcon_core.shell:Creating environment hook '/home/akinsantos/minipulator_ws/install/dynamixel_workbench_msgs/share/dynamixel_workbench_msgs/hook/ld_library_path_lib.sh'
[1.717s] Level 1:colcon.colcon_core.environment:checking '/home/akinsantos/minipulator_ws/install/dynamixel_workbench_msgs/bin'
[1.717s] Level 1:colcon.colcon_core.environment:checking '/home/akinsantos/minipulator_ws/install/dynamixel_workbench_msgs/lib/pkgconfig/dynamixel_workbench_msgs.pc'
[1.717s] Level 1:colcon.colcon_core.environment:checking '/home/akinsantos/minipulator_ws/install/dynamixel_workbench_msgs/lib/python3.10/site-packages'
[1.717s] Level 1:colcon.colcon_core.environment:checking '/home/akinsantos/minipulator_ws/install/dynamixel_workbench_msgs/bin'
[1.718s] INFO:colcon.colcon_core.shell:Creating package script '/home/akinsantos/minipulator_ws/install/dynamixel_workbench_msgs/share/dynamixel_workbench_msgs/package.ps1'
[1.718s] INFO:colcon.colcon_core.shell:Creating package descriptor '/home/akinsantos/minipulator_ws/install/dynamixel_workbench_msgs/share/dynamixel_workbench_msgs/package.dsv'
[1.718s] INFO:colcon.colcon_core.shell:Creating package script '/home/akinsantos/minipulator_ws/install/dynamixel_workbench_msgs/share/dynamixel_workbench_msgs/package.sh'
[1.719s] INFO:colcon.colcon_core.shell:Creating package script '/home/akinsantos/minipulator_ws/install/dynamixel_workbench_msgs/share/dynamixel_workbench_msgs/package.bash'
[1.719s] INFO:colcon.colcon_core.shell:Creating package script '/home/akinsantos/minipulator_ws/install/dynamixel_workbench_msgs/share/dynamixel_workbench_msgs/package.zsh'
[1.719s] Level 1:colcon.colcon_core.environment:create_file_with_runtime_dependencies(/home/akinsantos/minipulator_ws/install/dynamixel_workbench_msgs/share/colcon-core/packages/dynamixel_workbench_msgs)
[1.720s] Level 1:colcon.colcon_core.environment:create_environment_scripts_only(dynamixel_workbench_msgs)
[1.720s] Level 1:colcon.colcon_core.environment:checking '/home/akinsantos/minipulator_ws/install/dynamixel_workbench_msgs' for CMake module files
[1.720s] Level 1:colcon.colcon_core.environment:checking '/home/akinsantos/minipulator_ws/install/dynamixel_workbench_msgs' for CMake config files
[1.721s] Level 1:colcon.colcon_core.shell:create_environment_hook('dynamixel_workbench_msgs', 'cmake_prefix_path')
[1.721s] INFO:colcon.colcon_core.shell:Creating environment hook '/home/akinsantos/minipulator_ws/install/dynamixel_workbench_msgs/share/dynamixel_workbench_msgs/hook/cmake_prefix_path.ps1'
[1.721s] INFO:colcon.colcon_core.shell:Creating environment descriptor '/home/akinsantos/minipulator_ws/install/dynamixel_workbench_msgs/share/dynamixel_workbench_msgs/hook/cmake_prefix_path.dsv'
[1.721s] INFO:colcon.colcon_core.shell:Creating environment hook '/home/akinsantos/minipulator_ws/install/dynamixel_workbench_msgs/share/dynamixel_workbench_msgs/hook/cmake_prefix_path.sh'
[1.722s] Level 1:colcon.colcon_core.environment:checking '/home/akinsantos/minipulator_ws/install/dynamixel_workbench_msgs/lib'
[1.722s] Level 1:colcon.colcon_core.shell:create_environment_hook('dynamixel_workbench_msgs', 'ld_library_path_lib')
[1.722s] INFO:colcon.colcon_core.shell:Creating environment hook '/home/akinsantos/minipulator_ws/install/dynamixel_workbench_msgs/share/dynamixel_workbench_msgs/hook/ld_library_path_lib.ps1'
[1.722s] INFO:colcon.colcon_core.shell:Creating environment descriptor '/home/akinsantos/minipulator_ws/install/dynamixel_workbench_msgs/share/dynamixel_workbench_msgs/hook/ld_library_path_lib.dsv'
[1.723s] INFO:colcon.colcon_core.shell:Creating environment hook '/home/akinsantos/minipulator_ws/install/dynamixel_workbench_msgs/share/dynamixel_workbench_msgs/hook/ld_library_path_lib.sh'
[1.723s] Level 1:colcon.colcon_core.environment:checking '/home/akinsantos/minipulator_ws/install/dynamixel_workbench_msgs/bin'
[1.723s] Level 1:colcon.colcon_core.environment:checking '/home/akinsantos/minipulator_ws/install/dynamixel_workbench_msgs/lib/pkgconfig/dynamixel_workbench_msgs.pc'
[1.723s] Level 1:colcon.colcon_core.environment:checking '/home/akinsantos/minipulator_ws/install/dynamixel_workbench_msgs/lib/python3.10/site-packages'
[1.723s] Level 1:colcon.colcon_core.environment:checking '/home/akinsantos/minipulator_ws/install/dynamixel_workbench_msgs/bin'
[1.723s] INFO:colcon.colcon_core.shell:Creating package script '/home/akinsantos/minipulator_ws/install/dynamixel_workbench_msgs/share/dynamixel_workbench_msgs/package.ps1'
[1.724s] INFO:colcon.colcon_core.shell:Creating package descriptor '/home/akinsantos/minipulator_ws/install/dynamixel_workbench_msgs/share/dynamixel_workbench_msgs/package.dsv'
[1.724s] INFO:colcon.colcon_core.shell:Creating package script '/home/akinsantos/minipulator_ws/install/dynamixel_workbench_msgs/share/dynamixel_workbench_msgs/package.sh'
[1.724s] INFO:colcon.colcon_core.shell:Creating package script '/home/akinsantos/minipulator_ws/install/dynamixel_workbench_msgs/share/dynamixel_workbench_msgs/package.bash'
[1.725s] INFO:colcon.colcon_core.shell:Creating package script '/home/akinsantos/minipulator_ws/install/dynamixel_workbench_msgs/share/dynamixel_workbench_msgs/package.zsh'
[1.725s] Level 1:colcon.colcon_core.environment:create_file_with_runtime_dependencies(/home/akinsantos/minipulator_ws/install/dynamixel_workbench_msgs/share/colcon-core/packages/dynamixel_workbench_msgs)
[1.725s] DEBUG:colcon.colcon_parallel_executor.executor.parallel:closing loop
[1.725s] DEBUG:colcon.colcon_parallel_executor.executor.parallel:loop closed
[1.725s] DEBUG:colcon.colcon_parallel_executor.executor.parallel:run_until_complete finished with '0'
[1.725s] DEBUG:colcon.colcon_core.event_reactor:joining thread
[1.731s] INFO:colcon.colcon_core.plugin_system:Skipping extension 'colcon_notification.desktop_notification.terminal_notifier': Not used on non-Darwin systems
[1.731s] INFO:colcon.colcon_core.plugin_system:Skipping extension 'colcon_notification.desktop_notification.win32': Not used on non-Windows systems
[1.731s] INFO:colcon.colcon_notification.desktop_notification:Sending desktop notification using 'notify2'
[1.744s] DEBUG:colcon.colcon_core.event_reactor:joined thread
[1.744s] INFO:colcon.colcon_core.shell:Creating prefix script '/home/akinsantos/minipulator_ws/install/local_setup.ps1'
[1.746s] INFO:colcon.colcon_core.shell:Creating prefix util module '/home/akinsantos/minipulator_ws/install/_local_setup_util_ps1.py'
[1.747s] INFO:colcon.colcon_core.shell:Creating prefix chain script '/home/akinsantos/minipulator_ws/install/setup.ps1'
[1.749s] INFO:colcon.colcon_core.shell:Creating prefix script '/home/akinsantos/minipulator_ws/install/local_setup.sh'
[1.750s] INFO:colcon.colcon_core.shell:Creating prefix util module '/home/akinsantos/minipulator_ws/install/_local_setup_util_sh.py'
[1.750s] INFO:colcon.colcon_core.shell:Creating prefix chain script '/home/akinsantos/minipulator_ws/install/setup.sh'
[1.753s] INFO:colcon.colcon_core.shell:Creating prefix script '/home/akinsantos/minipulator_ws/install/local_setup.bash'
[1.754s] INFO:colcon.colcon_core.shell:Creating prefix chain script '/home/akinsantos/minipulator_ws/install/setup.bash'
[1.756s] INFO:colcon.colcon_core.shell:Creating prefix script '/home/akinsantos/minipulator_ws/install/local_setup.zsh'
[1.757s] INFO:colcon.colcon_core.shell:Creating prefix chain script '/home/akinsantos/minipulator_ws/install/setup.zsh'
