[0.094s] DEBUG:colcon:Command line arguments: ['/usr/bin/colcon', 'build']
[0.094s] DEBUG:colcon:Parsed command line arguments: Namespace(log_base=None, log_level=None, verb_name='build', build_base='build', install_base='install', merge_install=False, symlink_install=False, test_result_base=None, continue_on_error=False, executor='parallel', parallel_workers=8, event_handlers=None, ignore_user_meta=False, metas=['./colcon.meta'], base_paths=['.'], packages_ignore=None, packages_ignore_regex=None, paths=None, packages_up_to=None, packages_up_to_regex=None, packages_above=None, packages_above_and_dependencies=None, packages_above_depth=None, packages_select_by_dep=None, packages_skip_by_dep=None, packages_skip_up_to=None, packages_select_build_failed=False, packages_skip_build_finished=False, packages_select_test_failures=False, packages_skip_test_passed=False, packages_select=None, packages_skip=None, packages_select_regex=None, packages_skip_regex=None, packages_start=None, packages_end=None, allow_overriding=[], cmake_args=None, cmake_target=None, cmake_target_skip_unavailable=False, cmake_clean_cache=False, cmake_clean_first=False, cmake_force_configure=False, ament_cmake_args=None, catkin_cmake_args=None, catkin_skip_building_tests=False, mixin_files=None, mixin=None, verb_parser=<colcon_mixin.mixin.mixin_argument.MixinArgumentDecorator object at 0x725b7c1535e0>, verb_extension=<colcon_core.verb.build.BuildVerb object at 0x725b7c152f50>, main=<bound method BuildVerb.main of <colcon_core.verb.build.BuildVerb object at 0x725b7c152f50>>, mixin_verb=('build',))
[0.228s] Level 1:colcon.colcon_core.package_discovery:discover_packages(colcon_meta) check parameters
[0.228s] Level 1:colcon.colcon_core.package_discovery:discover_packages(recursive) check parameters
[0.228s] Level 1:colcon.colcon_core.package_discovery:discover_packages(ignore) check parameters
[0.228s] Level 1:colcon.colcon_core.package_discovery:discover_packages(path) check parameters
[0.228s] Level 1:colcon.colcon_core.package_discovery:discover_packages(colcon_meta) discover
[0.229s] Level 1:colcon.colcon_core.package_discovery:discover_packages(recursive) discover
[0.229s] INFO:colcon.colcon_core.package_discovery:Crawling recursively for packages in '/home/akinsantos/minipulator_ws'
[0.229s] Level 1:colcon.colcon_core.package_identification:_identify(.) by extensions ['ignore', 'ignore_ament_install']
[0.229s] Level 1:colcon.colcon_core.package_identification:_identify(.) by extension 'ignore'
[0.229s] Level 1:colcon.colcon_core.package_identification:_identify(.) by extension 'ignore_ament_install'
[0.229s] Level 1:colcon.colcon_core.package_identification:_identify(.) by extensions ['colcon_pkg']
[0.229s] Level 1:colcon.colcon_core.package_identification:_identify(.) by extension 'colcon_pkg'
[0.229s] Level 1:colcon.colcon_core.package_identification:_identify(.) by extensions ['colcon_meta']
[0.229s] Level 1:colcon.colcon_core.package_identification:_identify(.) by extension 'colcon_meta'
[0.229s] Level 1:colcon.colcon_core.package_identification:_identify(.) by extensions ['ros']
[0.229s] Level 1:colcon.colcon_core.package_identification:_identify(.) by extension 'ros'
[0.237s] Level 1:colcon.colcon_core.package_identification:_identify(.) by extensions ['cmake', 'python']
[0.237s] Level 1:colcon.colcon_core.package_identification:_identify(.) by extension 'cmake'
[0.237s] Level 1:colcon.colcon_core.package_identification:_identify(.) by extension 'python'
[0.237s] Level 1:colcon.colcon_core.package_identification:_identify(.) by extensions ['python_setup_py']
[0.237s] Level 1:colcon.colcon_core.package_identification:_identify(.) by extension 'python_setup_py'
[0.237s] Level 1:colcon.colcon_core.package_identification:_identify(build) by extensions ['ignore', 'ignore_ament_install']
[0.237s] Level 1:colcon.colcon_core.package_identification:_identify(build) by extension 'ignore'
[0.237s] Level 1:colcon.colcon_core.package_identification:_identify(build) ignored
[0.237s] Level 1:colcon.colcon_core.package_identification:_identify(install) by extensions ['ignore', 'ignore_ament_install']
[0.237s] Level 1:colcon.colcon_core.package_identification:_identify(install) by extension 'ignore'
[0.237s] Level 1:colcon.colcon_core.package_identification:_identify(install) ignored
[0.237s] Level 1:colcon.colcon_core.package_identification:_identify(log) by extensions ['ignore', 'ignore_ament_install']
[0.237s] Level 1:colcon.colcon_core.package_identification:_identify(log) by extension 'ignore'
[0.237s] Level 1:colcon.colcon_core.package_identification:_identify(log) ignored
[0.238s] Level 1:colcon.colcon_core.package_identification:_identify(src) by extensions ['ignore', 'ignore_ament_install']
[0.238s] Level 1:colcon.colcon_core.package_identification:_identify(src) by extension 'ignore'
[0.238s] Level 1:colcon.colcon_core.package_identification:_identify(src) by extension 'ignore_ament_install'
[0.238s] Level 1:colcon.colcon_core.package_identification:_identify(src) by extensions ['colcon_pkg']
[0.238s] Level 1:colcon.colcon_core.package_identification:_identify(src) by extension 'colcon_pkg'
[0.238s] Level 1:colcon.colcon_core.package_identification:_identify(src) by extensions ['colcon_meta']
[0.238s] Level 1:colcon.colcon_core.package_identification:_identify(src) by extension 'colcon_meta'
[0.238s] Level 1:colcon.colcon_core.package_identification:_identify(src) by extensions ['ros']
[0.238s] Level 1:colcon.colcon_core.package_identification:_identify(src) by extension 'ros'
[0.238s] Level 1:colcon.colcon_core.package_identification:_identify(src) by extensions ['cmake', 'python']
[0.238s] Level 1:colcon.colcon_core.package_identification:_identify(src) by extension 'cmake'
[0.238s] Level 1:colcon.colcon_core.package_identification:_identify(src) by extension 'python'
[0.238s] Level 1:colcon.colcon_core.package_identification:_identify(src) by extensions ['python_setup_py']
[0.238s] Level 1:colcon.colcon_core.package_identification:_identify(src) by extension 'python_setup_py'
[0.238s] Level 1:colcon.colcon_core.package_identification:_identify(src/dynamixel-workbench) by extensions ['ignore', 'ignore_ament_install']
[0.238s] Level 1:colcon.colcon_core.package_identification:_identify(src/dynamixel-workbench) by extension 'ignore'
[0.238s] Level 1:colcon.colcon_core.package_identification:_identify(src/dynamixel-workbench) by extension 'ignore_ament_install'
[0.238s] Level 1:colcon.colcon_core.package_identification:_identify(src/dynamixel-workbench) by extensions ['colcon_pkg']
[0.238s] Level 1:colcon.colcon_core.package_identification:_identify(src/dynamixel-workbench) by extension 'colcon_pkg'
[0.238s] Level 1:colcon.colcon_core.package_identification:_identify(src/dynamixel-workbench) by extensions ['colcon_meta']
[0.238s] Level 1:colcon.colcon_core.package_identification:_identify(src/dynamixel-workbench) by extension 'colcon_meta'
[0.238s] Level 1:colcon.colcon_core.package_identification:_identify(src/dynamixel-workbench) by extensions ['ros']
[0.238s] Level 1:colcon.colcon_core.package_identification:_identify(src/dynamixel-workbench) by extension 'ros'
[0.238s] Level 1:colcon.colcon_core.package_identification:_identify(src/dynamixel-workbench) by extensions ['cmake', 'python']
[0.238s] Level 1:colcon.colcon_core.package_identification:_identify(src/dynamixel-workbench) by extension 'cmake'
[0.238s] Level 1:colcon.colcon_core.package_identification:_identify(src/dynamixel-workbench) by extension 'python'
[0.238s] Level 1:colcon.colcon_core.package_identification:_identify(src/dynamixel-workbench) by extensions ['python_setup_py']
[0.239s] Level 1:colcon.colcon_core.package_identification:_identify(src/dynamixel-workbench) by extension 'python_setup_py'
[0.239s] Level 1:colcon.colcon_core.package_identification:_identify(src/dynamixel-workbench/dynamixel_workbench) by extensions ['ignore', 'ignore_ament_install']
[0.239s] Level 1:colcon.colcon_core.package_identification:_identify(src/dynamixel-workbench/dynamixel_workbench) by extension 'ignore'
[0.239s] Level 1:colcon.colcon_core.package_identification:_identify(src/dynamixel-workbench/dynamixel_workbench) by extension 'ignore_ament_install'
[0.239s] Level 1:colcon.colcon_core.package_identification:_identify(src/dynamixel-workbench/dynamixel_workbench) by extensions ['colcon_pkg']
[0.239s] Level 1:colcon.colcon_core.package_identification:_identify(src/dynamixel-workbench/dynamixel_workbench) by extension 'colcon_pkg'
[0.239s] Level 1:colcon.colcon_core.package_identification:_identify(src/dynamixel-workbench/dynamixel_workbench) by extensions ['colcon_meta']
[0.239s] Level 1:colcon.colcon_core.package_identification:_identify(src/dynamixel-workbench/dynamixel_workbench) by extension 'colcon_meta'
[0.239s] Level 1:colcon.colcon_core.package_identification:_identify(src/dynamixel-workbench/dynamixel_workbench) by extensions ['ros']
[0.239s] Level 1:colcon.colcon_core.package_identification:_identify(src/dynamixel-workbench/dynamixel_workbench) by extension 'ros'
[0.241s] DEBUG:colcon.colcon_core.package_identification:Package 'src/dynamixel-workbench/dynamixel_workbench' with type 'ros.ament_cmake' and name 'dynamixel_workbench'
[0.241s] Level 1:colcon.colcon_core.package_identification:_identify(src/dynamixel-workbench/dynamixel_workbench_toolbox) by extensions ['ignore', 'ignore_ament_install']
[0.241s] Level 1:colcon.colcon_core.package_identification:_identify(src/dynamixel-workbench/dynamixel_workbench_toolbox) by extension 'ignore'
[0.241s] Level 1:colcon.colcon_core.package_identification:_identify(src/dynamixel-workbench/dynamixel_workbench_toolbox) by extension 'ignore_ament_install'
[0.241s] Level 1:colcon.colcon_core.package_identification:_identify(src/dynamixel-workbench/dynamixel_workbench_toolbox) by extensions ['colcon_pkg']
[0.241s] Level 1:colcon.colcon_core.package_identification:_identify(src/dynamixel-workbench/dynamixel_workbench_toolbox) by extension 'colcon_pkg'
[0.241s] Level 1:colcon.colcon_core.package_identification:_identify(src/dynamixel-workbench/dynamixel_workbench_toolbox) by extensions ['colcon_meta']
[0.241s] Level 1:colcon.colcon_core.package_identification:_identify(src/dynamixel-workbench/dynamixel_workbench_toolbox) by extension 'colcon_meta'
[0.241s] Level 1:colcon.colcon_core.package_identification:_identify(src/dynamixel-workbench/dynamixel_workbench_toolbox) by extensions ['ros']
[0.241s] Level 1:colcon.colcon_core.package_identification:_identify(src/dynamixel-workbench/dynamixel_workbench_toolbox) by extension 'ros'
[0.242s] DEBUG:colcon.colcon_core.package_identification:Package 'src/dynamixel-workbench/dynamixel_workbench_toolbox' with type 'ros.ament_cmake' and name 'dynamixel_workbench_toolbox'
[0.242s] Level 1:colcon.colcon_core.package_identification:_identify(src/dynamixel-workbench-msgs) by extensions ['ignore', 'ignore_ament_install']
[0.242s] Level 1:colcon.colcon_core.package_identification:_identify(src/dynamixel-workbench-msgs) by extension 'ignore'
[0.242s] Level 1:colcon.colcon_core.package_identification:_identify(src/dynamixel-workbench-msgs) by extension 'ignore_ament_install'
[0.242s] Level 1:colcon.colcon_core.package_identification:_identify(src/dynamixel-workbench-msgs) by extensions ['colcon_pkg']
[0.242s] Level 1:colcon.colcon_core.package_identification:_identify(src/dynamixel-workbench-msgs) by extension 'colcon_pkg'
[0.242s] Level 1:colcon.colcon_core.package_identification:_identify(src/dynamixel-workbench-msgs) by extensions ['colcon_meta']
[0.242s] Level 1:colcon.colcon_core.package_identification:_identify(src/dynamixel-workbench-msgs) by extension 'colcon_meta'
[0.242s] Level 1:colcon.colcon_core.package_identification:_identify(src/dynamixel-workbench-msgs) by extensions ['ros']
[0.242s] Level 1:colcon.colcon_core.package_identification:_identify(src/dynamixel-workbench-msgs) by extension 'ros'
[0.242s] Level 1:colcon.colcon_core.package_identification:_identify(src/dynamixel-workbench-msgs) by extensions ['cmake', 'python']
[0.242s] Level 1:colcon.colcon_core.package_identification:_identify(src/dynamixel-workbench-msgs) by extension 'cmake'
[0.242s] Level 1:colcon.colcon_core.package_identification:_identify(src/dynamixel-workbench-msgs) by extension 'python'
[0.242s] Level 1:colcon.colcon_core.package_identification:_identify(src/dynamixel-workbench-msgs) by extensions ['python_setup_py']
[0.242s] Level 1:colcon.colcon_core.package_identification:_identify(src/dynamixel-workbench-msgs) by extension 'python_setup_py'
[0.242s] Level 1:colcon.colcon_core.package_identification:_identify(src/dynamixel-workbench-msgs/dynamixel_workbench_msgs) by extensions ['ignore', 'ignore_ament_install']
[0.242s] Level 1:colcon.colcon_core.package_identification:_identify(src/dynamixel-workbench-msgs/dynamixel_workbench_msgs) by extension 'ignore'
[0.242s] Level 1:colcon.colcon_core.package_identification:_identify(src/dynamixel-workbench-msgs/dynamixel_workbench_msgs) by extension 'ignore_ament_install'
[0.242s] Level 1:colcon.colcon_core.package_identification:_identify(src/dynamixel-workbench-msgs/dynamixel_workbench_msgs) by extensions ['colcon_pkg']
[0.242s] Level 1:colcon.colcon_core.package_identification:_identify(src/dynamixel-workbench-msgs/dynamixel_workbench_msgs) by extension 'colcon_pkg'
[0.242s] Level 1:colcon.colcon_core.package_identification:_identify(src/dynamixel-workbench-msgs/dynamixel_workbench_msgs) by extensions ['colcon_meta']
[0.242s] Level 1:colcon.colcon_core.package_identification:_identify(src/dynamixel-workbench-msgs/dynamixel_workbench_msgs) by extension 'colcon_meta'
[0.242s] Level 1:colcon.colcon_core.package_identification:_identify(src/dynamixel-workbench-msgs/dynamixel_workbench_msgs) by extensions ['ros']
[0.243s] Level 1:colcon.colcon_core.package_identification:_identify(src/dynamixel-workbench-msgs/dynamixel_workbench_msgs) by extension 'ros'
[0.244s] DEBUG:colcon.colcon_core.package_identification:Package 'src/dynamixel-workbench-msgs/dynamixel_workbench_msgs' with type 'ros.ament_cmake' and name 'dynamixel_workbench_msgs'
[0.244s] Level 1:colcon.colcon_core.package_identification:_identify(src/dynamixel_control) by extensions ['ignore', 'ignore_ament_install']
[0.244s] Level 1:colcon.colcon_core.package_identification:_identify(src/dynamixel_control) by extension 'ignore'
[0.244s] Level 1:colcon.colcon_core.package_identification:_identify(src/dynamixel_control) by extension 'ignore_ament_install'
[0.244s] Level 1:colcon.colcon_core.package_identification:_identify(src/dynamixel_control) by extensions ['colcon_pkg']
[0.244s] Level 1:colcon.colcon_core.package_identification:_identify(src/dynamixel_control) by extension 'colcon_pkg'
[0.244s] Level 1:colcon.colcon_core.package_identification:_identify(src/dynamixel_control) by extensions ['colcon_meta']
[0.244s] Level 1:colcon.colcon_core.package_identification:_identify(src/dynamixel_control) by extension 'colcon_meta'
[0.244s] Level 1:colcon.colcon_core.package_identification:_identify(src/dynamixel_control) by extensions ['ros']
[0.244s] Level 1:colcon.colcon_core.package_identification:_identify(src/dynamixel_control) by extension 'ros'
[0.244s] Level 1:colcon.colcon_core.package_identification:_identify(src/dynamixel_control) by extensions ['cmake', 'python']
[0.244s] Level 1:colcon.colcon_core.package_identification:_identify(src/dynamixel_control) by extension 'cmake'
[0.244s] Level 1:colcon.colcon_core.package_identification:_identify(src/dynamixel_control) by extension 'python'
[0.244s] Level 1:colcon.colcon_core.package_identification:_identify(src/dynamixel_control) by extensions ['python_setup_py']
[0.244s] Level 1:colcon.colcon_core.package_identification:_identify(src/dynamixel_control) by extension 'python_setup_py'
[0.244s] Level 1:colcon.colcon_core.package_identification:_identify(src/dynamixel_control/dynamixel_hardware) by extensions ['ignore', 'ignore_ament_install']
[0.244s] Level 1:colcon.colcon_core.package_identification:_identify(src/dynamixel_control/dynamixel_hardware) by extension 'ignore'
[0.244s] Level 1:colcon.colcon_core.package_identification:_identify(src/dynamixel_control/dynamixel_hardware) by extension 'ignore_ament_install'
[0.244s] Level 1:colcon.colcon_core.package_identification:_identify(src/dynamixel_control/dynamixel_hardware) by extensions ['colcon_pkg']
[0.244s] Level 1:colcon.colcon_core.package_identification:_identify(src/dynamixel_control/dynamixel_hardware) by extension 'colcon_pkg'
[0.244s] Level 1:colcon.colcon_core.package_identification:_identify(src/dynamixel_control/dynamixel_hardware) by extensions ['colcon_meta']
[0.244s] Level 1:colcon.colcon_core.package_identification:_identify(src/dynamixel_control/dynamixel_hardware) by extension 'colcon_meta'
[0.245s] Level 1:colcon.colcon_core.package_identification:_identify(src/dynamixel_control/dynamixel_hardware) by extensions ['ros']
[0.245s] Level 1:colcon.colcon_core.package_identification:_identify(src/dynamixel_control/dynamixel_hardware) by extension 'ros'
[0.245s] DEBUG:colcon.colcon_core.package_identification:Package 'src/dynamixel_control/dynamixel_hardware' with type 'ros.ament_cmake' and name 'dynamixel_hardware'
[0.245s] Level 1:colcon.colcon_core.package_identification:_identify(src/moveit2_final_test) by extensions ['ignore', 'ignore_ament_install']
[0.245s] Level 1:colcon.colcon_core.package_identification:_identify(src/moveit2_final_test) by extension 'ignore'
[0.245s] Level 1:colcon.colcon_core.package_identification:_identify(src/moveit2_final_test) by extension 'ignore_ament_install'
[0.245s] Level 1:colcon.colcon_core.package_identification:_identify(src/moveit2_final_test) by extensions ['colcon_pkg']
[0.245s] Level 1:colcon.colcon_core.package_identification:_identify(src/moveit2_final_test) by extension 'colcon_pkg'
[0.245s] Level 1:colcon.colcon_core.package_identification:_identify(src/moveit2_final_test) by extensions ['colcon_meta']
[0.245s] Level 1:colcon.colcon_core.package_identification:_identify(src/moveit2_final_test) by extension 'colcon_meta'
[0.246s] Level 1:colcon.colcon_core.package_identification:_identify(src/moveit2_final_test) by extensions ['ros']
[0.246s] Level 1:colcon.colcon_core.package_identification:_identify(src/moveit2_final_test) by extension 'ros'
[0.246s] Level 1:colcon.colcon_core.package_identification:_identify(src/moveit2_final_test) by extensions ['cmake', 'python']
[0.246s] Level 1:colcon.colcon_core.package_identification:_identify(src/moveit2_final_test) by extension 'cmake'
[0.246s] Level 1:colcon.colcon_core.package_identification:_identify(src/moveit2_final_test) by extension 'python'
[0.246s] Level 1:colcon.colcon_core.package_identification:_identify(src/moveit2_final_test) by extensions ['python_setup_py']
[0.246s] Level 1:colcon.colcon_core.package_identification:_identify(src/moveit2_final_test) by extension 'python_setup_py'
[0.246s] Level 1:colcon.colcon_core.package_identification:_identify(src/movevit2_test) by extensions ['ignore', 'ignore_ament_install']
[0.246s] Level 1:colcon.colcon_core.package_identification:_identify(src/movevit2_test) by extension 'ignore'
[0.246s] Level 1:colcon.colcon_core.package_identification:_identify(src/movevit2_test) by extension 'ignore_ament_install'
[0.246s] Level 1:colcon.colcon_core.package_identification:_identify(src/movevit2_test) by extensions ['colcon_pkg']
[0.246s] Level 1:colcon.colcon_core.package_identification:_identify(src/movevit2_test) by extension 'colcon_pkg'
[0.246s] Level 1:colcon.colcon_core.package_identification:_identify(src/movevit2_test) by extensions ['colcon_meta']
[0.246s] Level 1:colcon.colcon_core.package_identification:_identify(src/movevit2_test) by extension 'colcon_meta'
[0.246s] Level 1:colcon.colcon_core.package_identification:_identify(src/movevit2_test) by extensions ['ros']
[0.246s] Level 1:colcon.colcon_core.package_identification:_identify(src/movevit2_test) by extension 'ros'
[0.247s] DEBUG:colcon.colcon_core.package_identification:Package 'src/movevit2_test' with type 'ros.ament_cmake' and name 'movevit2_test'
[0.247s] Level 1:colcon.colcon_core.package_identification:_identify(src/open_manipulator_pro_gazebo) by extensions ['ignore', 'ignore_ament_install']
[0.247s] Level 1:colcon.colcon_core.package_identification:_identify(src/open_manipulator_pro_gazebo) by extension 'ignore'
[0.247s] Level 1:colcon.colcon_core.package_identification:_identify(src/open_manipulator_pro_gazebo) by extension 'ignore_ament_install'
[0.247s] Level 1:colcon.colcon_core.package_identification:_identify(src/open_manipulator_pro_gazebo) by extensions ['colcon_pkg']
[0.247s] Level 1:colcon.colcon_core.package_identification:_identify(src/open_manipulator_pro_gazebo) by extension 'colcon_pkg'
[0.247s] Level 1:colcon.colcon_core.package_identification:_identify(src/open_manipulator_pro_gazebo) by extensions ['colcon_meta']
[0.247s] Level 1:colcon.colcon_core.package_identification:_identify(src/open_manipulator_pro_gazebo) by extension 'colcon_meta'
[0.247s] Level 1:colcon.colcon_core.package_identification:_identify(src/open_manipulator_pro_gazebo) by extensions ['ros']
[0.247s] Level 1:colcon.colcon_core.package_identification:_identify(src/open_manipulator_pro_gazebo) by extension 'ros'
[0.248s] DEBUG:colcon.colcon_core.package_identification:Package 'src/open_manipulator_pro_gazebo' with type 'ros.ament_cmake' and name 'open_manipulator_pro_gazebo'
[0.248s] Level 1:colcon.colcon_core.package_identification:_identify(src/phantomx_reactor_arm_description) by extensions ['ignore', 'ignore_ament_install']
[0.248s] Level 1:colcon.colcon_core.package_identification:_identify(src/phantomx_reactor_arm_description) by extension 'ignore'
[0.248s] Level 1:colcon.colcon_core.package_identification:_identify(src/phantomx_reactor_arm_description) by extension 'ignore_ament_install'
[0.248s] Level 1:colcon.colcon_core.package_identification:_identify(src/phantomx_reactor_arm_description) by extensions ['colcon_pkg']
[0.248s] Level 1:colcon.colcon_core.package_identification:_identify(src/phantomx_reactor_arm_description) by extension 'colcon_pkg'
[0.248s] Level 1:colcon.colcon_core.package_identification:_identify(src/phantomx_reactor_arm_description) by extensions ['colcon_meta']
[0.248s] Level 1:colcon.colcon_core.package_identification:_identify(src/phantomx_reactor_arm_description) by extension 'colcon_meta'
[0.248s] Level 1:colcon.colcon_core.package_identification:_identify(src/phantomx_reactor_arm_description) by extensions ['ros']
[0.248s] Level 1:colcon.colcon_core.package_identification:_identify(src/phantomx_reactor_arm_description) by extension 'ros'
[0.255s] DEBUG:colcon.colcon_core.package_identification:Package 'src/phantomx_reactor_arm_description' with type 'ros.ament_cmake' and name 'phantomx_reactor_arm_description'
[0.255s] Level 1:colcon.colcon_core.package_identification:_identify(src/phantomx_reactor_arm_moveit2_config) by extensions ['ignore', 'ignore_ament_install']
[0.255s] Level 1:colcon.colcon_core.package_identification:_identify(src/phantomx_reactor_arm_moveit2_config) by extension 'ignore'
[0.255s] Level 1:colcon.colcon_core.package_identification:_identify(src/phantomx_reactor_arm_moveit2_config) by extension 'ignore_ament_install'
[0.255s] Level 1:colcon.colcon_core.package_identification:_identify(src/phantomx_reactor_arm_moveit2_config) by extensions ['colcon_pkg']
[0.255s] Level 1:colcon.colcon_core.package_identification:_identify(src/phantomx_reactor_arm_moveit2_config) by extension 'colcon_pkg'
[0.255s] Level 1:colcon.colcon_core.package_identification:_identify(src/phantomx_reactor_arm_moveit2_config) by extensions ['colcon_meta']
[0.255s] Level 1:colcon.colcon_core.package_identification:_identify(src/phantomx_reactor_arm_moveit2_config) by extension 'colcon_meta'
[0.255s] Level 1:colcon.colcon_core.package_identification:_identify(src/phantomx_reactor_arm_moveit2_config) by extensions ['ros']
[0.255s] Level 1:colcon.colcon_core.package_identification:_identify(src/phantomx_reactor_arm_moveit2_config) by extension 'ros'
[0.256s] DEBUG:colcon.colcon_core.package_identification:Package 'src/phantomx_reactor_arm_moveit2_config' with type 'ros.ament_cmake' and name 'phantomx_reactor_arm_moveit2_config'
[0.256s] Level 1:colcon.colcon_core.package_discovery:discover_packages(recursive) using defaults
[0.256s] Level 1:colcon.colcon_core.package_discovery:discover_packages(ignore) discover
[0.256s] Level 1:colcon.colcon_core.package_discovery:discover_packages(ignore) using defaults
[0.256s] Level 1:colcon.colcon_core.package_discovery:discover_packages(path) discover
[0.256s] Level 1:colcon.colcon_core.package_discovery:discover_packages(path) using defaults
[0.272s] Level 1:colcon.colcon_core.package_discovery:discover_packages(prefix_path) check parameters
[0.273s] Level 1:colcon.colcon_core.package_discovery:discover_packages(prefix_path) discover
[0.273s] WARNING:colcon.colcon_ros.prefix_path.ament:The path '/home/akinsantos/minipulator_ws/install/phantomx_reactor_arm_moveit2_config' in the environment variable AMENT_PREFIX_PATH doesn't exist
[0.273s] WARNING:colcon.colcon_ros.prefix_path.ament:The path '/home/akinsantos/minipulator_ws/install/movevit2_test' in the environment variable AMENT_PREFIX_PATH doesn't exist
[0.273s] WARNING:colcon.colcon_ros.prefix_path.ament:The path '/home/akinsantos/minipulator_ws/install/phantomx_reactor_arm_description' in the environment variable AMENT_PREFIX_PATH doesn't exist
[0.274s] WARNING:colcon.colcon_ros.prefix_path.ament:The path '/home/akinsantos/minipulator_ws/install/open_manipulator_pro_gazebo' in the environment variable AMENT_PREFIX_PATH doesn't exist
[0.274s] WARNING:colcon.colcon_ros.prefix_path.ament:The path '/home/akinsantos/minipulator_ws/install/dynamixel_workbench' in the environment variable AMENT_PREFIX_PATH doesn't exist
[0.274s] WARNING:colcon.colcon_ros.prefix_path.ament:The path '/home/akinsantos/minipulator_ws/install/dynamixel_hardware' in the environment variable AMENT_PREFIX_PATH doesn't exist
[0.274s] WARNING:colcon.colcon_ros.prefix_path.ament:The path '/home/akinsantos/minipulator_ws/install/dynamixel_workbench_toolbox' in the environment variable AMENT_PREFIX_PATH doesn't exist
[0.274s] WARNING:colcon.colcon_ros.prefix_path.ament:The path '/home/akinsantos/minipulator_ws/install/dynamixel_workbench_msgs' in the environment variable AMENT_PREFIX_PATH doesn't exist
[0.275s] WARNING:colcon.colcon_ros.prefix_path.catkin:The path '/home/akinsantos/minipulator_ws/install/phantomx_reactor_arm_moveit2_config' in the environment variable CMAKE_PREFIX_PATH doesn't exist
[0.275s] WARNING:colcon.colcon_ros.prefix_path.catkin:The path '/home/akinsantos/minipulator_ws/install/movevit2_test' in the environment variable CMAKE_PREFIX_PATH doesn't exist
[0.275s] WARNING:colcon.colcon_ros.prefix_path.catkin:The path '/home/akinsantos/minipulator_ws/install/phantomx_reactor_arm_description' in the environment variable CMAKE_PREFIX_PATH doesn't exist
[0.275s] WARNING:colcon.colcon_ros.prefix_path.catkin:The path '/home/akinsantos/minipulator_ws/install/open_manipulator_pro_gazebo' in the environment variable CMAKE_PREFIX_PATH doesn't exist
[0.275s] WARNING:colcon.colcon_ros.prefix_path.catkin:The path '/home/akinsantos/minipulator_ws/install/dynamixel_workbench' in the environment variable CMAKE_PREFIX_PATH doesn't exist
[0.276s] WARNING:colcon.colcon_ros.prefix_path.catkin:The path '/home/akinsantos/minipulator_ws/install/dynamixel_hardware' in the environment variable CMAKE_PREFIX_PATH doesn't exist
[0.276s] WARNING:colcon.colcon_ros.prefix_path.catkin:The path '/home/akinsantos/minipulator_ws/install/dynamixel_workbench_toolbox' in the environment variable CMAKE_PREFIX_PATH doesn't exist
[0.276s] WARNING:colcon.colcon_ros.prefix_path.catkin:The path '/home/akinsantos/minipulator_ws/install/dynamixel_workbench_msgs' in the environment variable CMAKE_PREFIX_PATH doesn't exist
[0.276s] DEBUG:colcon.colcon_installed_package_information.package_discovery:Found 0 installed packages in /home/akinsantos/minipulator_ws/install
[0.277s] DEBUG:colcon.colcon_installed_package_information.package_discovery:Found 55 installed packages in /home/akinsantos/ws_moveit/install
[0.279s] DEBUG:colcon.colcon_installed_package_information.package_discovery:Found 362 installed packages in /opt/ros/humble
[0.280s] Level 1:colcon.colcon_core.package_discovery:discover_packages(prefix_path) using defaults
[0.319s] Level 5:colcon.colcon_core.verb:set package 'dynamixel_workbench_msgs' build argument 'cmake_args' from command line to 'None'
[0.319s] Level 5:colcon.colcon_core.verb:set package 'dynamixel_workbench_msgs' build argument 'cmake_target' from command line to 'None'
[0.319s] Level 5:colcon.colcon_core.verb:set package 'dynamixel_workbench_msgs' build argument 'cmake_target_skip_unavailable' from command line to 'False'
[0.319s] Level 5:colcon.colcon_core.verb:set package 'dynamixel_workbench_msgs' build argument 'cmake_clean_cache' from command line to 'False'
[0.319s] Level 5:colcon.colcon_core.verb:set package 'dynamixel_workbench_msgs' build argument 'cmake_clean_first' from command line to 'False'
[0.319s] Level 5:colcon.colcon_core.verb:set package 'dynamixel_workbench_msgs' build argument 'cmake_force_configure' from command line to 'False'
[0.319s] Level 5:colcon.colcon_core.verb:set package 'dynamixel_workbench_msgs' build argument 'ament_cmake_args' from command line to 'None'
[0.319s] Level 5:colcon.colcon_core.verb:set package 'dynamixel_workbench_msgs' build argument 'catkin_cmake_args' from command line to 'None'
[0.319s] Level 5:colcon.colcon_core.verb:set package 'dynamixel_workbench_msgs' build argument 'catkin_skip_building_tests' from command line to 'False'
[0.319s] DEBUG:colcon.colcon_core.verb:Building package 'dynamixel_workbench_msgs' with the following arguments: {'ament_cmake_args': None, 'build_base': '/home/akinsantos/minipulator_ws/build/dynamixel_workbench_msgs', 'catkin_cmake_args': None, 'catkin_skip_building_tests': False, 'cmake_args': None, 'cmake_clean_cache': False, 'cmake_clean_first': False, 'cmake_force_configure': False, 'cmake_target': None, 'cmake_target_skip_unavailable': False, 'install_base': '/home/akinsantos/minipulator_ws/install/dynamixel_workbench_msgs', 'merge_install': False, 'path': '/home/akinsantos/minipulator_ws/src/dynamixel-workbench-msgs/dynamixel_workbench_msgs', 'symlink_install': False, 'test_result_base': None}
[0.319s] Level 5:colcon.colcon_core.verb:set package 'dynamixel_workbench_toolbox' build argument 'cmake_args' from command line to 'None'
[0.319s] Level 5:colcon.colcon_core.verb:set package 'dynamixel_workbench_toolbox' build argument 'cmake_target' from command line to 'None'
[0.319s] Level 5:colcon.colcon_core.verb:set package 'dynamixel_workbench_toolbox' build argument 'cmake_target_skip_unavailable' from command line to 'False'
[0.319s] Level 5:colcon.colcon_core.verb:set package 'dynamixel_workbench_toolbox' build argument 'cmake_clean_cache' from command line to 'False'
[0.319s] Level 5:colcon.colcon_core.verb:set package 'dynamixel_workbench_toolbox' build argument 'cmake_clean_first' from command line to 'False'
[0.319s] Level 5:colcon.colcon_core.verb:set package 'dynamixel_workbench_toolbox' build argument 'cmake_force_configure' from command line to 'False'
[0.319s] Level 5:colcon.colcon_core.verb:set package 'dynamixel_workbench_toolbox' build argument 'ament_cmake_args' from command line to 'None'
[0.320s] Level 5:colcon.colcon_core.verb:set package 'dynamixel_workbench_toolbox' build argument 'catkin_cmake_args' from command line to 'None'
[0.320s] Level 5:colcon.colcon_core.verb:set package 'dynamixel_workbench_toolbox' build argument 'catkin_skip_building_tests' from command line to 'False'
[0.320s] DEBUG:colcon.colcon_core.verb:Building package 'dynamixel_workbench_toolbox' with the following arguments: {'ament_cmake_args': None, 'build_base': '/home/akinsantos/minipulator_ws/build/dynamixel_workbench_toolbox', 'catkin_cmake_args': None, 'catkin_skip_building_tests': False, 'cmake_args': None, 'cmake_clean_cache': False, 'cmake_clean_first': False, 'cmake_force_configure': False, 'cmake_target': None, 'cmake_target_skip_unavailable': False, 'install_base': '/home/akinsantos/minipulator_ws/install/dynamixel_workbench_toolbox', 'merge_install': False, 'path': '/home/akinsantos/minipulator_ws/src/dynamixel-workbench/dynamixel_workbench_toolbox', 'symlink_install': False, 'test_result_base': None}
[0.320s] Level 5:colcon.colcon_core.verb:set package 'open_manipulator_pro_gazebo' build argument 'cmake_args' from command line to 'None'
[0.320s] Level 5:colcon.colcon_core.verb:set package 'open_manipulator_pro_gazebo' build argument 'cmake_target' from command line to 'None'
[0.320s] Level 5:colcon.colcon_core.verb:set package 'open_manipulator_pro_gazebo' build argument 'cmake_target_skip_unavailable' from command line to 'False'
[0.320s] Level 5:colcon.colcon_core.verb:set package 'open_manipulator_pro_gazebo' build argument 'cmake_clean_cache' from command line to 'False'
[0.320s] Level 5:colcon.colcon_core.verb:set package 'open_manipulator_pro_gazebo' build argument 'cmake_clean_first' from command line to 'False'
[0.320s] Level 5:colcon.colcon_core.verb:set package 'open_manipulator_pro_gazebo' build argument 'cmake_force_configure' from command line to 'False'
[0.320s] Level 5:colcon.colcon_core.verb:set package 'open_manipulator_pro_gazebo' build argument 'ament_cmake_args' from command line to 'None'
[0.320s] Level 5:colcon.colcon_core.verb:set package 'open_manipulator_pro_gazebo' build argument 'catkin_cmake_args' from command line to 'None'
[0.320s] Level 5:colcon.colcon_core.verb:set package 'open_manipulator_pro_gazebo' build argument 'catkin_skip_building_tests' from command line to 'False'
[0.320s] DEBUG:colcon.colcon_core.verb:Building package 'open_manipulator_pro_gazebo' with the following arguments: {'ament_cmake_args': None, 'build_base': '/home/akinsantos/minipulator_ws/build/open_manipulator_pro_gazebo', 'catkin_cmake_args': None, 'catkin_skip_building_tests': False, 'cmake_args': None, 'cmake_clean_cache': False, 'cmake_clean_first': False, 'cmake_force_configure': False, 'cmake_target': None, 'cmake_target_skip_unavailable': False, 'install_base': '/home/akinsantos/minipulator_ws/install/open_manipulator_pro_gazebo', 'merge_install': False, 'path': '/home/akinsantos/minipulator_ws/src/open_manipulator_pro_gazebo', 'symlink_install': False, 'test_result_base': None}
[0.320s] Level 5:colcon.colcon_core.verb:set package 'phantomx_reactor_arm_description' build argument 'cmake_args' from command line to 'None'
[0.320s] Level 5:colcon.colcon_core.verb:set package 'phantomx_reactor_arm_description' build argument 'cmake_target' from command line to 'None'
[0.320s] Level 5:colcon.colcon_core.verb:set package 'phantomx_reactor_arm_description' build argument 'cmake_target_skip_unavailable' from command line to 'False'
[0.320s] Level 5:colcon.colcon_core.verb:set package 'phantomx_reactor_arm_description' build argument 'cmake_clean_cache' from command line to 'False'
[0.320s] Level 5:colcon.colcon_core.verb:set package 'phantomx_reactor_arm_description' build argument 'cmake_clean_first' from command line to 'False'
[0.320s] Level 5:colcon.colcon_core.verb:set package 'phantomx_reactor_arm_description' build argument 'cmake_force_configure' from command line to 'False'
[0.320s] Level 5:colcon.colcon_core.verb:set package 'phantomx_reactor_arm_description' build argument 'ament_cmake_args' from command line to 'None'
[0.320s] Level 5:colcon.colcon_core.verb:set package 'phantomx_reactor_arm_description' build argument 'catkin_cmake_args' from command line to 'None'
[0.320s] Level 5:colcon.colcon_core.verb:set package 'phantomx_reactor_arm_description' build argument 'catkin_skip_building_tests' from command line to 'False'
[0.320s] DEBUG:colcon.colcon_core.verb:Building package 'phantomx_reactor_arm_description' with the following arguments: {'ament_cmake_args': None, 'build_base': '/home/akinsantos/minipulator_ws/build/phantomx_reactor_arm_description', 'catkin_cmake_args': None, 'catkin_skip_building_tests': False, 'cmake_args': None, 'cmake_clean_cache': False, 'cmake_clean_first': False, 'cmake_force_configure': False, 'cmake_target': None, 'cmake_target_skip_unavailable': False, 'install_base': '/home/akinsantos/minipulator_ws/install/phantomx_reactor_arm_description', 'merge_install': False, 'path': '/home/akinsantos/minipulator_ws/src/phantomx_reactor_arm_description', 'symlink_install': False, 'test_result_base': None}
[0.321s] Level 5:colcon.colcon_core.verb:set package 'dynamixel_hardware' build argument 'cmake_args' from command line to 'None'
[0.321s] Level 5:colcon.colcon_core.verb:set package 'dynamixel_hardware' build argument 'cmake_target' from command line to 'None'
[0.321s] Level 5:colcon.colcon_core.verb:set package 'dynamixel_hardware' build argument 'cmake_target_skip_unavailable' from command line to 'False'
[0.321s] Level 5:colcon.colcon_core.verb:set package 'dynamixel_hardware' build argument 'cmake_clean_cache' from command line to 'False'
[0.321s] Level 5:colcon.colcon_core.verb:set package 'dynamixel_hardware' build argument 'cmake_clean_first' from command line to 'False'
[0.321s] Level 5:colcon.colcon_core.verb:set package 'dynamixel_hardware' build argument 'cmake_force_configure' from command line to 'False'
[0.321s] Level 5:colcon.colcon_core.verb:set package 'dynamixel_hardware' build argument 'ament_cmake_args' from command line to 'None'
[0.321s] Level 5:colcon.colcon_core.verb:set package 'dynamixel_hardware' build argument 'catkin_cmake_args' from command line to 'None'
[0.321s] Level 5:colcon.colcon_core.verb:set package 'dynamixel_hardware' build argument 'catkin_skip_building_tests' from command line to 'False'
[0.321s] DEBUG:colcon.colcon_core.verb:Building package 'dynamixel_hardware' with the following arguments: {'ament_cmake_args': None, 'build_base': '/home/akinsantos/minipulator_ws/build/dynamixel_hardware', 'catkin_cmake_args': None, 'catkin_skip_building_tests': False, 'cmake_args': None, 'cmake_clean_cache': False, 'cmake_clean_first': False, 'cmake_force_configure': False, 'cmake_target': None, 'cmake_target_skip_unavailable': False, 'install_base': '/home/akinsantos/minipulator_ws/install/dynamixel_hardware', 'merge_install': False, 'path': '/home/akinsantos/minipulator_ws/src/dynamixel_control/dynamixel_hardware', 'symlink_install': False, 'test_result_base': None}
[0.321s] Level 5:colcon.colcon_core.verb:set package 'dynamixel_workbench' build argument 'cmake_args' from command line to 'None'
[0.321s] Level 5:colcon.colcon_core.verb:set package 'dynamixel_workbench' build argument 'cmake_target' from command line to 'None'
[0.321s] Level 5:colcon.colcon_core.verb:set package 'dynamixel_workbench' build argument 'cmake_target_skip_unavailable' from command line to 'False'
[0.321s] Level 5:colcon.colcon_core.verb:set package 'dynamixel_workbench' build argument 'cmake_clean_cache' from command line to 'False'
[0.321s] Level 5:colcon.colcon_core.verb:set package 'dynamixel_workbench' build argument 'cmake_clean_first' from command line to 'False'
[0.321s] Level 5:colcon.colcon_core.verb:set package 'dynamixel_workbench' build argument 'cmake_force_configure' from command line to 'False'
[0.321s] Level 5:colcon.colcon_core.verb:set package 'dynamixel_workbench' build argument 'ament_cmake_args' from command line to 'None'
[0.321s] Level 5:colcon.colcon_core.verb:set package 'dynamixel_workbench' build argument 'catkin_cmake_args' from command line to 'None'
[0.321s] Level 5:colcon.colcon_core.verb:set package 'dynamixel_workbench' build argument 'catkin_skip_building_tests' from command line to 'False'
[0.321s] DEBUG:colcon.colcon_core.verb:Building package 'dynamixel_workbench' with the following arguments: {'ament_cmake_args': None, 'build_base': '/home/akinsantos/minipulator_ws/build/dynamixel_workbench', 'catkin_cmake_args': None, 'catkin_skip_building_tests': False, 'cmake_args': None, 'cmake_clean_cache': False, 'cmake_clean_first': False, 'cmake_force_configure': False, 'cmake_target': None, 'cmake_target_skip_unavailable': False, 'install_base': '/home/akinsantos/minipulator_ws/install/dynamixel_workbench', 'merge_install': False, 'path': '/home/akinsantos/minipulator_ws/src/dynamixel-workbench/dynamixel_workbench', 'symlink_install': False, 'test_result_base': None}
[0.322s] Level 5:colcon.colcon_core.verb:set package 'movevit2_test' build argument 'cmake_args' from command line to 'None'
[0.322s] Level 5:colcon.colcon_core.verb:set package 'movevit2_test' build argument 'cmake_target' from command line to 'None'
[0.322s] Level 5:colcon.colcon_core.verb:set package 'movevit2_test' build argument 'cmake_target_skip_unavailable' from command line to 'False'
[0.322s] Level 5:colcon.colcon_core.verb:set package 'movevit2_test' build argument 'cmake_clean_cache' from command line to 'False'
[0.322s] Level 5:colcon.colcon_core.verb:set package 'movevit2_test' build argument 'cmake_clean_first' from command line to 'False'
[0.322s] Level 5:colcon.colcon_core.verb:set package 'movevit2_test' build argument 'cmake_force_configure' from command line to 'False'
[0.322s] Level 5:colcon.colcon_core.verb:set package 'movevit2_test' build argument 'ament_cmake_args' from command line to 'None'
[0.322s] Level 5:colcon.colcon_core.verb:set package 'movevit2_test' build argument 'catkin_cmake_args' from command line to 'None'
[0.322s] Level 5:colcon.colcon_core.verb:set package 'movevit2_test' build argument 'catkin_skip_building_tests' from command line to 'False'
[0.322s] DEBUG:colcon.colcon_core.verb:Building package 'movevit2_test' with the following arguments: {'ament_cmake_args': None, 'build_base': '/home/akinsantos/minipulator_ws/build/movevit2_test', 'catkin_cmake_args': None, 'catkin_skip_building_tests': False, 'cmake_args': None, 'cmake_clean_cache': False, 'cmake_clean_first': False, 'cmake_force_configure': False, 'cmake_target': None, 'cmake_target_skip_unavailable': False, 'install_base': '/home/akinsantos/minipulator_ws/install/movevit2_test', 'merge_install': False, 'path': '/home/akinsantos/minipulator_ws/src/movevit2_test', 'symlink_install': False, 'test_result_base': None}
[0.322s] Level 5:colcon.colcon_core.verb:set package 'phantomx_reactor_arm_moveit2_config' build argument 'cmake_args' from command line to 'None'
[0.322s] Level 5:colcon.colcon_core.verb:set package 'phantomx_reactor_arm_moveit2_config' build argument 'cmake_target' from command line to 'None'
[0.322s] Level 5:colcon.colcon_core.verb:set package 'phantomx_reactor_arm_moveit2_config' build argument 'cmake_target_skip_unavailable' from command line to 'False'
[0.322s] Level 5:colcon.colcon_core.verb:set package 'phantomx_reactor_arm_moveit2_config' build argument 'cmake_clean_cache' from command line to 'False'
[0.322s] Level 5:colcon.colcon_core.verb:set package 'phantomx_reactor_arm_moveit2_config' build argument 'cmake_clean_first' from command line to 'False'
[0.322s] Level 5:colcon.colcon_core.verb:set package 'phantomx_reactor_arm_moveit2_config' build argument 'cmake_force_configure' from command line to 'False'
[0.322s] Level 5:colcon.colcon_core.verb:set package 'phantomx_reactor_arm_moveit2_config' build argument 'ament_cmake_args' from command line to 'None'
[0.322s] Level 5:colcon.colcon_core.verb:set package 'phantomx_reactor_arm_moveit2_config' build argument 'catkin_cmake_args' from command line to 'None'
[0.322s] Level 5:colcon.colcon_core.verb:set package 'phantomx_reactor_arm_moveit2_config' build argument 'catkin_skip_building_tests' from command line to 'False'
[0.322s] DEBUG:colcon.colcon_core.verb:Building package 'phantomx_reactor_arm_moveit2_config' with the following arguments: {'ament_cmake_args': None, 'build_base': '/home/akinsantos/minipulator_ws/build/phantomx_reactor_arm_moveit2_config', 'catkin_cmake_args': None, 'catkin_skip_building_tests': False, 'cmake_args': None, 'cmake_clean_cache': False, 'cmake_clean_first': False, 'cmake_force_configure': False, 'cmake_target': None, 'cmake_target_skip_unavailable': False, 'install_base': '/home/akinsantos/minipulator_ws/install/phantomx_reactor_arm_moveit2_config', 'merge_install': False, 'path': '/home/akinsantos/minipulator_ws/src/phantomx_reactor_arm_moveit2_config', 'symlink_install': False, 'test_result_base': None}
[0.322s] INFO:colcon.colcon_core.executor:Executing jobs using 'parallel' executor
[0.323s] DEBUG:colcon.colcon_parallel_executor.executor.parallel:run_until_complete
[0.323s] INFO:colcon.colcon_ros.task.ament_cmake.build:Building ROS package in '/home/akinsantos/minipulator_ws/src/dynamixel-workbench/dynamixel_workbench_toolbox' with build type 'ament_cmake'
[0.323s] INFO:colcon.colcon_cmake.task.cmake.build:Building CMake package in '/home/akinsantos/minipulator_ws/src/dynamixel-workbench/dynamixel_workbench_toolbox'
[0.325s] INFO:colcon.colcon_core.plugin_system:Skipping extension 'colcon_core.shell.bat': Not used on non-Windows systems
[0.325s] INFO:colcon.colcon_core.shell:Skip shell extension 'powershell' for command environment: Not usable outside of PowerShell
[0.325s] DEBUG:colcon.colcon_core.shell:Skip shell extension 'dsv' for command environment
[0.330s] INFO:colcon.colcon_ros.task.ament_cmake.build:Building ROS package in '/home/akinsantos/minipulator_ws/src/phantomx_reactor_arm_description' with build type 'ament_cmake'
[0.330s] INFO:colcon.colcon_cmake.task.cmake.build:Building CMake package in '/home/akinsantos/minipulator_ws/src/phantomx_reactor_arm_description'
[0.330s] INFO:colcon.colcon_core.shell:Skip shell extension 'powershell' for command environment: Not usable outside of PowerShell
[0.331s] DEBUG:colcon.colcon_core.shell:Skip shell extension 'dsv' for command environment
[0.335s] INFO:colcon.colcon_ros.task.ament_cmake.build:Building ROS package in '/home/akinsantos/minipulator_ws/src/dynamixel-workbench-msgs/dynamixel_workbench_msgs' with build type 'ament_cmake'
[0.335s] INFO:colcon.colcon_cmake.task.cmake.build:Building CMake package in '/home/akinsantos/minipulator_ws/src/dynamixel-workbench-msgs/dynamixel_workbench_msgs'
[0.336s] INFO:colcon.colcon_core.shell:Skip shell extension 'powershell' for command environment: Not usable outside of PowerShell
[0.336s] DEBUG:colcon.colcon_core.shell:Skip shell extension 'dsv' for command environment
[0.340s] INFO:colcon.colcon_ros.task.ament_cmake.build:Building ROS package in '/home/akinsantos/minipulator_ws/src/open_manipulator_pro_gazebo' with build type 'ament_cmake'
[0.340s] INFO:colcon.colcon_cmake.task.cmake.build:Building CMake package in '/home/akinsantos/minipulator_ws/src/open_manipulator_pro_gazebo'
[0.341s] INFO:colcon.colcon_core.shell:Skip shell extension 'powershell' for command environment: Not usable outside of PowerShell
[0.341s] DEBUG:colcon.colcon_core.shell:Skip shell extension 'dsv' for command environment
[0.349s] DEBUG:colcon.colcon_core.event_handler.log_command:Invoking command in '/home/akinsantos/minipulator_ws/build/dynamixel_workbench_toolbox': CMAKE_PREFIX_PATH=${CMAKE_PREFIX_PATH}:/home/akinsantos/ws_moveit/install/moveit_configs_utils:/home/akinsantos/ws_moveit/install/launch_param_builder:/opt/ros/humble /usr/bin/cmake /home/akinsantos/minipulator_ws/src/dynamixel-workbench/dynamixel_workbench_toolbox -DCMAKE_INSTALL_PREFIX=/home/akinsantos/minipulator_ws/install/dynamixel_workbench_toolbox
[0.351s] DEBUG:colcon.colcon_core.event_handler.log_command:Invoking command in '/home/akinsantos/minipulator_ws/build/phantomx_reactor_arm_description': CMAKE_PREFIX_PATH=${CMAKE_PREFIX_PATH}:/home/akinsantos/ws_moveit/install/moveit_configs_utils:/home/akinsantos/ws_moveit/install/launch_param_builder:/opt/ros/humble /usr/bin/cmake /home/akinsantos/minipulator_ws/src/phantomx_reactor_arm_description -DCMAKE_INSTALL_PREFIX=/home/akinsantos/minipulator_ws/install/phantomx_reactor_arm_description
[0.353s] DEBUG:colcon.colcon_core.event_handler.log_command:Invoking command in '/home/akinsantos/minipulator_ws/build/dynamixel_workbench_msgs': CMAKE_PREFIX_PATH=${CMAKE_PREFIX_PATH}:/home/akinsantos/ws_moveit/install/moveit_configs_utils:/home/akinsantos/ws_moveit/install/launch_param_builder:/opt/ros/humble /usr/bin/cmake /home/akinsantos/minipulator_ws/src/dynamixel-workbench-msgs/dynamixel_workbench_msgs -DCMAKE_INSTALL_PREFIX=/home/akinsantos/minipulator_ws/install/dynamixel_workbench_msgs
[0.355s] DEBUG:colcon.colcon_core.event_handler.log_command:Invoking command in '/home/akinsantos/minipulator_ws/build/open_manipulator_pro_gazebo': CMAKE_PREFIX_PATH=${CMAKE_PREFIX_PATH}:/home/akinsantos/ws_moveit/install/moveit_configs_utils:/home/akinsantos/ws_moveit/install/launch_param_builder:/opt/ros/humble /usr/bin/cmake /home/akinsantos/minipulator_ws/src/open_manipulator_pro_gazebo -DCMAKE_INSTALL_PREFIX=/home/akinsantos/minipulator_ws/install/open_manipulator_pro_gazebo
[1.434s] DEBUG:colcon.colcon_core.event_handler.log_command:Invoked command in '/home/akinsantos/minipulator_ws/build/open_manipulator_pro_gazebo' returned '0': CMAKE_PREFIX_PATH=${CMAKE_PREFIX_PATH}:/home/akinsantos/ws_moveit/install/moveit_configs_utils:/home/akinsantos/ws_moveit/install/launch_param_builder:/opt/ros/humble /usr/bin/cmake /home/akinsantos/minipulator_ws/src/open_manipulator_pro_gazebo -DCMAKE_INSTALL_PREFIX=/home/akinsantos/minipulator_ws/install/open_manipulator_pro_gazebo
[1.435s] DEBUG:colcon.colcon_core.event_handler.log_command:Invoking command in '/home/akinsantos/minipulator_ws/build/open_manipulator_pro_gazebo': CMAKE_PREFIX_PATH=${CMAKE_PREFIX_PATH}:/home/akinsantos/ws_moveit/install/moveit_configs_utils:/home/akinsantos/ws_moveit/install/launch_param_builder:/opt/ros/humble /usr/bin/cmake --build /home/akinsantos/minipulator_ws/build/open_manipulator_pro_gazebo -- -j8 -l8
[1.470s] DEBUG:colcon.colcon_core.event_handler.log_command:Invoked command in '/home/akinsantos/minipulator_ws/build/open_manipulator_pro_gazebo' returned '0': CMAKE_PREFIX_PATH=${CMAKE_PREFIX_PATH}:/home/akinsantos/ws_moveit/install/moveit_configs_utils:/home/akinsantos/ws_moveit/install/launch_param_builder:/opt/ros/humble /usr/bin/cmake --build /home/akinsantos/minipulator_ws/build/open_manipulator_pro_gazebo -- -j8 -l8
[1.479s] DEBUG:colcon.colcon_core.event_handler.log_command:Invoking command in '/home/akinsantos/minipulator_ws/build/open_manipulator_pro_gazebo': CMAKE_PREFIX_PATH=${CMAKE_PREFIX_PATH}:/home/akinsantos/ws_moveit/install/moveit_configs_utils:/home/akinsantos/ws_moveit/install/launch_param_builder:/opt/ros/humble /usr/bin/cmake --install /home/akinsantos/minipulator_ws/build/open_manipulator_pro_gazebo
[1.490s] Level 1:colcon.colcon_core.environment:create_environment_scripts_only(open_manipulator_pro_gazebo)
[1.490s] DEBUG:colcon.colcon_core.event_handler.log_command:Invoked command in '/home/akinsantos/minipulator_ws/build/open_manipulator_pro_gazebo' returned '0': CMAKE_PREFIX_PATH=${CMAKE_PREFIX_PATH}:/home/akinsantos/ws_moveit/install/moveit_configs_utils:/home/akinsantos/ws_moveit/install/launch_param_builder:/opt/ros/humble /usr/bin/cmake --install /home/akinsantos/minipulator_ws/build/open_manipulator_pro_gazebo
[1.492s] Level 1:colcon.colcon_core.environment:checking '/home/akinsantos/minipulator_ws/install/open_manipulator_pro_gazebo' for CMake module files
[1.492s] Level 1:colcon.colcon_core.environment:checking '/home/akinsantos/minipulator_ws/install/open_manipulator_pro_gazebo' for CMake config files
[1.492s] Level 1:colcon.colcon_core.shell:create_environment_hook('open_manipulator_pro_gazebo', 'cmake_prefix_path')
[1.492s] INFO:colcon.colcon_core.shell:Creating environment hook '/home/akinsantos/minipulator_ws/install/open_manipulator_pro_gazebo/share/open_manipulator_pro_gazebo/hook/cmake_prefix_path.ps1'
[1.493s] INFO:colcon.colcon_core.shell:Creating environment descriptor '/home/akinsantos/minipulator_ws/install/open_manipulator_pro_gazebo/share/open_manipulator_pro_gazebo/hook/cmake_prefix_path.dsv'
[1.493s] INFO:colcon.colcon_core.shell:Creating environment hook '/home/akinsantos/minipulator_ws/install/open_manipulator_pro_gazebo/share/open_manipulator_pro_gazebo/hook/cmake_prefix_path.sh'
[1.494s] Level 1:colcon.colcon_core.environment:checking '/home/akinsantos/minipulator_ws/install/open_manipulator_pro_gazebo/bin'
[1.494s] Level 1:colcon.colcon_core.environment:checking '/home/akinsantos/minipulator_ws/install/open_manipulator_pro_gazebo/lib/pkgconfig/open_manipulator_pro_gazebo.pc'
[1.494s] Level 1:colcon.colcon_core.environment:checking '/home/akinsantos/minipulator_ws/install/open_manipulator_pro_gazebo/lib/python3.10/site-packages'
[1.494s] Level 1:colcon.colcon_core.environment:checking '/home/akinsantos/minipulator_ws/install/open_manipulator_pro_gazebo/bin'
[1.494s] INFO:colcon.colcon_core.shell:Creating package script '/home/akinsantos/minipulator_ws/install/open_manipulator_pro_gazebo/share/open_manipulator_pro_gazebo/package.ps1'
[1.495s] INFO:colcon.colcon_core.shell:Creating package descriptor '/home/akinsantos/minipulator_ws/install/open_manipulator_pro_gazebo/share/open_manipulator_pro_gazebo/package.dsv'
[1.495s] INFO:colcon.colcon_core.shell:Creating package script '/home/akinsantos/minipulator_ws/install/open_manipulator_pro_gazebo/share/open_manipulator_pro_gazebo/package.sh'
[1.496s] INFO:colcon.colcon_core.shell:Creating package script '/home/akinsantos/minipulator_ws/install/open_manipulator_pro_gazebo/share/open_manipulator_pro_gazebo/package.bash'
[1.496s] INFO:colcon.colcon_core.shell:Creating package script '/home/akinsantos/minipulator_ws/install/open_manipulator_pro_gazebo/share/open_manipulator_pro_gazebo/package.zsh'
[1.497s] Level 1:colcon.colcon_core.environment:create_file_with_runtime_dependencies(/home/akinsantos/minipulator_ws/install/open_manipulator_pro_gazebo/share/colcon-core/packages/open_manipulator_pro_gazebo)
[1.497s] Level 1:colcon.colcon_core.environment:create_environment_scripts_only(open_manipulator_pro_gazebo)
[1.497s] Level 1:colcon.colcon_core.environment:checking '/home/akinsantos/minipulator_ws/install/open_manipulator_pro_gazebo' for CMake module files
[1.498s] Level 1:colcon.colcon_core.environment:checking '/home/akinsantos/minipulator_ws/install/open_manipulator_pro_gazebo' for CMake config files
[1.498s] Level 1:colcon.colcon_core.shell:create_environment_hook('open_manipulator_pro_gazebo', 'cmake_prefix_path')
[1.498s] INFO:colcon.colcon_core.shell:Creating environment hook '/home/akinsantos/minipulator_ws/install/open_manipulator_pro_gazebo/share/open_manipulator_pro_gazebo/hook/cmake_prefix_path.ps1'
[1.498s] INFO:colcon.colcon_core.shell:Creating environment descriptor '/home/akinsantos/minipulator_ws/install/open_manipulator_pro_gazebo/share/open_manipulator_pro_gazebo/hook/cmake_prefix_path.dsv'
[1.498s] INFO:colcon.colcon_core.shell:Creating environment hook '/home/akinsantos/minipulator_ws/install/open_manipulator_pro_gazebo/share/open_manipulator_pro_gazebo/hook/cmake_prefix_path.sh'
[1.499s] Level 1:colcon.colcon_core.environment:checking '/home/akinsantos/minipulator_ws/install/open_manipulator_pro_gazebo/bin'
[1.499s] Level 1:colcon.colcon_core.environment:checking '/home/akinsantos/minipulator_ws/install/open_manipulator_pro_gazebo/lib/pkgconfig/open_manipulator_pro_gazebo.pc'
[1.499s] Level 1:colcon.colcon_core.environment:checking '/home/akinsantos/minipulator_ws/install/open_manipulator_pro_gazebo/lib/python3.10/site-packages'
[1.499s] Level 1:colcon.colcon_core.environment:checking '/home/akinsantos/minipulator_ws/install/open_manipulator_pro_gazebo/bin'
[1.499s] INFO:colcon.colcon_core.shell:Creating package script '/home/akinsantos/minipulator_ws/install/open_manipulator_pro_gazebo/share/open_manipulator_pro_gazebo/package.ps1'
[1.500s] INFO:colcon.colcon_core.shell:Creating package descriptor '/home/akinsantos/minipulator_ws/install/open_manipulator_pro_gazebo/share/open_manipulator_pro_gazebo/package.dsv'
[1.500s] INFO:colcon.colcon_core.shell:Creating package script '/home/akinsantos/minipulator_ws/install/open_manipulator_pro_gazebo/share/open_manipulator_pro_gazebo/package.sh'
[1.500s] INFO:colcon.colcon_core.shell:Creating package script '/home/akinsantos/minipulator_ws/install/open_manipulator_pro_gazebo/share/open_manipulator_pro_gazebo/package.bash'
[1.501s] INFO:colcon.colcon_core.shell:Creating package script '/home/akinsantos/minipulator_ws/install/open_manipulator_pro_gazebo/share/open_manipulator_pro_gazebo/package.zsh'
[1.501s] Level 1:colcon.colcon_core.environment:create_file_with_runtime_dependencies(/home/akinsantos/minipulator_ws/install/open_manipulator_pro_gazebo/share/colcon-core/packages/open_manipulator_pro_gazebo)
[2.073s] DEBUG:colcon.colcon_core.event_handler.log_command:Invoked command in '/home/akinsantos/minipulator_ws/build/dynamixel_workbench_toolbox' returned '0': CMAKE_PREFIX_PATH=${CMAKE_PREFIX_PATH}:/home/akinsantos/ws_moveit/install/moveit_configs_utils:/home/akinsantos/ws_moveit/install/launch_param_builder:/opt/ros/humble /usr/bin/cmake /home/akinsantos/minipulator_ws/src/dynamixel-workbench/dynamixel_workbench_toolbox -DCMAKE_INSTALL_PREFIX=/home/akinsantos/minipulator_ws/install/dynamixel_workbench_toolbox
[2.074s] DEBUG:colcon.colcon_core.event_handler.log_command:Invoking command in '/home/akinsantos/minipulator_ws/build/dynamixel_workbench_toolbox': CMAKE_PREFIX_PATH=${CMAKE_PREFIX_PATH}:/home/akinsantos/ws_moveit/install/moveit_configs_utils:/home/akinsantos/ws_moveit/install/launch_param_builder:/opt/ros/humble /usr/bin/cmake --build /home/akinsantos/minipulator_ws/build/dynamixel_workbench_toolbox -- -j8 -l8
[2.346s] DEBUG:colcon.colcon_core.event_handler.log_command:Invoked command in '/home/akinsantos/minipulator_ws/build/phantomx_reactor_arm_description' returned '0': CMAKE_PREFIX_PATH=${CMAKE_PREFIX_PATH}:/home/akinsantos/ws_moveit/install/moveit_configs_utils:/home/akinsantos/ws_moveit/install/launch_param_builder:/opt/ros/humble /usr/bin/cmake /home/akinsantos/minipulator_ws/src/phantomx_reactor_arm_description -DCMAKE_INSTALL_PREFIX=/home/akinsantos/minipulator_ws/install/phantomx_reactor_arm_description
[2.347s] DEBUG:colcon.colcon_core.event_handler.log_command:Invoking command in '/home/akinsantos/minipulator_ws/build/phantomx_reactor_arm_description': CMAKE_PREFIX_PATH=${CMAKE_PREFIX_PATH}:/home/akinsantos/ws_moveit/install/moveit_configs_utils:/home/akinsantos/ws_moveit/install/launch_param_builder:/opt/ros/humble /usr/bin/cmake --build /home/akinsantos/minipulator_ws/build/phantomx_reactor_arm_description -- -j8 -l8
[2.601s] DEBUG:colcon.colcon_core.event_handler.log_command:Invoked command in '/home/akinsantos/minipulator_ws/build/dynamixel_workbench_msgs' returned '0': CMAKE_PREFIX_PATH=${CMAKE_PREFIX_PATH}:/home/akinsantos/ws_moveit/install/moveit_configs_utils:/home/akinsantos/ws_moveit/install/launch_param_builder:/opt/ros/humble /usr/bin/cmake /home/akinsantos/minipulator_ws/src/dynamixel-workbench-msgs/dynamixel_workbench_msgs -DCMAKE_INSTALL_PREFIX=/home/akinsantos/minipulator_ws/install/dynamixel_workbench_msgs
[2.601s] DEBUG:colcon.colcon_core.event_handler.log_command:Invoking command in '/home/akinsantos/minipulator_ws/build/dynamixel_workbench_msgs': CMAKE_PREFIX_PATH=${CMAKE_PREFIX_PATH}:/home/akinsantos/ws_moveit/install/moveit_configs_utils:/home/akinsantos/ws_moveit/install/launch_param_builder:/opt/ros/humble /usr/bin/cmake --build /home/akinsantos/minipulator_ws/build/dynamixel_workbench_msgs -- -j8 -l8
[2.745s] DEBUG:colcon.colcon_core.event_handler.log_command:Invoked command in '/home/akinsantos/minipulator_ws/build/dynamixel_workbench_toolbox' returned '0': CMAKE_PREFIX_PATH=${CMAKE_PREFIX_PATH}:/home/akinsantos/ws_moveit/install/moveit_configs_utils:/home/akinsantos/ws_moveit/install/launch_param_builder:/opt/ros/humble /usr/bin/cmake --build /home/akinsantos/minipulator_ws/build/dynamixel_workbench_toolbox -- -j8 -l8
[2.746s] DEBUG:colcon.colcon_core.event_handler.log_command:Invoking command in '/home/akinsantos/minipulator_ws/build/dynamixel_workbench_toolbox': CMAKE_PREFIX_PATH=${CMAKE_PREFIX_PATH}:/home/akinsantos/ws_moveit/install/moveit_configs_utils:/home/akinsantos/ws_moveit/install/launch_param_builder:/opt/ros/humble /usr/bin/cmake --install /home/akinsantos/minipulator_ws/build/dynamixel_workbench_toolbox
[2.757s] Level 1:colcon.colcon_core.environment:create_environment_scripts_only(dynamixel_workbench_toolbox)
[2.758s] Level 1:colcon.colcon_core.environment:checking '/home/akinsantos/minipulator_ws/install/dynamixel_workbench_toolbox' for CMake module files
[2.758s] DEBUG:colcon.colcon_core.event_handler.log_command:Invoked command in '/home/akinsantos/minipulator_ws/build/dynamixel_workbench_toolbox' returned '0': CMAKE_PREFIX_PATH=${CMAKE_PREFIX_PATH}:/home/akinsantos/ws_moveit/install/moveit_configs_utils:/home/akinsantos/ws_moveit/install/launch_param_builder:/opt/ros/humble /usr/bin/cmake --install /home/akinsantos/minipulator_ws/build/dynamixel_workbench_toolbox
[2.758s] Level 1:colcon.colcon_core.environment:checking '/home/akinsantos/minipulator_ws/install/dynamixel_workbench_toolbox' for CMake config files
[2.758s] Level 1:colcon.colcon_core.shell:create_environment_hook('dynamixel_workbench_toolbox', 'cmake_prefix_path')
[2.759s] INFO:colcon.colcon_core.shell:Creating environment hook '/home/akinsantos/minipulator_ws/install/dynamixel_workbench_toolbox/share/dynamixel_workbench_toolbox/hook/cmake_prefix_path.ps1'
[2.759s] INFO:colcon.colcon_core.shell:Creating environment descriptor '/home/akinsantos/minipulator_ws/install/dynamixel_workbench_toolbox/share/dynamixel_workbench_toolbox/hook/cmake_prefix_path.dsv'
[2.759s] INFO:colcon.colcon_core.shell:Creating environment hook '/home/akinsantos/minipulator_ws/install/dynamixel_workbench_toolbox/share/dynamixel_workbench_toolbox/hook/cmake_prefix_path.sh'
[2.760s] Level 1:colcon.colcon_core.environment:checking '/home/akinsantos/minipulator_ws/install/dynamixel_workbench_toolbox/lib'
[2.760s] Level 1:colcon.colcon_core.shell:create_environment_hook('dynamixel_workbench_toolbox', 'ld_library_path_lib')
[2.760s] INFO:colcon.colcon_core.shell:Creating environment hook '/home/akinsantos/minipulator_ws/install/dynamixel_workbench_toolbox/share/dynamixel_workbench_toolbox/hook/ld_library_path_lib.ps1'
[2.760s] INFO:colcon.colcon_core.shell:Creating environment descriptor '/home/akinsantos/minipulator_ws/install/dynamixel_workbench_toolbox/share/dynamixel_workbench_toolbox/hook/ld_library_path_lib.dsv'
[2.760s] INFO:colcon.colcon_core.shell:Creating environment hook '/home/akinsantos/minipulator_ws/install/dynamixel_workbench_toolbox/share/dynamixel_workbench_toolbox/hook/ld_library_path_lib.sh'
[2.761s] Level 1:colcon.colcon_core.environment:checking '/home/akinsantos/minipulator_ws/install/dynamixel_workbench_toolbox/bin'
[2.761s] Level 1:colcon.colcon_core.environment:checking '/home/akinsantos/minipulator_ws/install/dynamixel_workbench_toolbox/lib/pkgconfig/dynamixel_workbench_toolbox.pc'
[2.761s] Level 1:colcon.colcon_core.environment:checking '/home/akinsantos/minipulator_ws/install/dynamixel_workbench_toolbox/lib/python3.10/site-packages'
[2.761s] Level 1:colcon.colcon_core.environment:checking '/home/akinsantos/minipulator_ws/install/dynamixel_workbench_toolbox/bin'
[2.761s] INFO:colcon.colcon_core.shell:Creating package script '/home/akinsantos/minipulator_ws/install/dynamixel_workbench_toolbox/share/dynamixel_workbench_toolbox/package.ps1'
[2.762s] INFO:colcon.colcon_core.shell:Creating package descriptor '/home/akinsantos/minipulator_ws/install/dynamixel_workbench_toolbox/share/dynamixel_workbench_toolbox/package.dsv'
[2.762s] INFO:colcon.colcon_core.shell:Creating package script '/home/akinsantos/minipulator_ws/install/dynamixel_workbench_toolbox/share/dynamixel_workbench_toolbox/package.sh'
[2.762s] INFO:colcon.colcon_core.shell:Creating package script '/home/akinsantos/minipulator_ws/install/dynamixel_workbench_toolbox/share/dynamixel_workbench_toolbox/package.bash'
[2.762s] INFO:colcon.colcon_core.shell:Creating package script '/home/akinsantos/minipulator_ws/install/dynamixel_workbench_toolbox/share/dynamixel_workbench_toolbox/package.zsh'
[2.763s] Level 1:colcon.colcon_core.environment:create_file_with_runtime_dependencies(/home/akinsantos/minipulator_ws/install/dynamixel_workbench_toolbox/share/colcon-core/packages/dynamixel_workbench_toolbox)
[2.763s] Level 1:colcon.colcon_core.environment:create_environment_scripts_only(dynamixel_workbench_toolbox)
[2.763s] Level 1:colcon.colcon_core.environment:checking '/home/akinsantos/minipulator_ws/install/dynamixel_workbench_toolbox' for CMake module files
[2.764s] Level 1:colcon.colcon_core.environment:checking '/home/akinsantos/minipulator_ws/install/dynamixel_workbench_toolbox' for CMake config files
[2.764s] Level 1:colcon.colcon_core.shell:create_environment_hook('dynamixel_workbench_toolbox', 'cmake_prefix_path')
[2.764s] INFO:colcon.colcon_core.shell:Creating environment hook '/home/akinsantos/minipulator_ws/install/dynamixel_workbench_toolbox/share/dynamixel_workbench_toolbox/hook/cmake_prefix_path.ps1'
[2.764s] INFO:colcon.colcon_core.shell:Creating environment descriptor '/home/akinsantos/minipulator_ws/install/dynamixel_workbench_toolbox/share/dynamixel_workbench_toolbox/hook/cmake_prefix_path.dsv'
[2.764s] INFO:colcon.colcon_core.shell:Creating environment hook '/home/akinsantos/minipulator_ws/install/dynamixel_workbench_toolbox/share/dynamixel_workbench_toolbox/hook/cmake_prefix_path.sh'
[2.765s] Level 1:colcon.colcon_core.environment:checking '/home/akinsantos/minipulator_ws/install/dynamixel_workbench_toolbox/lib'
[2.765s] Level 1:colcon.colcon_core.shell:create_environment_hook('dynamixel_workbench_toolbox', 'ld_library_path_lib')
[2.765s] INFO:colcon.colcon_core.shell:Creating environment hook '/home/akinsantos/minipulator_ws/install/dynamixel_workbench_toolbox/share/dynamixel_workbench_toolbox/hook/ld_library_path_lib.ps1'
[2.765s] INFO:colcon.colcon_core.shell:Creating environment descriptor '/home/akinsantos/minipulator_ws/install/dynamixel_workbench_toolbox/share/dynamixel_workbench_toolbox/hook/ld_library_path_lib.dsv'
[2.765s] INFO:colcon.colcon_core.shell:Creating environment hook '/home/akinsantos/minipulator_ws/install/dynamixel_workbench_toolbox/share/dynamixel_workbench_toolbox/hook/ld_library_path_lib.sh'
[2.766s] Level 1:colcon.colcon_core.environment:checking '/home/akinsantos/minipulator_ws/install/dynamixel_workbench_toolbox/bin'
[2.766s] Level 1:colcon.colcon_core.environment:checking '/home/akinsantos/minipulator_ws/install/dynamixel_workbench_toolbox/lib/pkgconfig/dynamixel_workbench_toolbox.pc'
[2.766s] Level 1:colcon.colcon_core.environment:checking '/home/akinsantos/minipulator_ws/install/dynamixel_workbench_toolbox/lib/python3.10/site-packages'
[2.766s] Level 1:colcon.colcon_core.environment:checking '/home/akinsantos/minipulator_ws/install/dynamixel_workbench_toolbox/bin'
[2.766s] INFO:colcon.colcon_core.shell:Creating package script '/home/akinsantos/minipulator_ws/install/dynamixel_workbench_toolbox/share/dynamixel_workbench_toolbox/package.ps1'
[2.767s] INFO:colcon.colcon_core.shell:Creating package descriptor '/home/akinsantos/minipulator_ws/install/dynamixel_workbench_toolbox/share/dynamixel_workbench_toolbox/package.dsv'
[2.767s] INFO:colcon.colcon_core.shell:Creating package script '/home/akinsantos/minipulator_ws/install/dynamixel_workbench_toolbox/share/dynamixel_workbench_toolbox/package.sh'
[2.767s] INFO:colcon.colcon_core.shell:Creating package script '/home/akinsantos/minipulator_ws/install/dynamixel_workbench_toolbox/share/dynamixel_workbench_toolbox/package.bash'
[2.768s] INFO:colcon.colcon_core.shell:Creating package script '/home/akinsantos/minipulator_ws/install/dynamixel_workbench_toolbox/share/dynamixel_workbench_toolbox/package.zsh'
[2.768s] Level 1:colcon.colcon_core.environment:create_file_with_runtime_dependencies(/home/akinsantos/minipulator_ws/install/dynamixel_workbench_toolbox/share/colcon-core/packages/dynamixel_workbench_toolbox)
[2.768s] INFO:colcon.colcon_ros.task.ament_cmake.build:Building ROS package in '/home/akinsantos/minipulator_ws/src/dynamixel_control/dynamixel_hardware' with build type 'ament_cmake'
[2.768s] INFO:colcon.colcon_cmake.task.cmake.build:Building CMake package in '/home/akinsantos/minipulator_ws/src/dynamixel_control/dynamixel_hardware'
[2.769s] INFO:colcon.colcon_core.shell:Skip shell extension 'powershell' for command environment: Not usable outside of PowerShell
[2.769s] DEBUG:colcon.colcon_core.shell:Skip shell extension 'dsv' for command environment
[2.774s] INFO:colcon.colcon_ros.task.ament_cmake.build:Building ROS package in '/home/akinsantos/minipulator_ws/src/dynamixel-workbench/dynamixel_workbench' with build type 'ament_cmake'
[2.774s] INFO:colcon.colcon_cmake.task.cmake.build:Building CMake package in '/home/akinsantos/minipulator_ws/src/dynamixel-workbench/dynamixel_workbench'
[2.774s] INFO:colcon.colcon_core.shell:Skip shell extension 'powershell' for command environment: Not usable outside of PowerShell
[2.774s] DEBUG:colcon.colcon_core.shell:Skip shell extension 'dsv' for command environment
[2.788s] DEBUG:colcon.colcon_core.event_handler.log_command:Invoking command in '/home/akinsantos/minipulator_ws/build/dynamixel_hardware': CMAKE_PREFIX_PATH=/home/akinsantos/minipulator_ws/install/dynamixel_workbench_toolbox:/home/akinsantos/minipulator_ws/install/phantomx_reactor_arm_moveit2_config:/home/akinsantos/minipulator_ws/install/movevit2_test:/home/akinsantos/minipulator_ws/install/phantomx_reactor_arm_description:/home/akinsantos/minipulator_ws/install/open_manipulator_pro_gazebo:/home/akinsantos/minipulator_ws/install/dynamixel_workbench:/home/akinsantos/minipulator_ws/install/dynamixel_hardware:/home/akinsantos/minipulator_ws/install/dynamixel_workbench_msgs:/home/akinsantos/ws_moveit/install/pilz_industrial_motion_planner_testutils:/home/akinsantos/ws_moveit/install/moveit_runtime:/home/akinsantos/ws_moveit/install/moveit2_tutorials:/home/akinsantos/ws_moveit/install/moveit:/home/akinsantos/ws_moveit/install/moveit_planners:/home/akinsantos/ws_moveit/install/pilz_industrial_motion_planner:/home/akinsantos/ws_moveit/install/moveit_visual_tools:/home/akinsantos/ws_moveit/install/moveit_task_constructor_visualization:/home/akinsantos/ws_moveit/install/moveit_task_constructor_demo:/home/akinsantos/ws_moveit/install/moveit_task_constructor_capabilities:/home/akinsantos/ws_moveit/install/moveit_task_constructor_core:/home/akinsantos/ws_moveit/install/moveit_ros_control_interface:/home/akinsantos/ws_moveit/install/moveit_plugins:/home/akinsantos/ws_moveit/install/moveit_simple_controller_manager:/home/akinsantos/ws_moveit/install/moveit_setup_assistant:/home/akinsantos/ws_moveit/install/moveit_setup_srdf_plugins:/home/akinsantos/ws_moveit/install/moveit_setup_core_plugins:/home/akinsantos/ws_moveit/install/moveit_setup_controllers:/home/akinsantos/ws_moveit/install/moveit_setup_app_plugins:/home/akinsantos/ws_moveit/install/moveit_setup_framework:/home/akinsantos/ws_moveit/install/moveit_servo:/home/akinsantos/ws_moveit/install/moveit_ros:/home/akinsantos/ws_moveit/install/moveit_ros_visualization:/home/akinsantos/ws_moveit/install/moveit_hybrid_planning:/home/akinsantos/ws_moveit/install/moveit_ros_planning_interface:/home/akinsantos/ws_moveit/install/moveit_ros_benchmarks:/home/akinsantos/ws_moveit/install/moveit_ros_warehouse:/home/akinsantos/ws_moveit/install/moveit_ros_robot_interaction:/home/akinsantos/ws_moveit/install/moveit_ros_perception:/home/akinsantos/ws_moveit/install/moveit_resources_prbt_pg70_support:/home/akinsantos/ws_moveit/install/moveit_resources_prbt_moveit_config:/home/akinsantos/ws_moveit/install/moveit_ros_move_group:/home/akinsantos/ws_moveit/install/moveit_planners_ompl:/home/akinsantos/ws_moveit/install/moveit_ros_planning:/home/akinsantos/ws_moveit/install/moveit_ros_occupancy_map_monitor:/home/akinsantos/ws_moveit/install/moveit_resources_prbt_ikfast_manipulator_plugin:/home/akinsantos/ws_moveit/install/moveit_planners_chomp:/home/akinsantos/ws_moveit/install/moveit_kinematics:/home/akinsantos/ws_moveit/install/moveit_chomp_optimizer_adapter:/home/akinsantos/ws_moveit/install/chomp_motion_planner:/home/akinsantos/ws_moveit/install/moveit_core:/home/akinsantos/ws_moveit/install/srdfdom:/home/akinsantos/ws_moveit/install/rviz_marker_tools:/home/akinsantos/ws_moveit/install/rosparam_shortcuts:/home/akinsantos/ws_moveit/install/moveit_task_constructor_msgs:/home/akinsantos/ws_moveit/install/moveit_resources_prbt_support:/home/akinsantos/ws_moveit/install/moveit_resources:/home/akinsantos/ws_moveit/install/moveit_resources_pr2_description:/home/akinsantos/ws_moveit/install/moveit_resources_panda_moveit_config:/home/akinsantos/ws_moveit/install/moveit_resources_panda_description:/home/akinsantos/ws_moveit/install/moveit_resources_fanuc_moveit_config:/home/akinsantos/ws_moveit/install/moveit_resources_fanuc_description:/home/akinsantos/ws_moveit/install/moveit_common:/home/akinsantos/ws_moveit/install/moveit_configs_utils:/home/akinsantos/ws_moveit/install/launch_param_builder:/opt/ros/humble LD_LIBRARY_PATH=/home/akinsantos/minipulator_ws/install/dynamixel_workbench_toolbox/lib:/home/akinsantos/minipulator_ws/install/dynamixel_hardware/lib:/home/akinsantos/minipulator_ws/install/dynamixel_workbench_msgs/lib:/home/akinsantos/ws_moveit/install/pilz_industrial_motion_planner_testutils/lib:/home/akinsantos/ws_moveit/install/pilz_industrial_motion_planner/lib:/home/akinsantos/ws_moveit/install/moveit_visual_tools/lib:/home/akinsantos/ws_moveit/install/moveit_task_constructor_visualization/lib:/home/akinsantos/ws_moveit/install/moveit_task_constructor_demo/lib:/home/akinsantos/ws_moveit/install/moveit_task_constructor_capabilities/lib:/home/akinsantos/ws_moveit/install/moveit_task_constructor_core/lib:/home/akinsantos/ws_moveit/install/moveit_ros_control_interface/lib:/home/akinsantos/ws_moveit/install/moveit_simple_controller_manager/lib:/home/akinsantos/ws_moveit/install/moveit_setup_assistant/lib:/home/akinsantos/ws_moveit/install/moveit_setup_srdf_plugins/lib:/home/akinsantos/ws_moveit/install/moveit_setup_core_plugins/lib:/home/akinsantos/ws_moveit/install/moveit_setup_controllers/lib:/home/akinsantos/ws_moveit/install/moveit_setup_app_plugins/lib:/home/akinsantos/ws_moveit/install/moveit_setup_framework/lib:/home/akinsantos/ws_moveit/install/moveit_servo/lib:/home/akinsantos/ws_moveit/install/moveit_ros_visualization/lib:/home/akinsantos/ws_moveit/install/moveit_hybrid_planning/lib:/home/akinsantos/ws_moveit/install/moveit_ros_planning_interface/lib:/home/akinsantos/ws_moveit/install/moveit_ros_benchmarks/lib:/home/akinsantos/ws_moveit/install/moveit_ros_warehouse/lib:/home/akinsantos/ws_moveit/install/moveit_ros_robot_interaction/lib:/home/akinsantos/ws_moveit/install/moveit_ros_perception/lib:/home/akinsantos/ws_moveit/install/moveit_ros_move_group/lib:/home/akinsantos/ws_moveit/install/moveit_planners_ompl/lib:/home/akinsantos/ws_moveit/install/moveit_ros_planning/lib:/home/akinsantos/ws_moveit/install/moveit_ros_occupancy_map_monitor/lib:/home/akinsantos/ws_moveit/install/moveit_resources_prbt_ikfast_manipulator_plugin/lib:/home/akinsantos/ws_moveit/install/moveit_planners_chomp/lib:/home/akinsantos/ws_moveit/install/moveit_kinematics/lib:/home/akinsantos/ws_moveit/install/moveit_chomp_optimizer_adapter/lib:/home/akinsantos/ws_moveit/install/chomp_motion_planner/lib:/home/akinsantos/ws_moveit/install/moveit_core/lib:/home/akinsantos/ws_moveit/install/srdfdom/lib:/home/akinsantos/ws_moveit/install/rviz_marker_tools/lib:/home/akinsantos/ws_moveit/install/rosparam_shortcuts/lib:/home/akinsantos/ws_moveit/install/moveit_task_constructor_msgs/lib:/opt/ros/humble/opt/rviz_ogre_vendor/lib:/opt/ros/humble/lib/x86_64-linux-gnu:/opt/ros/humble/lib /usr/bin/cmake /home/akinsantos/minipulator_ws/src/dynamixel_control/dynamixel_hardware -DCMAKE_INSTALL_PREFIX=/home/akinsantos/minipulator_ws/install/dynamixel_hardware
[2.791s] DEBUG:colcon.colcon_core.event_handler.log_command:Invoking command in '/home/akinsantos/minipulator_ws/build/dynamixel_workbench': CMAKE_PREFIX_PATH=/home/akinsantos/minipulator_ws/install/dynamixel_workbench_toolbox:/home/akinsantos/minipulator_ws/install/phantomx_reactor_arm_moveit2_config:/home/akinsantos/minipulator_ws/install/movevit2_test:/home/akinsantos/minipulator_ws/install/phantomx_reactor_arm_description:/home/akinsantos/minipulator_ws/install/open_manipulator_pro_gazebo:/home/akinsantos/minipulator_ws/install/dynamixel_workbench:/home/akinsantos/minipulator_ws/install/dynamixel_hardware:/home/akinsantos/minipulator_ws/install/dynamixel_workbench_msgs:/home/akinsantos/ws_moveit/install/pilz_industrial_motion_planner_testutils:/home/akinsantos/ws_moveit/install/moveit_runtime:/home/akinsantos/ws_moveit/install/moveit2_tutorials:/home/akinsantos/ws_moveit/install/moveit:/home/akinsantos/ws_moveit/install/moveit_planners:/home/akinsantos/ws_moveit/install/pilz_industrial_motion_planner:/home/akinsantos/ws_moveit/install/moveit_visual_tools:/home/akinsantos/ws_moveit/install/moveit_task_constructor_visualization:/home/akinsantos/ws_moveit/install/moveit_task_constructor_demo:/home/akinsantos/ws_moveit/install/moveit_task_constructor_capabilities:/home/akinsantos/ws_moveit/install/moveit_task_constructor_core:/home/akinsantos/ws_moveit/install/moveit_ros_control_interface:/home/akinsantos/ws_moveit/install/moveit_plugins:/home/akinsantos/ws_moveit/install/moveit_simple_controller_manager:/home/akinsantos/ws_moveit/install/moveit_setup_assistant:/home/akinsantos/ws_moveit/install/moveit_setup_srdf_plugins:/home/akinsantos/ws_moveit/install/moveit_setup_core_plugins:/home/akinsantos/ws_moveit/install/moveit_setup_controllers:/home/akinsantos/ws_moveit/install/moveit_setup_app_plugins:/home/akinsantos/ws_moveit/install/moveit_setup_framework:/home/akinsantos/ws_moveit/install/moveit_servo:/home/akinsantos/ws_moveit/install/moveit_ros:/home/akinsantos/ws_moveit/install/moveit_ros_visualization:/home/akinsantos/ws_moveit/install/moveit_hybrid_planning:/home/akinsantos/ws_moveit/install/moveit_ros_planning_interface:/home/akinsantos/ws_moveit/install/moveit_ros_benchmarks:/home/akinsantos/ws_moveit/install/moveit_ros_warehouse:/home/akinsantos/ws_moveit/install/moveit_ros_robot_interaction:/home/akinsantos/ws_moveit/install/moveit_ros_perception:/home/akinsantos/ws_moveit/install/moveit_resources_prbt_pg70_support:/home/akinsantos/ws_moveit/install/moveit_resources_prbt_moveit_config:/home/akinsantos/ws_moveit/install/moveit_ros_move_group:/home/akinsantos/ws_moveit/install/moveit_planners_ompl:/home/akinsantos/ws_moveit/install/moveit_ros_planning:/home/akinsantos/ws_moveit/install/moveit_ros_occupancy_map_monitor:/home/akinsantos/ws_moveit/install/moveit_resources_prbt_ikfast_manipulator_plugin:/home/akinsantos/ws_moveit/install/moveit_planners_chomp:/home/akinsantos/ws_moveit/install/moveit_kinematics:/home/akinsantos/ws_moveit/install/moveit_chomp_optimizer_adapter:/home/akinsantos/ws_moveit/install/chomp_motion_planner:/home/akinsantos/ws_moveit/install/moveit_core:/home/akinsantos/ws_moveit/install/srdfdom:/home/akinsantos/ws_moveit/install/rviz_marker_tools:/home/akinsantos/ws_moveit/install/rosparam_shortcuts:/home/akinsantos/ws_moveit/install/moveit_task_constructor_msgs:/home/akinsantos/ws_moveit/install/moveit_resources_prbt_support:/home/akinsantos/ws_moveit/install/moveit_resources:/home/akinsantos/ws_moveit/install/moveit_resources_pr2_description:/home/akinsantos/ws_moveit/install/moveit_resources_panda_moveit_config:/home/akinsantos/ws_moveit/install/moveit_resources_panda_description:/home/akinsantos/ws_moveit/install/moveit_resources_fanuc_moveit_config:/home/akinsantos/ws_moveit/install/moveit_resources_fanuc_description:/home/akinsantos/ws_moveit/install/moveit_common:/home/akinsantos/ws_moveit/install/moveit_configs_utils:/home/akinsantos/ws_moveit/install/launch_param_builder:/opt/ros/humble LD_LIBRARY_PATH=/home/akinsantos/minipulator_ws/install/dynamixel_workbench_toolbox/lib:/home/akinsantos/minipulator_ws/install/dynamixel_hardware/lib:/home/akinsantos/minipulator_ws/install/dynamixel_workbench_msgs/lib:/home/akinsantos/ws_moveit/install/pilz_industrial_motion_planner_testutils/lib:/home/akinsantos/ws_moveit/install/pilz_industrial_motion_planner/lib:/home/akinsantos/ws_moveit/install/moveit_visual_tools/lib:/home/akinsantos/ws_moveit/install/moveit_task_constructor_visualization/lib:/home/akinsantos/ws_moveit/install/moveit_task_constructor_demo/lib:/home/akinsantos/ws_moveit/install/moveit_task_constructor_capabilities/lib:/home/akinsantos/ws_moveit/install/moveit_task_constructor_core/lib:/home/akinsantos/ws_moveit/install/moveit_ros_control_interface/lib:/home/akinsantos/ws_moveit/install/moveit_simple_controller_manager/lib:/home/akinsantos/ws_moveit/install/moveit_setup_assistant/lib:/home/akinsantos/ws_moveit/install/moveit_setup_srdf_plugins/lib:/home/akinsantos/ws_moveit/install/moveit_setup_core_plugins/lib:/home/akinsantos/ws_moveit/install/moveit_setup_controllers/lib:/home/akinsantos/ws_moveit/install/moveit_setup_app_plugins/lib:/home/akinsantos/ws_moveit/install/moveit_setup_framework/lib:/home/akinsantos/ws_moveit/install/moveit_servo/lib:/home/akinsantos/ws_moveit/install/moveit_ros_visualization/lib:/home/akinsantos/ws_moveit/install/moveit_hybrid_planning/lib:/home/akinsantos/ws_moveit/install/moveit_ros_planning_interface/lib:/home/akinsantos/ws_moveit/install/moveit_ros_benchmarks/lib:/home/akinsantos/ws_moveit/install/moveit_ros_warehouse/lib:/home/akinsantos/ws_moveit/install/moveit_ros_robot_interaction/lib:/home/akinsantos/ws_moveit/install/moveit_ros_perception/lib:/home/akinsantos/ws_moveit/install/moveit_ros_move_group/lib:/home/akinsantos/ws_moveit/install/moveit_planners_ompl/lib:/home/akinsantos/ws_moveit/install/moveit_ros_planning/lib:/home/akinsantos/ws_moveit/install/moveit_ros_occupancy_map_monitor/lib:/home/akinsantos/ws_moveit/install/moveit_resources_prbt_ikfast_manipulator_plugin/lib:/home/akinsantos/ws_moveit/install/moveit_planners_chomp/lib:/home/akinsantos/ws_moveit/install/moveit_kinematics/lib:/home/akinsantos/ws_moveit/install/moveit_chomp_optimizer_adapter/lib:/home/akinsantos/ws_moveit/install/chomp_motion_planner/lib:/home/akinsantos/ws_moveit/install/moveit_core/lib:/home/akinsantos/ws_moveit/install/srdfdom/lib:/home/akinsantos/ws_moveit/install/rviz_marker_tools/lib:/home/akinsantos/ws_moveit/install/rosparam_shortcuts/lib:/home/akinsantos/ws_moveit/install/moveit_task_constructor_msgs/lib:/opt/ros/humble/opt/rviz_ogre_vendor/lib:/opt/ros/humble/lib/x86_64-linux-gnu:/opt/ros/humble/lib /usr/bin/cmake /home/akinsantos/minipulator_ws/src/dynamixel-workbench/dynamixel_workbench -DCMAKE_INSTALL_PREFIX=/home/akinsantos/minipulator_ws/install/dynamixel_workbench
[3.334s] DEBUG:colcon.colcon_core.event_handler.log_command:Invoked command in '/home/akinsantos/minipulator_ws/build/dynamixel_workbench' returned '0': CMAKE_PREFIX_PATH=/home/akinsantos/minipulator_ws/install/dynamixel_workbench_toolbox:/home/akinsantos/minipulator_ws/install/phantomx_reactor_arm_moveit2_config:/home/akinsantos/minipulator_ws/install/movevit2_test:/home/akinsantos/minipulator_ws/install/phantomx_reactor_arm_description:/home/akinsantos/minipulator_ws/install/open_manipulator_pro_gazebo:/home/akinsantos/minipulator_ws/install/dynamixel_workbench:/home/akinsantos/minipulator_ws/install/dynamixel_hardware:/home/akinsantos/minipulator_ws/install/dynamixel_workbench_msgs:/home/akinsantos/ws_moveit/install/pilz_industrial_motion_planner_testutils:/home/akinsantos/ws_moveit/install/moveit_runtime:/home/akinsantos/ws_moveit/install/moveit2_tutorials:/home/akinsantos/ws_moveit/install/moveit:/home/akinsantos/ws_moveit/install/moveit_planners:/home/akinsantos/ws_moveit/install/pilz_industrial_motion_planner:/home/akinsantos/ws_moveit/install/moveit_visual_tools:/home/akinsantos/ws_moveit/install/moveit_task_constructor_visualization:/home/akinsantos/ws_moveit/install/moveit_task_constructor_demo:/home/akinsantos/ws_moveit/install/moveit_task_constructor_capabilities:/home/akinsantos/ws_moveit/install/moveit_task_constructor_core:/home/akinsantos/ws_moveit/install/moveit_ros_control_interface:/home/akinsantos/ws_moveit/install/moveit_plugins:/home/akinsantos/ws_moveit/install/moveit_simple_controller_manager:/home/akinsantos/ws_moveit/install/moveit_setup_assistant:/home/akinsantos/ws_moveit/install/moveit_setup_srdf_plugins:/home/akinsantos/ws_moveit/install/moveit_setup_core_plugins:/home/akinsantos/ws_moveit/install/moveit_setup_controllers:/home/akinsantos/ws_moveit/install/moveit_setup_app_plugins:/home/akinsantos/ws_moveit/install/moveit_setup_framework:/home/akinsantos/ws_moveit/install/moveit_servo:/home/akinsantos/ws_moveit/install/moveit_ros:/home/akinsantos/ws_moveit/install/moveit_ros_visualization:/home/akinsantos/ws_moveit/install/moveit_hybrid_planning:/home/akinsantos/ws_moveit/install/moveit_ros_planning_interface:/home/akinsantos/ws_moveit/install/moveit_ros_benchmarks:/home/akinsantos/ws_moveit/install/moveit_ros_warehouse:/home/akinsantos/ws_moveit/install/moveit_ros_robot_interaction:/home/akinsantos/ws_moveit/install/moveit_ros_perception:/home/akinsantos/ws_moveit/install/moveit_resources_prbt_pg70_support:/home/akinsantos/ws_moveit/install/moveit_resources_prbt_moveit_config:/home/akinsantos/ws_moveit/install/moveit_ros_move_group:/home/akinsantos/ws_moveit/install/moveit_planners_ompl:/home/akinsantos/ws_moveit/install/moveit_ros_planning:/home/akinsantos/ws_moveit/install/moveit_ros_occupancy_map_monitor:/home/akinsantos/ws_moveit/install/moveit_resources_prbt_ikfast_manipulator_plugin:/home/akinsantos/ws_moveit/install/moveit_planners_chomp:/home/akinsantos/ws_moveit/install/moveit_kinematics:/home/akinsantos/ws_moveit/install/moveit_chomp_optimizer_adapter:/home/akinsantos/ws_moveit/install/chomp_motion_planner:/home/akinsantos/ws_moveit/install/moveit_core:/home/akinsantos/ws_moveit/install/srdfdom:/home/akinsantos/ws_moveit/install/rviz_marker_tools:/home/akinsantos/ws_moveit/install/rosparam_shortcuts:/home/akinsantos/ws_moveit/install/moveit_task_constructor_msgs:/home/akinsantos/ws_moveit/install/moveit_resources_prbt_support:/home/akinsantos/ws_moveit/install/moveit_resources:/home/akinsantos/ws_moveit/install/moveit_resources_pr2_description:/home/akinsantos/ws_moveit/install/moveit_resources_panda_moveit_config:/home/akinsantos/ws_moveit/install/moveit_resources_panda_description:/home/akinsantos/ws_moveit/install/moveit_resources_fanuc_moveit_config:/home/akinsantos/ws_moveit/install/moveit_resources_fanuc_description:/home/akinsantos/ws_moveit/install/moveit_common:/home/akinsantos/ws_moveit/install/moveit_configs_utils:/home/akinsantos/ws_moveit/install/launch_param_builder:/opt/ros/humble LD_LIBRARY_PATH=/home/akinsantos/minipulator_ws/install/dynamixel_workbench_toolbox/lib:/home/akinsantos/minipulator_ws/install/dynamixel_hardware/lib:/home/akinsantos/minipulator_ws/install/dynamixel_workbench_msgs/lib:/home/akinsantos/ws_moveit/install/pilz_industrial_motion_planner_testutils/lib:/home/akinsantos/ws_moveit/install/pilz_industrial_motion_planner/lib:/home/akinsantos/ws_moveit/install/moveit_visual_tools/lib:/home/akinsantos/ws_moveit/install/moveit_task_constructor_visualization/lib:/home/akinsantos/ws_moveit/install/moveit_task_constructor_demo/lib:/home/akinsantos/ws_moveit/install/moveit_task_constructor_capabilities/lib:/home/akinsantos/ws_moveit/install/moveit_task_constructor_core/lib:/home/akinsantos/ws_moveit/install/moveit_ros_control_interface/lib:/home/akinsantos/ws_moveit/install/moveit_simple_controller_manager/lib:/home/akinsantos/ws_moveit/install/moveit_setup_assistant/lib:/home/akinsantos/ws_moveit/install/moveit_setup_srdf_plugins/lib:/home/akinsantos/ws_moveit/install/moveit_setup_core_plugins/lib:/home/akinsantos/ws_moveit/install/moveit_setup_controllers/lib:/home/akinsantos/ws_moveit/install/moveit_setup_app_plugins/lib:/home/akinsantos/ws_moveit/install/moveit_setup_framework/lib:/home/akinsantos/ws_moveit/install/moveit_servo/lib:/home/akinsantos/ws_moveit/install/moveit_ros_visualization/lib:/home/akinsantos/ws_moveit/install/moveit_hybrid_planning/lib:/home/akinsantos/ws_moveit/install/moveit_ros_planning_interface/lib:/home/akinsantos/ws_moveit/install/moveit_ros_benchmarks/lib:/home/akinsantos/ws_moveit/install/moveit_ros_warehouse/lib:/home/akinsantos/ws_moveit/install/moveit_ros_robot_interaction/lib:/home/akinsantos/ws_moveit/install/moveit_ros_perception/lib:/home/akinsantos/ws_moveit/install/moveit_ros_move_group/lib:/home/akinsantos/ws_moveit/install/moveit_planners_ompl/lib:/home/akinsantos/ws_moveit/install/moveit_ros_planning/lib:/home/akinsantos/ws_moveit/install/moveit_ros_occupancy_map_monitor/lib:/home/akinsantos/ws_moveit/install/moveit_resources_prbt_ikfast_manipulator_plugin/lib:/home/akinsantos/ws_moveit/install/moveit_planners_chomp/lib:/home/akinsantos/ws_moveit/install/moveit_kinematics/lib:/home/akinsantos/ws_moveit/install/moveit_chomp_optimizer_adapter/lib:/home/akinsantos/ws_moveit/install/chomp_motion_planner/lib:/home/akinsantos/ws_moveit/install/moveit_core/lib:/home/akinsantos/ws_moveit/install/srdfdom/lib:/home/akinsantos/ws_moveit/install/rviz_marker_tools/lib:/home/akinsantos/ws_moveit/install/rosparam_shortcuts/lib:/home/akinsantos/ws_moveit/install/moveit_task_constructor_msgs/lib:/opt/ros/humble/opt/rviz_ogre_vendor/lib:/opt/ros/humble/lib/x86_64-linux-gnu:/opt/ros/humble/lib /usr/bin/cmake /home/akinsantos/minipulator_ws/src/dynamixel-workbench/dynamixel_workbench -DCMAKE_INSTALL_PREFIX=/home/akinsantos/minipulator_ws/install/dynamixel_workbench
[3.335s] DEBUG:colcon.colcon_core.event_handler.log_command:Invoking command in '/home/akinsantos/minipulator_ws/build/dynamixel_workbench': CMAKE_PREFIX_PATH=/home/akinsantos/minipulator_ws/install/dynamixel_workbench_toolbox:/home/akinsantos/minipulator_ws/install/phantomx_reactor_arm_moveit2_config:/home/akinsantos/minipulator_ws/install/movevit2_test:/home/akinsantos/minipulator_ws/install/phantomx_reactor_arm_description:/home/akinsantos/minipulator_ws/install/open_manipulator_pro_gazebo:/home/akinsantos/minipulator_ws/install/dynamixel_workbench:/home/akinsantos/minipulator_ws/install/dynamixel_hardware:/home/akinsantos/minipulator_ws/install/dynamixel_workbench_msgs:/home/akinsantos/ws_moveit/install/pilz_industrial_motion_planner_testutils:/home/akinsantos/ws_moveit/install/moveit_runtime:/home/akinsantos/ws_moveit/install/moveit2_tutorials:/home/akinsantos/ws_moveit/install/moveit:/home/akinsantos/ws_moveit/install/moveit_planners:/home/akinsantos/ws_moveit/install/pilz_industrial_motion_planner:/home/akinsantos/ws_moveit/install/moveit_visual_tools:/home/akinsantos/ws_moveit/install/moveit_task_constructor_visualization:/home/akinsantos/ws_moveit/install/moveit_task_constructor_demo:/home/akinsantos/ws_moveit/install/moveit_task_constructor_capabilities:/home/akinsantos/ws_moveit/install/moveit_task_constructor_core:/home/akinsantos/ws_moveit/install/moveit_ros_control_interface:/home/akinsantos/ws_moveit/install/moveit_plugins:/home/akinsantos/ws_moveit/install/moveit_simple_controller_manager:/home/akinsantos/ws_moveit/install/moveit_setup_assistant:/home/akinsantos/ws_moveit/install/moveit_setup_srdf_plugins:/home/akinsantos/ws_moveit/install/moveit_setup_core_plugins:/home/akinsantos/ws_moveit/install/moveit_setup_controllers:/home/akinsantos/ws_moveit/install/moveit_setup_app_plugins:/home/akinsantos/ws_moveit/install/moveit_setup_framework:/home/akinsantos/ws_moveit/install/moveit_servo:/home/akinsantos/ws_moveit/install/moveit_ros:/home/akinsantos/ws_moveit/install/moveit_ros_visualization:/home/akinsantos/ws_moveit/install/moveit_hybrid_planning:/home/akinsantos/ws_moveit/install/moveit_ros_planning_interface:/home/akinsantos/ws_moveit/install/moveit_ros_benchmarks:/home/akinsantos/ws_moveit/install/moveit_ros_warehouse:/home/akinsantos/ws_moveit/install/moveit_ros_robot_interaction:/home/akinsantos/ws_moveit/install/moveit_ros_perception:/home/akinsantos/ws_moveit/install/moveit_resources_prbt_pg70_support:/home/akinsantos/ws_moveit/install/moveit_resources_prbt_moveit_config:/home/akinsantos/ws_moveit/install/moveit_ros_move_group:/home/akinsantos/ws_moveit/install/moveit_planners_ompl:/home/akinsantos/ws_moveit/install/moveit_ros_planning:/home/akinsantos/ws_moveit/install/moveit_ros_occupancy_map_monitor:/home/akinsantos/ws_moveit/install/moveit_resources_prbt_ikfast_manipulator_plugin:/home/akinsantos/ws_moveit/install/moveit_planners_chomp:/home/akinsantos/ws_moveit/install/moveit_kinematics:/home/akinsantos/ws_moveit/install/moveit_chomp_optimizer_adapter:/home/akinsantos/ws_moveit/install/chomp_motion_planner:/home/akinsantos/ws_moveit/install/moveit_core:/home/akinsantos/ws_moveit/install/srdfdom:/home/akinsantos/ws_moveit/install/rviz_marker_tools:/home/akinsantos/ws_moveit/install/rosparam_shortcuts:/home/akinsantos/ws_moveit/install/moveit_task_constructor_msgs:/home/akinsantos/ws_moveit/install/moveit_resources_prbt_support:/home/akinsantos/ws_moveit/install/moveit_resources:/home/akinsantos/ws_moveit/install/moveit_resources_pr2_description:/home/akinsantos/ws_moveit/install/moveit_resources_panda_moveit_config:/home/akinsantos/ws_moveit/install/moveit_resources_panda_description:/home/akinsantos/ws_moveit/install/moveit_resources_fanuc_moveit_config:/home/akinsantos/ws_moveit/install/moveit_resources_fanuc_description:/home/akinsantos/ws_moveit/install/moveit_common:/home/akinsantos/ws_moveit/install/moveit_configs_utils:/home/akinsantos/ws_moveit/install/launch_param_builder:/opt/ros/humble LD_LIBRARY_PATH=/home/akinsantos/minipulator_ws/install/dynamixel_workbench_toolbox/lib:/home/akinsantos/minipulator_ws/install/dynamixel_hardware/lib:/home/akinsantos/minipulator_ws/install/dynamixel_workbench_msgs/lib:/home/akinsantos/ws_moveit/install/pilz_industrial_motion_planner_testutils/lib:/home/akinsantos/ws_moveit/install/pilz_industrial_motion_planner/lib:/home/akinsantos/ws_moveit/install/moveit_visual_tools/lib:/home/akinsantos/ws_moveit/install/moveit_task_constructor_visualization/lib:/home/akinsantos/ws_moveit/install/moveit_task_constructor_demo/lib:/home/akinsantos/ws_moveit/install/moveit_task_constructor_capabilities/lib:/home/akinsantos/ws_moveit/install/moveit_task_constructor_core/lib:/home/akinsantos/ws_moveit/install/moveit_ros_control_interface/lib:/home/akinsantos/ws_moveit/install/moveit_simple_controller_manager/lib:/home/akinsantos/ws_moveit/install/moveit_setup_assistant/lib:/home/akinsantos/ws_moveit/install/moveit_setup_srdf_plugins/lib:/home/akinsantos/ws_moveit/install/moveit_setup_core_plugins/lib:/home/akinsantos/ws_moveit/install/moveit_setup_controllers/lib:/home/akinsantos/ws_moveit/install/moveit_setup_app_plugins/lib:/home/akinsantos/ws_moveit/install/moveit_setup_framework/lib:/home/akinsantos/ws_moveit/install/moveit_servo/lib:/home/akinsantos/ws_moveit/install/moveit_ros_visualization/lib:/home/akinsantos/ws_moveit/install/moveit_hybrid_planning/lib:/home/akinsantos/ws_moveit/install/moveit_ros_planning_interface/lib:/home/akinsantos/ws_moveit/install/moveit_ros_benchmarks/lib:/home/akinsantos/ws_moveit/install/moveit_ros_warehouse/lib:/home/akinsantos/ws_moveit/install/moveit_ros_robot_interaction/lib:/home/akinsantos/ws_moveit/install/moveit_ros_perception/lib:/home/akinsantos/ws_moveit/install/moveit_ros_move_group/lib:/home/akinsantos/ws_moveit/install/moveit_planners_ompl/lib:/home/akinsantos/ws_moveit/install/moveit_ros_planning/lib:/home/akinsantos/ws_moveit/install/moveit_ros_occupancy_map_monitor/lib:/home/akinsantos/ws_moveit/install/moveit_resources_prbt_ikfast_manipulator_plugin/lib:/home/akinsantos/ws_moveit/install/moveit_planners_chomp/lib:/home/akinsantos/ws_moveit/install/moveit_kinematics/lib:/home/akinsantos/ws_moveit/install/moveit_chomp_optimizer_adapter/lib:/home/akinsantos/ws_moveit/install/chomp_motion_planner/lib:/home/akinsantos/ws_moveit/install/moveit_core/lib:/home/akinsantos/ws_moveit/install/srdfdom/lib:/home/akinsantos/ws_moveit/install/rviz_marker_tools/lib:/home/akinsantos/ws_moveit/install/rosparam_shortcuts/lib:/home/akinsantos/ws_moveit/install/moveit_task_constructor_msgs/lib:/opt/ros/humble/opt/rviz_ogre_vendor/lib:/opt/ros/humble/lib/x86_64-linux-gnu:/opt/ros/humble/lib /usr/bin/cmake --build /home/akinsantos/minipulator_ws/build/dynamixel_workbench -- -j8 -l8
[3.375s] DEBUG:colcon.colcon_core.event_handler.log_command:Invoked command in '/home/akinsantos/minipulator_ws/build/dynamixel_workbench' returned '0': CMAKE_PREFIX_PATH=/home/akinsantos/minipulator_ws/install/dynamixel_workbench_toolbox:/home/akinsantos/minipulator_ws/install/phantomx_reactor_arm_moveit2_config:/home/akinsantos/minipulator_ws/install/movevit2_test:/home/akinsantos/minipulator_ws/install/phantomx_reactor_arm_description:/home/akinsantos/minipulator_ws/install/open_manipulator_pro_gazebo:/home/akinsantos/minipulator_ws/install/dynamixel_workbench:/home/akinsantos/minipulator_ws/install/dynamixel_hardware:/home/akinsantos/minipulator_ws/install/dynamixel_workbench_msgs:/home/akinsantos/ws_moveit/install/pilz_industrial_motion_planner_testutils:/home/akinsantos/ws_moveit/install/moveit_runtime:/home/akinsantos/ws_moveit/install/moveit2_tutorials:/home/akinsantos/ws_moveit/install/moveit:/home/akinsantos/ws_moveit/install/moveit_planners:/home/akinsantos/ws_moveit/install/pilz_industrial_motion_planner:/home/akinsantos/ws_moveit/install/moveit_visual_tools:/home/akinsantos/ws_moveit/install/moveit_task_constructor_visualization:/home/akinsantos/ws_moveit/install/moveit_task_constructor_demo:/home/akinsantos/ws_moveit/install/moveit_task_constructor_capabilities:/home/akinsantos/ws_moveit/install/moveit_task_constructor_core:/home/akinsantos/ws_moveit/install/moveit_ros_control_interface:/home/akinsantos/ws_moveit/install/moveit_plugins:/home/akinsantos/ws_moveit/install/moveit_simple_controller_manager:/home/akinsantos/ws_moveit/install/moveit_setup_assistant:/home/akinsantos/ws_moveit/install/moveit_setup_srdf_plugins:/home/akinsantos/ws_moveit/install/moveit_setup_core_plugins:/home/akinsantos/ws_moveit/install/moveit_setup_controllers:/home/akinsantos/ws_moveit/install/moveit_setup_app_plugins:/home/akinsantos/ws_moveit/install/moveit_setup_framework:/home/akinsantos/ws_moveit/install/moveit_servo:/home/akinsantos/ws_moveit/install/moveit_ros:/home/akinsantos/ws_moveit/install/moveit_ros_visualization:/home/akinsantos/ws_moveit/install/moveit_hybrid_planning:/home/akinsantos/ws_moveit/install/moveit_ros_planning_interface:/home/akinsantos/ws_moveit/install/moveit_ros_benchmarks:/home/akinsantos/ws_moveit/install/moveit_ros_warehouse:/home/akinsantos/ws_moveit/install/moveit_ros_robot_interaction:/home/akinsantos/ws_moveit/install/moveit_ros_perception:/home/akinsantos/ws_moveit/install/moveit_resources_prbt_pg70_support:/home/akinsantos/ws_moveit/install/moveit_resources_prbt_moveit_config:/home/akinsantos/ws_moveit/install/moveit_ros_move_group:/home/akinsantos/ws_moveit/install/moveit_planners_ompl:/home/akinsantos/ws_moveit/install/moveit_ros_planning:/home/akinsantos/ws_moveit/install/moveit_ros_occupancy_map_monitor:/home/akinsantos/ws_moveit/install/moveit_resources_prbt_ikfast_manipulator_plugin:/home/akinsantos/ws_moveit/install/moveit_planners_chomp:/home/akinsantos/ws_moveit/install/moveit_kinematics:/home/akinsantos/ws_moveit/install/moveit_chomp_optimizer_adapter:/home/akinsantos/ws_moveit/install/chomp_motion_planner:/home/akinsantos/ws_moveit/install/moveit_core:/home/akinsantos/ws_moveit/install/srdfdom:/home/akinsantos/ws_moveit/install/rviz_marker_tools:/home/akinsantos/ws_moveit/install/rosparam_shortcuts:/home/akinsantos/ws_moveit/install/moveit_task_constructor_msgs:/home/akinsantos/ws_moveit/install/moveit_resources_prbt_support:/home/akinsantos/ws_moveit/install/moveit_resources:/home/akinsantos/ws_moveit/install/moveit_resources_pr2_description:/home/akinsantos/ws_moveit/install/moveit_resources_panda_moveit_config:/home/akinsantos/ws_moveit/install/moveit_resources_panda_description:/home/akinsantos/ws_moveit/install/moveit_resources_fanuc_moveit_config:/home/akinsantos/ws_moveit/install/moveit_resources_fanuc_description:/home/akinsantos/ws_moveit/install/moveit_common:/home/akinsantos/ws_moveit/install/moveit_configs_utils:/home/akinsantos/ws_moveit/install/launch_param_builder:/opt/ros/humble LD_LIBRARY_PATH=/home/akinsantos/minipulator_ws/install/dynamixel_workbench_toolbox/lib:/home/akinsantos/minipulator_ws/install/dynamixel_hardware/lib:/home/akinsantos/minipulator_ws/install/dynamixel_workbench_msgs/lib:/home/akinsantos/ws_moveit/install/pilz_industrial_motion_planner_testutils/lib:/home/akinsantos/ws_moveit/install/pilz_industrial_motion_planner/lib:/home/akinsantos/ws_moveit/install/moveit_visual_tools/lib:/home/akinsantos/ws_moveit/install/moveit_task_constructor_visualization/lib:/home/akinsantos/ws_moveit/install/moveit_task_constructor_demo/lib:/home/akinsantos/ws_moveit/install/moveit_task_constructor_capabilities/lib:/home/akinsantos/ws_moveit/install/moveit_task_constructor_core/lib:/home/akinsantos/ws_moveit/install/moveit_ros_control_interface/lib:/home/akinsantos/ws_moveit/install/moveit_simple_controller_manager/lib:/home/akinsantos/ws_moveit/install/moveit_setup_assistant/lib:/home/akinsantos/ws_moveit/install/moveit_setup_srdf_plugins/lib:/home/akinsantos/ws_moveit/install/moveit_setup_core_plugins/lib:/home/akinsantos/ws_moveit/install/moveit_setup_controllers/lib:/home/akinsantos/ws_moveit/install/moveit_setup_app_plugins/lib:/home/akinsantos/ws_moveit/install/moveit_setup_framework/lib:/home/akinsantos/ws_moveit/install/moveit_servo/lib:/home/akinsantos/ws_moveit/install/moveit_ros_visualization/lib:/home/akinsantos/ws_moveit/install/moveit_hybrid_planning/lib:/home/akinsantos/ws_moveit/install/moveit_ros_planning_interface/lib:/home/akinsantos/ws_moveit/install/moveit_ros_benchmarks/lib:/home/akinsantos/ws_moveit/install/moveit_ros_warehouse/lib:/home/akinsantos/ws_moveit/install/moveit_ros_robot_interaction/lib:/home/akinsantos/ws_moveit/install/moveit_ros_perception/lib:/home/akinsantos/ws_moveit/install/moveit_ros_move_group/lib:/home/akinsantos/ws_moveit/install/moveit_planners_ompl/lib:/home/akinsantos/ws_moveit/install/moveit_ros_planning/lib:/home/akinsantos/ws_moveit/install/moveit_ros_occupancy_map_monitor/lib:/home/akinsantos/ws_moveit/install/moveit_resources_prbt_ikfast_manipulator_plugin/lib:/home/akinsantos/ws_moveit/install/moveit_planners_chomp/lib:/home/akinsantos/ws_moveit/install/moveit_kinematics/lib:/home/akinsantos/ws_moveit/install/moveit_chomp_optimizer_adapter/lib:/home/akinsantos/ws_moveit/install/chomp_motion_planner/lib:/home/akinsantos/ws_moveit/install/moveit_core/lib:/home/akinsantos/ws_moveit/install/srdfdom/lib:/home/akinsantos/ws_moveit/install/rviz_marker_tools/lib:/home/akinsantos/ws_moveit/install/rosparam_shortcuts/lib:/home/akinsantos/ws_moveit/install/moveit_task_constructor_msgs/lib:/opt/ros/humble/opt/rviz_ogre_vendor/lib:/opt/ros/humble/lib/x86_64-linux-gnu:/opt/ros/humble/lib /usr/bin/cmake --build /home/akinsantos/minipulator_ws/build/dynamixel_workbench -- -j8 -l8
[3.376s] DEBUG:colcon.colcon_core.event_handler.log_command:Invoking command in '/home/akinsantos/minipulator_ws/build/dynamixel_workbench': CMAKE_PREFIX_PATH=/home/akinsantos/minipulator_ws/install/dynamixel_workbench_toolbox:/home/akinsantos/minipulator_ws/install/phantomx_reactor_arm_moveit2_config:/home/akinsantos/minipulator_ws/install/movevit2_test:/home/akinsantos/minipulator_ws/install/phantomx_reactor_arm_description:/home/akinsantos/minipulator_ws/install/open_manipulator_pro_gazebo:/home/akinsantos/minipulator_ws/install/dynamixel_workbench:/home/akinsantos/minipulator_ws/install/dynamixel_hardware:/home/akinsantos/minipulator_ws/install/dynamixel_workbench_msgs:/home/akinsantos/ws_moveit/install/pilz_industrial_motion_planner_testutils:/home/akinsantos/ws_moveit/install/moveit_runtime:/home/akinsantos/ws_moveit/install/moveit2_tutorials:/home/akinsantos/ws_moveit/install/moveit:/home/akinsantos/ws_moveit/install/moveit_planners:/home/akinsantos/ws_moveit/install/pilz_industrial_motion_planner:/home/akinsantos/ws_moveit/install/moveit_visual_tools:/home/akinsantos/ws_moveit/install/moveit_task_constructor_visualization:/home/akinsantos/ws_moveit/install/moveit_task_constructor_demo:/home/akinsantos/ws_moveit/install/moveit_task_constructor_capabilities:/home/akinsantos/ws_moveit/install/moveit_task_constructor_core:/home/akinsantos/ws_moveit/install/moveit_ros_control_interface:/home/akinsantos/ws_moveit/install/moveit_plugins:/home/akinsantos/ws_moveit/install/moveit_simple_controller_manager:/home/akinsantos/ws_moveit/install/moveit_setup_assistant:/home/akinsantos/ws_moveit/install/moveit_setup_srdf_plugins:/home/akinsantos/ws_moveit/install/moveit_setup_core_plugins:/home/akinsantos/ws_moveit/install/moveit_setup_controllers:/home/akinsantos/ws_moveit/install/moveit_setup_app_plugins:/home/akinsantos/ws_moveit/install/moveit_setup_framework:/home/akinsantos/ws_moveit/install/moveit_servo:/home/akinsantos/ws_moveit/install/moveit_ros:/home/akinsantos/ws_moveit/install/moveit_ros_visualization:/home/akinsantos/ws_moveit/install/moveit_hybrid_planning:/home/akinsantos/ws_moveit/install/moveit_ros_planning_interface:/home/akinsantos/ws_moveit/install/moveit_ros_benchmarks:/home/akinsantos/ws_moveit/install/moveit_ros_warehouse:/home/akinsantos/ws_moveit/install/moveit_ros_robot_interaction:/home/akinsantos/ws_moveit/install/moveit_ros_perception:/home/akinsantos/ws_moveit/install/moveit_resources_prbt_pg70_support:/home/akinsantos/ws_moveit/install/moveit_resources_prbt_moveit_config:/home/akinsantos/ws_moveit/install/moveit_ros_move_group:/home/akinsantos/ws_moveit/install/moveit_planners_ompl:/home/akinsantos/ws_moveit/install/moveit_ros_planning:/home/akinsantos/ws_moveit/install/moveit_ros_occupancy_map_monitor:/home/akinsantos/ws_moveit/install/moveit_resources_prbt_ikfast_manipulator_plugin:/home/akinsantos/ws_moveit/install/moveit_planners_chomp:/home/akinsantos/ws_moveit/install/moveit_kinematics:/home/akinsantos/ws_moveit/install/moveit_chomp_optimizer_adapter:/home/akinsantos/ws_moveit/install/chomp_motion_planner:/home/akinsantos/ws_moveit/install/moveit_core:/home/akinsantos/ws_moveit/install/srdfdom:/home/akinsantos/ws_moveit/install/rviz_marker_tools:/home/akinsantos/ws_moveit/install/rosparam_shortcuts:/home/akinsantos/ws_moveit/install/moveit_task_constructor_msgs:/home/akinsantos/ws_moveit/install/moveit_resources_prbt_support:/home/akinsantos/ws_moveit/install/moveit_resources:/home/akinsantos/ws_moveit/install/moveit_resources_pr2_description:/home/akinsantos/ws_moveit/install/moveit_resources_panda_moveit_config:/home/akinsantos/ws_moveit/install/moveit_resources_panda_description:/home/akinsantos/ws_moveit/install/moveit_resources_fanuc_moveit_config:/home/akinsantos/ws_moveit/install/moveit_resources_fanuc_description:/home/akinsantos/ws_moveit/install/moveit_common:/home/akinsantos/ws_moveit/install/moveit_configs_utils:/home/akinsantos/ws_moveit/install/launch_param_builder:/opt/ros/humble LD_LIBRARY_PATH=/home/akinsantos/minipulator_ws/install/dynamixel_workbench_toolbox/lib:/home/akinsantos/minipulator_ws/install/dynamixel_hardware/lib:/home/akinsantos/minipulator_ws/install/dynamixel_workbench_msgs/lib:/home/akinsantos/ws_moveit/install/pilz_industrial_motion_planner_testutils/lib:/home/akinsantos/ws_moveit/install/pilz_industrial_motion_planner/lib:/home/akinsantos/ws_moveit/install/moveit_visual_tools/lib:/home/akinsantos/ws_moveit/install/moveit_task_constructor_visualization/lib:/home/akinsantos/ws_moveit/install/moveit_task_constructor_demo/lib:/home/akinsantos/ws_moveit/install/moveit_task_constructor_capabilities/lib:/home/akinsantos/ws_moveit/install/moveit_task_constructor_core/lib:/home/akinsantos/ws_moveit/install/moveit_ros_control_interface/lib:/home/akinsantos/ws_moveit/install/moveit_simple_controller_manager/lib:/home/akinsantos/ws_moveit/install/moveit_setup_assistant/lib:/home/akinsantos/ws_moveit/install/moveit_setup_srdf_plugins/lib:/home/akinsantos/ws_moveit/install/moveit_setup_core_plugins/lib:/home/akinsantos/ws_moveit/install/moveit_setup_controllers/lib:/home/akinsantos/ws_moveit/install/moveit_setup_app_plugins/lib:/home/akinsantos/ws_moveit/install/moveit_setup_framework/lib:/home/akinsantos/ws_moveit/install/moveit_servo/lib:/home/akinsantos/ws_moveit/install/moveit_ros_visualization/lib:/home/akinsantos/ws_moveit/install/moveit_hybrid_planning/lib:/home/akinsantos/ws_moveit/install/moveit_ros_planning_interface/lib:/home/akinsantos/ws_moveit/install/moveit_ros_benchmarks/lib:/home/akinsantos/ws_moveit/install/moveit_ros_warehouse/lib:/home/akinsantos/ws_moveit/install/moveit_ros_robot_interaction/lib:/home/akinsantos/ws_moveit/install/moveit_ros_perception/lib:/home/akinsantos/ws_moveit/install/moveit_ros_move_group/lib:/home/akinsantos/ws_moveit/install/moveit_planners_ompl/lib:/home/akinsantos/ws_moveit/install/moveit_ros_planning/lib:/home/akinsantos/ws_moveit/install/moveit_ros_occupancy_map_monitor/lib:/home/akinsantos/ws_moveit/install/moveit_resources_prbt_ikfast_manipulator_plugin/lib:/home/akinsantos/ws_moveit/install/moveit_planners_chomp/lib:/home/akinsantos/ws_moveit/install/moveit_kinematics/lib:/home/akinsantos/ws_moveit/install/moveit_chomp_optimizer_adapter/lib:/home/akinsantos/ws_moveit/install/chomp_motion_planner/lib:/home/akinsantos/ws_moveit/install/moveit_core/lib:/home/akinsantos/ws_moveit/install/srdfdom/lib:/home/akinsantos/ws_moveit/install/rviz_marker_tools/lib:/home/akinsantos/ws_moveit/install/rosparam_shortcuts/lib:/home/akinsantos/ws_moveit/install/moveit_task_constructor_msgs/lib:/opt/ros/humble/opt/rviz_ogre_vendor/lib:/opt/ros/humble/lib/x86_64-linux-gnu:/opt/ros/humble/lib /usr/bin/cmake --install /home/akinsantos/minipulator_ws/build/dynamixel_workbench
[3.386s] Level 1:colcon.colcon_core.environment:create_environment_scripts_only(dynamixel_workbench)
[3.386s] Level 1:colcon.colcon_core.environment:checking '/home/akinsantos/minipulator_ws/install/dynamixel_workbench' for CMake module files
[3.386s] DEBUG:colcon.colcon_core.event_handler.log_command:Invoked command in '/home/akinsantos/minipulator_ws/build/dynamixel_workbench' returned '0': CMAKE_PREFIX_PATH=/home/akinsantos/minipulator_ws/install/dynamixel_workbench_toolbox:/home/akinsantos/minipulator_ws/install/phantomx_reactor_arm_moveit2_config:/home/akinsantos/minipulator_ws/install/movevit2_test:/home/akinsantos/minipulator_ws/install/phantomx_reactor_arm_description:/home/akinsantos/minipulator_ws/install/open_manipulator_pro_gazebo:/home/akinsantos/minipulator_ws/install/dynamixel_workbench:/home/akinsantos/minipulator_ws/install/dynamixel_hardware:/home/akinsantos/minipulator_ws/install/dynamixel_workbench_msgs:/home/akinsantos/ws_moveit/install/pilz_industrial_motion_planner_testutils:/home/akinsantos/ws_moveit/install/moveit_runtime:/home/akinsantos/ws_moveit/install/moveit2_tutorials:/home/akinsantos/ws_moveit/install/moveit:/home/akinsantos/ws_moveit/install/moveit_planners:/home/akinsantos/ws_moveit/install/pilz_industrial_motion_planner:/home/akinsantos/ws_moveit/install/moveit_visual_tools:/home/akinsantos/ws_moveit/install/moveit_task_constructor_visualization:/home/akinsantos/ws_moveit/install/moveit_task_constructor_demo:/home/akinsantos/ws_moveit/install/moveit_task_constructor_capabilities:/home/akinsantos/ws_moveit/install/moveit_task_constructor_core:/home/akinsantos/ws_moveit/install/moveit_ros_control_interface:/home/akinsantos/ws_moveit/install/moveit_plugins:/home/akinsantos/ws_moveit/install/moveit_simple_controller_manager:/home/akinsantos/ws_moveit/install/moveit_setup_assistant:/home/akinsantos/ws_moveit/install/moveit_setup_srdf_plugins:/home/akinsantos/ws_moveit/install/moveit_setup_core_plugins:/home/akinsantos/ws_moveit/install/moveit_setup_controllers:/home/akinsantos/ws_moveit/install/moveit_setup_app_plugins:/home/akinsantos/ws_moveit/install/moveit_setup_framework:/home/akinsantos/ws_moveit/install/moveit_servo:/home/akinsantos/ws_moveit/install/moveit_ros:/home/akinsantos/ws_moveit/install/moveit_ros_visualization:/home/akinsantos/ws_moveit/install/moveit_hybrid_planning:/home/akinsantos/ws_moveit/install/moveit_ros_planning_interface:/home/akinsantos/ws_moveit/install/moveit_ros_benchmarks:/home/akinsantos/ws_moveit/install/moveit_ros_warehouse:/home/akinsantos/ws_moveit/install/moveit_ros_robot_interaction:/home/akinsantos/ws_moveit/install/moveit_ros_perception:/home/akinsantos/ws_moveit/install/moveit_resources_prbt_pg70_support:/home/akinsantos/ws_moveit/install/moveit_resources_prbt_moveit_config:/home/akinsantos/ws_moveit/install/moveit_ros_move_group:/home/akinsantos/ws_moveit/install/moveit_planners_ompl:/home/akinsantos/ws_moveit/install/moveit_ros_planning:/home/akinsantos/ws_moveit/install/moveit_ros_occupancy_map_monitor:/home/akinsantos/ws_moveit/install/moveit_resources_prbt_ikfast_manipulator_plugin:/home/akinsantos/ws_moveit/install/moveit_planners_chomp:/home/akinsantos/ws_moveit/install/moveit_kinematics:/home/akinsantos/ws_moveit/install/moveit_chomp_optimizer_adapter:/home/akinsantos/ws_moveit/install/chomp_motion_planner:/home/akinsantos/ws_moveit/install/moveit_core:/home/akinsantos/ws_moveit/install/srdfdom:/home/akinsantos/ws_moveit/install/rviz_marker_tools:/home/akinsantos/ws_moveit/install/rosparam_shortcuts:/home/akinsantos/ws_moveit/install/moveit_task_constructor_msgs:/home/akinsantos/ws_moveit/install/moveit_resources_prbt_support:/home/akinsantos/ws_moveit/install/moveit_resources:/home/akinsantos/ws_moveit/install/moveit_resources_pr2_description:/home/akinsantos/ws_moveit/install/moveit_resources_panda_moveit_config:/home/akinsantos/ws_moveit/install/moveit_resources_panda_description:/home/akinsantos/ws_moveit/install/moveit_resources_fanuc_moveit_config:/home/akinsantos/ws_moveit/install/moveit_resources_fanuc_description:/home/akinsantos/ws_moveit/install/moveit_common:/home/akinsantos/ws_moveit/install/moveit_configs_utils:/home/akinsantos/ws_moveit/install/launch_param_builder:/opt/ros/humble LD_LIBRARY_PATH=/home/akinsantos/minipulator_ws/install/dynamixel_workbench_toolbox/lib:/home/akinsantos/minipulator_ws/install/dynamixel_hardware/lib:/home/akinsantos/minipulator_ws/install/dynamixel_workbench_msgs/lib:/home/akinsantos/ws_moveit/install/pilz_industrial_motion_planner_testutils/lib:/home/akinsantos/ws_moveit/install/pilz_industrial_motion_planner/lib:/home/akinsantos/ws_moveit/install/moveit_visual_tools/lib:/home/akinsantos/ws_moveit/install/moveit_task_constructor_visualization/lib:/home/akinsantos/ws_moveit/install/moveit_task_constructor_demo/lib:/home/akinsantos/ws_moveit/install/moveit_task_constructor_capabilities/lib:/home/akinsantos/ws_moveit/install/moveit_task_constructor_core/lib:/home/akinsantos/ws_moveit/install/moveit_ros_control_interface/lib:/home/akinsantos/ws_moveit/install/moveit_simple_controller_manager/lib:/home/akinsantos/ws_moveit/install/moveit_setup_assistant/lib:/home/akinsantos/ws_moveit/install/moveit_setup_srdf_plugins/lib:/home/akinsantos/ws_moveit/install/moveit_setup_core_plugins/lib:/home/akinsantos/ws_moveit/install/moveit_setup_controllers/lib:/home/akinsantos/ws_moveit/install/moveit_setup_app_plugins/lib:/home/akinsantos/ws_moveit/install/moveit_setup_framework/lib:/home/akinsantos/ws_moveit/install/moveit_servo/lib:/home/akinsantos/ws_moveit/install/moveit_ros_visualization/lib:/home/akinsantos/ws_moveit/install/moveit_hybrid_planning/lib:/home/akinsantos/ws_moveit/install/moveit_ros_planning_interface/lib:/home/akinsantos/ws_moveit/install/moveit_ros_benchmarks/lib:/home/akinsantos/ws_moveit/install/moveit_ros_warehouse/lib:/home/akinsantos/ws_moveit/install/moveit_ros_robot_interaction/lib:/home/akinsantos/ws_moveit/install/moveit_ros_perception/lib:/home/akinsantos/ws_moveit/install/moveit_ros_move_group/lib:/home/akinsantos/ws_moveit/install/moveit_planners_ompl/lib:/home/akinsantos/ws_moveit/install/moveit_ros_planning/lib:/home/akinsantos/ws_moveit/install/moveit_ros_occupancy_map_monitor/lib:/home/akinsantos/ws_moveit/install/moveit_resources_prbt_ikfast_manipulator_plugin/lib:/home/akinsantos/ws_moveit/install/moveit_planners_chomp/lib:/home/akinsantos/ws_moveit/install/moveit_kinematics/lib:/home/akinsantos/ws_moveit/install/moveit_chomp_optimizer_adapter/lib:/home/akinsantos/ws_moveit/install/chomp_motion_planner/lib:/home/akinsantos/ws_moveit/install/moveit_core/lib:/home/akinsantos/ws_moveit/install/srdfdom/lib:/home/akinsantos/ws_moveit/install/rviz_marker_tools/lib:/home/akinsantos/ws_moveit/install/rosparam_shortcuts/lib:/home/akinsantos/ws_moveit/install/moveit_task_constructor_msgs/lib:/opt/ros/humble/opt/rviz_ogre_vendor/lib:/opt/ros/humble/lib/x86_64-linux-gnu:/opt/ros/humble/lib /usr/bin/cmake --install /home/akinsantos/minipulator_ws/build/dynamixel_workbench
[3.387s] Level 1:colcon.colcon_core.environment:checking '/home/akinsantos/minipulator_ws/install/dynamixel_workbench' for CMake config files
[3.387s] Level 1:colcon.colcon_core.shell:create_environment_hook('dynamixel_workbench', 'cmake_prefix_path')
[3.387s] INFO:colcon.colcon_core.shell:Creating environment hook '/home/akinsantos/minipulator_ws/install/dynamixel_workbench/share/dynamixel_workbench/hook/cmake_prefix_path.ps1'
[3.387s] INFO:colcon.colcon_core.shell:Creating environment descriptor '/home/akinsantos/minipulator_ws/install/dynamixel_workbench/share/dynamixel_workbench/hook/cmake_prefix_path.dsv'
[3.387s] INFO:colcon.colcon_core.shell:Creating environment hook '/home/akinsantos/minipulator_ws/install/dynamixel_workbench/share/dynamixel_workbench/hook/cmake_prefix_path.sh'
[3.388s] Level 1:colcon.colcon_core.environment:checking '/home/akinsantos/minipulator_ws/install/dynamixel_workbench/bin'
[3.388s] Level 1:colcon.colcon_core.environment:checking '/home/akinsantos/minipulator_ws/install/dynamixel_workbench/lib/pkgconfig/dynamixel_workbench.pc'
[3.388s] Level 1:colcon.colcon_core.environment:checking '/home/akinsantos/minipulator_ws/install/dynamixel_workbench/lib/python3.10/site-packages'
[3.388s] Level 1:colcon.colcon_core.environment:checking '/home/akinsantos/minipulator_ws/install/dynamixel_workbench/bin'
[3.388s] INFO:colcon.colcon_core.shell:Creating package script '/home/akinsantos/minipulator_ws/install/dynamixel_workbench/share/dynamixel_workbench/package.ps1'
[3.389s] INFO:colcon.colcon_core.shell:Creating package descriptor '/home/akinsantos/minipulator_ws/install/dynamixel_workbench/share/dynamixel_workbench/package.dsv'
[3.389s] INFO:colcon.colcon_core.shell:Creating package script '/home/akinsantos/minipulator_ws/install/dynamixel_workbench/share/dynamixel_workbench/package.sh'
[3.389s] INFO:colcon.colcon_core.shell:Creating package script '/home/akinsantos/minipulator_ws/install/dynamixel_workbench/share/dynamixel_workbench/package.bash'
[3.390s] INFO:colcon.colcon_core.shell:Creating package script '/home/akinsantos/minipulator_ws/install/dynamixel_workbench/share/dynamixel_workbench/package.zsh'
[3.390s] Level 1:colcon.colcon_core.environment:create_file_with_runtime_dependencies(/home/akinsantos/minipulator_ws/install/dynamixel_workbench/share/colcon-core/packages/dynamixel_workbench)
[3.390s] Level 1:colcon.colcon_core.environment:create_environment_scripts_only(dynamixel_workbench)
[3.390s] Level 1:colcon.colcon_core.environment:checking '/home/akinsantos/minipulator_ws/install/dynamixel_workbench' for CMake module files
[3.391s] Level 1:colcon.colcon_core.environment:checking '/home/akinsantos/minipulator_ws/install/dynamixel_workbench' for CMake config files
[3.391s] Level 1:colcon.colcon_core.shell:create_environment_hook('dynamixel_workbench', 'cmake_prefix_path')
[3.391s] INFO:colcon.colcon_core.shell:Creating environment hook '/home/akinsantos/minipulator_ws/install/dynamixel_workbench/share/dynamixel_workbench/hook/cmake_prefix_path.ps1'
[3.391s] INFO:colcon.colcon_core.shell:Creating environment descriptor '/home/akinsantos/minipulator_ws/install/dynamixel_workbench/share/dynamixel_workbench/hook/cmake_prefix_path.dsv'
[3.391s] INFO:colcon.colcon_core.shell:Creating environment hook '/home/akinsantos/minipulator_ws/install/dynamixel_workbench/share/dynamixel_workbench/hook/cmake_prefix_path.sh'
[3.392s] Level 1:colcon.colcon_core.environment:checking '/home/akinsantos/minipulator_ws/install/dynamixel_workbench/bin'
[3.392s] Level 1:colcon.colcon_core.environment:checking '/home/akinsantos/minipulator_ws/install/dynamixel_workbench/lib/pkgconfig/dynamixel_workbench.pc'
[3.392s] Level 1:colcon.colcon_core.environment:checking '/home/akinsantos/minipulator_ws/install/dynamixel_workbench/lib/python3.10/site-packages'
[3.392s] Level 1:colcon.colcon_core.environment:checking '/home/akinsantos/minipulator_ws/install/dynamixel_workbench/bin'
[3.392s] INFO:colcon.colcon_core.shell:Creating package script '/home/akinsantos/minipulator_ws/install/dynamixel_workbench/share/dynamixel_workbench/package.ps1'
[3.393s] INFO:colcon.colcon_core.shell:Creating package descriptor '/home/akinsantos/minipulator_ws/install/dynamixel_workbench/share/dynamixel_workbench/package.dsv'
[3.393s] INFO:colcon.colcon_core.shell:Creating package script '/home/akinsantos/minipulator_ws/install/dynamixel_workbench/share/dynamixel_workbench/package.sh'
[3.393s] INFO:colcon.colcon_core.shell:Creating package script '/home/akinsantos/minipulator_ws/install/dynamixel_workbench/share/dynamixel_workbench/package.bash'
[3.394s] INFO:colcon.colcon_core.shell:Creating package script '/home/akinsantos/minipulator_ws/install/dynamixel_workbench/share/dynamixel_workbench/package.zsh'
[3.394s] Level 1:colcon.colcon_core.environment:create_file_with_runtime_dependencies(/home/akinsantos/minipulator_ws/install/dynamixel_workbench/share/colcon-core/packages/dynamixel_workbench)
[4.187s] DEBUG:colcon.colcon_core.event_handler.log_command:Invoked command in '/home/akinsantos/minipulator_ws/build/dynamixel_hardware' returned '0': CMAKE_PREFIX_PATH=/home/akinsantos/minipulator_ws/install/dynamixel_workbench_toolbox:/home/akinsantos/minipulator_ws/install/phantomx_reactor_arm_moveit2_config:/home/akinsantos/minipulator_ws/install/movevit2_test:/home/akinsantos/minipulator_ws/install/phantomx_reactor_arm_description:/home/akinsantos/minipulator_ws/install/open_manipulator_pro_gazebo:/home/akinsantos/minipulator_ws/install/dynamixel_workbench:/home/akinsantos/minipulator_ws/install/dynamixel_hardware:/home/akinsantos/minipulator_ws/install/dynamixel_workbench_msgs:/home/akinsantos/ws_moveit/install/pilz_industrial_motion_planner_testutils:/home/akinsantos/ws_moveit/install/moveit_runtime:/home/akinsantos/ws_moveit/install/moveit2_tutorials:/home/akinsantos/ws_moveit/install/moveit:/home/akinsantos/ws_moveit/install/moveit_planners:/home/akinsantos/ws_moveit/install/pilz_industrial_motion_planner:/home/akinsantos/ws_moveit/install/moveit_visual_tools:/home/akinsantos/ws_moveit/install/moveit_task_constructor_visualization:/home/akinsantos/ws_moveit/install/moveit_task_constructor_demo:/home/akinsantos/ws_moveit/install/moveit_task_constructor_capabilities:/home/akinsantos/ws_moveit/install/moveit_task_constructor_core:/home/akinsantos/ws_moveit/install/moveit_ros_control_interface:/home/akinsantos/ws_moveit/install/moveit_plugins:/home/akinsantos/ws_moveit/install/moveit_simple_controller_manager:/home/akinsantos/ws_moveit/install/moveit_setup_assistant:/home/akinsantos/ws_moveit/install/moveit_setup_srdf_plugins:/home/akinsantos/ws_moveit/install/moveit_setup_core_plugins:/home/akinsantos/ws_moveit/install/moveit_setup_controllers:/home/akinsantos/ws_moveit/install/moveit_setup_app_plugins:/home/akinsantos/ws_moveit/install/moveit_setup_framework:/home/akinsantos/ws_moveit/install/moveit_servo:/home/akinsantos/ws_moveit/install/moveit_ros:/home/akinsantos/ws_moveit/install/moveit_ros_visualization:/home/akinsantos/ws_moveit/install/moveit_hybrid_planning:/home/akinsantos/ws_moveit/install/moveit_ros_planning_interface:/home/akinsantos/ws_moveit/install/moveit_ros_benchmarks:/home/akinsantos/ws_moveit/install/moveit_ros_warehouse:/home/akinsantos/ws_moveit/install/moveit_ros_robot_interaction:/home/akinsantos/ws_moveit/install/moveit_ros_perception:/home/akinsantos/ws_moveit/install/moveit_resources_prbt_pg70_support:/home/akinsantos/ws_moveit/install/moveit_resources_prbt_moveit_config:/home/akinsantos/ws_moveit/install/moveit_ros_move_group:/home/akinsantos/ws_moveit/install/moveit_planners_ompl:/home/akinsantos/ws_moveit/install/moveit_ros_planning:/home/akinsantos/ws_moveit/install/moveit_ros_occupancy_map_monitor:/home/akinsantos/ws_moveit/install/moveit_resources_prbt_ikfast_manipulator_plugin:/home/akinsantos/ws_moveit/install/moveit_planners_chomp:/home/akinsantos/ws_moveit/install/moveit_kinematics:/home/akinsantos/ws_moveit/install/moveit_chomp_optimizer_adapter:/home/akinsantos/ws_moveit/install/chomp_motion_planner:/home/akinsantos/ws_moveit/install/moveit_core:/home/akinsantos/ws_moveit/install/srdfdom:/home/akinsantos/ws_moveit/install/rviz_marker_tools:/home/akinsantos/ws_moveit/install/rosparam_shortcuts:/home/akinsantos/ws_moveit/install/moveit_task_constructor_msgs:/home/akinsantos/ws_moveit/install/moveit_resources_prbt_support:/home/akinsantos/ws_moveit/install/moveit_resources:/home/akinsantos/ws_moveit/install/moveit_resources_pr2_description:/home/akinsantos/ws_moveit/install/moveit_resources_panda_moveit_config:/home/akinsantos/ws_moveit/install/moveit_resources_panda_description:/home/akinsantos/ws_moveit/install/moveit_resources_fanuc_moveit_config:/home/akinsantos/ws_moveit/install/moveit_resources_fanuc_description:/home/akinsantos/ws_moveit/install/moveit_common:/home/akinsantos/ws_moveit/install/moveit_configs_utils:/home/akinsantos/ws_moveit/install/launch_param_builder:/opt/ros/humble LD_LIBRARY_PATH=/home/akinsantos/minipulator_ws/install/dynamixel_workbench_toolbox/lib:/home/akinsantos/minipulator_ws/install/dynamixel_hardware/lib:/home/akinsantos/minipulator_ws/install/dynamixel_workbench_msgs/lib:/home/akinsantos/ws_moveit/install/pilz_industrial_motion_planner_testutils/lib:/home/akinsantos/ws_moveit/install/pilz_industrial_motion_planner/lib:/home/akinsantos/ws_moveit/install/moveit_visual_tools/lib:/home/akinsantos/ws_moveit/install/moveit_task_constructor_visualization/lib:/home/akinsantos/ws_moveit/install/moveit_task_constructor_demo/lib:/home/akinsantos/ws_moveit/install/moveit_task_constructor_capabilities/lib:/home/akinsantos/ws_moveit/install/moveit_task_constructor_core/lib:/home/akinsantos/ws_moveit/install/moveit_ros_control_interface/lib:/home/akinsantos/ws_moveit/install/moveit_simple_controller_manager/lib:/home/akinsantos/ws_moveit/install/moveit_setup_assistant/lib:/home/akinsantos/ws_moveit/install/moveit_setup_srdf_plugins/lib:/home/akinsantos/ws_moveit/install/moveit_setup_core_plugins/lib:/home/akinsantos/ws_moveit/install/moveit_setup_controllers/lib:/home/akinsantos/ws_moveit/install/moveit_setup_app_plugins/lib:/home/akinsantos/ws_moveit/install/moveit_setup_framework/lib:/home/akinsantos/ws_moveit/install/moveit_servo/lib:/home/akinsantos/ws_moveit/install/moveit_ros_visualization/lib:/home/akinsantos/ws_moveit/install/moveit_hybrid_planning/lib:/home/akinsantos/ws_moveit/install/moveit_ros_planning_interface/lib:/home/akinsantos/ws_moveit/install/moveit_ros_benchmarks/lib:/home/akinsantos/ws_moveit/install/moveit_ros_warehouse/lib:/home/akinsantos/ws_moveit/install/moveit_ros_robot_interaction/lib:/home/akinsantos/ws_moveit/install/moveit_ros_perception/lib:/home/akinsantos/ws_moveit/install/moveit_ros_move_group/lib:/home/akinsantos/ws_moveit/install/moveit_planners_ompl/lib:/home/akinsantos/ws_moveit/install/moveit_ros_planning/lib:/home/akinsantos/ws_moveit/install/moveit_ros_occupancy_map_monitor/lib:/home/akinsantos/ws_moveit/install/moveit_resources_prbt_ikfast_manipulator_plugin/lib:/home/akinsantos/ws_moveit/install/moveit_planners_chomp/lib:/home/akinsantos/ws_moveit/install/moveit_kinematics/lib:/home/akinsantos/ws_moveit/install/moveit_chomp_optimizer_adapter/lib:/home/akinsantos/ws_moveit/install/chomp_motion_planner/lib:/home/akinsantos/ws_moveit/install/moveit_core/lib:/home/akinsantos/ws_moveit/install/srdfdom/lib:/home/akinsantos/ws_moveit/install/rviz_marker_tools/lib:/home/akinsantos/ws_moveit/install/rosparam_shortcuts/lib:/home/akinsantos/ws_moveit/install/moveit_task_constructor_msgs/lib:/opt/ros/humble/opt/rviz_ogre_vendor/lib:/opt/ros/humble/lib/x86_64-linux-gnu:/opt/ros/humble/lib /usr/bin/cmake /home/akinsantos/minipulator_ws/src/dynamixel_control/dynamixel_hardware -DCMAKE_INSTALL_PREFIX=/home/akinsantos/minipulator_ws/install/dynamixel_hardware
[4.188s] DEBUG:colcon.colcon_core.event_handler.log_command:Invoking command in '/home/akinsantos/minipulator_ws/build/dynamixel_hardware': CMAKE_PREFIX_PATH=/home/akinsantos/minipulator_ws/install/dynamixel_workbench_toolbox:/home/akinsantos/minipulator_ws/install/phantomx_reactor_arm_moveit2_config:/home/akinsantos/minipulator_ws/install/movevit2_test:/home/akinsantos/minipulator_ws/install/phantomx_reactor_arm_description:/home/akinsantos/minipulator_ws/install/open_manipulator_pro_gazebo:/home/akinsantos/minipulator_ws/install/dynamixel_workbench:/home/akinsantos/minipulator_ws/install/dynamixel_hardware:/home/akinsantos/minipulator_ws/install/dynamixel_workbench_msgs:/home/akinsantos/ws_moveit/install/pilz_industrial_motion_planner_testutils:/home/akinsantos/ws_moveit/install/moveit_runtime:/home/akinsantos/ws_moveit/install/moveit2_tutorials:/home/akinsantos/ws_moveit/install/moveit:/home/akinsantos/ws_moveit/install/moveit_planners:/home/akinsantos/ws_moveit/install/pilz_industrial_motion_planner:/home/akinsantos/ws_moveit/install/moveit_visual_tools:/home/akinsantos/ws_moveit/install/moveit_task_constructor_visualization:/home/akinsantos/ws_moveit/install/moveit_task_constructor_demo:/home/akinsantos/ws_moveit/install/moveit_task_constructor_capabilities:/home/akinsantos/ws_moveit/install/moveit_task_constructor_core:/home/akinsantos/ws_moveit/install/moveit_ros_control_interface:/home/akinsantos/ws_moveit/install/moveit_plugins:/home/akinsantos/ws_moveit/install/moveit_simple_controller_manager:/home/akinsantos/ws_moveit/install/moveit_setup_assistant:/home/akinsantos/ws_moveit/install/moveit_setup_srdf_plugins:/home/akinsantos/ws_moveit/install/moveit_setup_core_plugins:/home/akinsantos/ws_moveit/install/moveit_setup_controllers:/home/akinsantos/ws_moveit/install/moveit_setup_app_plugins:/home/akinsantos/ws_moveit/install/moveit_setup_framework:/home/akinsantos/ws_moveit/install/moveit_servo:/home/akinsantos/ws_moveit/install/moveit_ros:/home/akinsantos/ws_moveit/install/moveit_ros_visualization:/home/akinsantos/ws_moveit/install/moveit_hybrid_planning:/home/akinsantos/ws_moveit/install/moveit_ros_planning_interface:/home/akinsantos/ws_moveit/install/moveit_ros_benchmarks:/home/akinsantos/ws_moveit/install/moveit_ros_warehouse:/home/akinsantos/ws_moveit/install/moveit_ros_robot_interaction:/home/akinsantos/ws_moveit/install/moveit_ros_perception:/home/akinsantos/ws_moveit/install/moveit_resources_prbt_pg70_support:/home/akinsantos/ws_moveit/install/moveit_resources_prbt_moveit_config:/home/akinsantos/ws_moveit/install/moveit_ros_move_group:/home/akinsantos/ws_moveit/install/moveit_planners_ompl:/home/akinsantos/ws_moveit/install/moveit_ros_planning:/home/akinsantos/ws_moveit/install/moveit_ros_occupancy_map_monitor:/home/akinsantos/ws_moveit/install/moveit_resources_prbt_ikfast_manipulator_plugin:/home/akinsantos/ws_moveit/install/moveit_planners_chomp:/home/akinsantos/ws_moveit/install/moveit_kinematics:/home/akinsantos/ws_moveit/install/moveit_chomp_optimizer_adapter:/home/akinsantos/ws_moveit/install/chomp_motion_planner:/home/akinsantos/ws_moveit/install/moveit_core:/home/akinsantos/ws_moveit/install/srdfdom:/home/akinsantos/ws_moveit/install/rviz_marker_tools:/home/akinsantos/ws_moveit/install/rosparam_shortcuts:/home/akinsantos/ws_moveit/install/moveit_task_constructor_msgs:/home/akinsantos/ws_moveit/install/moveit_resources_prbt_support:/home/akinsantos/ws_moveit/install/moveit_resources:/home/akinsantos/ws_moveit/install/moveit_resources_pr2_description:/home/akinsantos/ws_moveit/install/moveit_resources_panda_moveit_config:/home/akinsantos/ws_moveit/install/moveit_resources_panda_description:/home/akinsantos/ws_moveit/install/moveit_resources_fanuc_moveit_config:/home/akinsantos/ws_moveit/install/moveit_resources_fanuc_description:/home/akinsantos/ws_moveit/install/moveit_common:/home/akinsantos/ws_moveit/install/moveit_configs_utils:/home/akinsantos/ws_moveit/install/launch_param_builder:/opt/ros/humble LD_LIBRARY_PATH=/home/akinsantos/minipulator_ws/install/dynamixel_workbench_toolbox/lib:/home/akinsantos/minipulator_ws/install/dynamixel_hardware/lib:/home/akinsantos/minipulator_ws/install/dynamixel_workbench_msgs/lib:/home/akinsantos/ws_moveit/install/pilz_industrial_motion_planner_testutils/lib:/home/akinsantos/ws_moveit/install/pilz_industrial_motion_planner/lib:/home/akinsantos/ws_moveit/install/moveit_visual_tools/lib:/home/akinsantos/ws_moveit/install/moveit_task_constructor_visualization/lib:/home/akinsantos/ws_moveit/install/moveit_task_constructor_demo/lib:/home/akinsantos/ws_moveit/install/moveit_task_constructor_capabilities/lib:/home/akinsantos/ws_moveit/install/moveit_task_constructor_core/lib:/home/akinsantos/ws_moveit/install/moveit_ros_control_interface/lib:/home/akinsantos/ws_moveit/install/moveit_simple_controller_manager/lib:/home/akinsantos/ws_moveit/install/moveit_setup_assistant/lib:/home/akinsantos/ws_moveit/install/moveit_setup_srdf_plugins/lib:/home/akinsantos/ws_moveit/install/moveit_setup_core_plugins/lib:/home/akinsantos/ws_moveit/install/moveit_setup_controllers/lib:/home/akinsantos/ws_moveit/install/moveit_setup_app_plugins/lib:/home/akinsantos/ws_moveit/install/moveit_setup_framework/lib:/home/akinsantos/ws_moveit/install/moveit_servo/lib:/home/akinsantos/ws_moveit/install/moveit_ros_visualization/lib:/home/akinsantos/ws_moveit/install/moveit_hybrid_planning/lib:/home/akinsantos/ws_moveit/install/moveit_ros_planning_interface/lib:/home/akinsantos/ws_moveit/install/moveit_ros_benchmarks/lib:/home/akinsantos/ws_moveit/install/moveit_ros_warehouse/lib:/home/akinsantos/ws_moveit/install/moveit_ros_robot_interaction/lib:/home/akinsantos/ws_moveit/install/moveit_ros_perception/lib:/home/akinsantos/ws_moveit/install/moveit_ros_move_group/lib:/home/akinsantos/ws_moveit/install/moveit_planners_ompl/lib:/home/akinsantos/ws_moveit/install/moveit_ros_planning/lib:/home/akinsantos/ws_moveit/install/moveit_ros_occupancy_map_monitor/lib:/home/akinsantos/ws_moveit/install/moveit_resources_prbt_ikfast_manipulator_plugin/lib:/home/akinsantos/ws_moveit/install/moveit_planners_chomp/lib:/home/akinsantos/ws_moveit/install/moveit_kinematics/lib:/home/akinsantos/ws_moveit/install/moveit_chomp_optimizer_adapter/lib:/home/akinsantos/ws_moveit/install/chomp_motion_planner/lib:/home/akinsantos/ws_moveit/install/moveit_core/lib:/home/akinsantos/ws_moveit/install/srdfdom/lib:/home/akinsantos/ws_moveit/install/rviz_marker_tools/lib:/home/akinsantos/ws_moveit/install/rosparam_shortcuts/lib:/home/akinsantos/ws_moveit/install/moveit_task_constructor_msgs/lib:/opt/ros/humble/opt/rviz_ogre_vendor/lib:/opt/ros/humble/lib/x86_64-linux-gnu:/opt/ros/humble/lib /usr/bin/cmake --build /home/akinsantos/minipulator_ws/build/dynamixel_hardware -- -j8 -l8
[6.943s] DEBUG:colcon.colcon_core.event_handler.log_command:Invoked command in '/home/akinsantos/minipulator_ws/build/phantomx_reactor_arm_description' returned '0': CMAKE_PREFIX_PATH=${CMAKE_PREFIX_PATH}:/home/akinsantos/ws_moveit/install/moveit_configs_utils:/home/akinsantos/ws_moveit/install/launch_param_builder:/opt/ros/humble /usr/bin/cmake --build /home/akinsantos/minipulator_ws/build/phantomx_reactor_arm_description -- -j8 -l8
[6.944s] DEBUG:colcon.colcon_core.event_handler.log_command:Invoking command in '/home/akinsantos/minipulator_ws/build/phantomx_reactor_arm_description': CMAKE_PREFIX_PATH=${CMAKE_PREFIX_PATH}:/home/akinsantos/ws_moveit/install/moveit_configs_utils:/home/akinsantos/ws_moveit/install/launch_param_builder:/opt/ros/humble /usr/bin/cmake --install /home/akinsantos/minipulator_ws/build/phantomx_reactor_arm_description
[7.169s] Level 1:colcon.colcon_core.environment:create_environment_scripts_only(phantomx_reactor_arm_description)
[7.169s] DEBUG:colcon.colcon_core.event_handler.log_command:Invoked command in '/home/akinsantos/minipulator_ws/build/phantomx_reactor_arm_description' returned '0': CMAKE_PREFIX_PATH=${CMAKE_PREFIX_PATH}:/home/akinsantos/ws_moveit/install/moveit_configs_utils:/home/akinsantos/ws_moveit/install/launch_param_builder:/opt/ros/humble /usr/bin/cmake --install /home/akinsantos/minipulator_ws/build/phantomx_reactor_arm_description
[7.171s] Level 1:colcon.colcon_core.environment:checking '/home/akinsantos/minipulator_ws/install/phantomx_reactor_arm_description' for CMake module files
[7.171s] Level 1:colcon.colcon_core.environment:checking '/home/akinsantos/minipulator_ws/install/phantomx_reactor_arm_description' for CMake config files
[7.171s] Level 1:colcon.colcon_core.shell:create_environment_hook('phantomx_reactor_arm_description', 'cmake_prefix_path')
[7.172s] INFO:colcon.colcon_core.shell:Creating environment hook '/home/akinsantos/minipulator_ws/install/phantomx_reactor_arm_description/share/phantomx_reactor_arm_description/hook/cmake_prefix_path.ps1'
[7.172s] INFO:colcon.colcon_core.shell:Creating environment descriptor '/home/akinsantos/minipulator_ws/install/phantomx_reactor_arm_description/share/phantomx_reactor_arm_description/hook/cmake_prefix_path.dsv'
[7.172s] INFO:colcon.colcon_core.shell:Creating environment hook '/home/akinsantos/minipulator_ws/install/phantomx_reactor_arm_description/share/phantomx_reactor_arm_description/hook/cmake_prefix_path.sh'
[7.173s] Level 1:colcon.colcon_core.environment:checking '/home/akinsantos/minipulator_ws/install/phantomx_reactor_arm_description/bin'
[7.173s] Level 1:colcon.colcon_core.environment:checking '/home/akinsantos/minipulator_ws/install/phantomx_reactor_arm_description/lib/pkgconfig/phantomx_reactor_arm_description.pc'
[7.173s] Level 1:colcon.colcon_core.environment:checking '/home/akinsantos/minipulator_ws/install/phantomx_reactor_arm_description/lib/python3.10/site-packages'
[7.173s] Level 1:colcon.colcon_core.environment:checking '/home/akinsantos/minipulator_ws/install/phantomx_reactor_arm_description/bin'
[7.173s] INFO:colcon.colcon_core.shell:Creating package script '/home/akinsantos/minipulator_ws/install/phantomx_reactor_arm_description/share/phantomx_reactor_arm_description/package.ps1'
[7.174s] INFO:colcon.colcon_core.shell:Creating package descriptor '/home/akinsantos/minipulator_ws/install/phantomx_reactor_arm_description/share/phantomx_reactor_arm_description/package.dsv'
[7.176s] INFO:colcon.colcon_core.shell:Creating package script '/home/akinsantos/minipulator_ws/install/phantomx_reactor_arm_description/share/phantomx_reactor_arm_description/package.sh'
[7.177s] INFO:colcon.colcon_core.shell:Creating package script '/home/akinsantos/minipulator_ws/install/phantomx_reactor_arm_description/share/phantomx_reactor_arm_description/package.bash'
[7.177s] INFO:colcon.colcon_core.shell:Creating package script '/home/akinsantos/minipulator_ws/install/phantomx_reactor_arm_description/share/phantomx_reactor_arm_description/package.zsh'
[7.177s] Level 1:colcon.colcon_core.environment:create_file_with_runtime_dependencies(/home/akinsantos/minipulator_ws/install/phantomx_reactor_arm_description/share/colcon-core/packages/phantomx_reactor_arm_description)
[7.181s] Level 1:colcon.colcon_core.environment:create_environment_scripts_only(phantomx_reactor_arm_description)
[7.181s] Level 1:colcon.colcon_core.environment:checking '/home/akinsantos/minipulator_ws/install/phantomx_reactor_arm_description' for CMake module files
[7.181s] Level 1:colcon.colcon_core.environment:checking '/home/akinsantos/minipulator_ws/install/phantomx_reactor_arm_description' for CMake config files
[7.181s] Level 1:colcon.colcon_core.shell:create_environment_hook('phantomx_reactor_arm_description', 'cmake_prefix_path')
[7.182s] INFO:colcon.colcon_core.shell:Creating environment hook '/home/akinsantos/minipulator_ws/install/phantomx_reactor_arm_description/share/phantomx_reactor_arm_description/hook/cmake_prefix_path.ps1'
[7.182s] INFO:colcon.colcon_core.shell:Creating environment descriptor '/home/akinsantos/minipulator_ws/install/phantomx_reactor_arm_description/share/phantomx_reactor_arm_description/hook/cmake_prefix_path.dsv'
[7.186s] INFO:colcon.colcon_core.shell:Creating environment hook '/home/akinsantos/minipulator_ws/install/phantomx_reactor_arm_description/share/phantomx_reactor_arm_description/hook/cmake_prefix_path.sh'
[7.187s] Level 1:colcon.colcon_core.environment:checking '/home/akinsantos/minipulator_ws/install/phantomx_reactor_arm_description/bin'
[7.187s] Level 1:colcon.colcon_core.environment:checking '/home/akinsantos/minipulator_ws/install/phantomx_reactor_arm_description/lib/pkgconfig/phantomx_reactor_arm_description.pc'
[7.187s] Level 1:colcon.colcon_core.environment:checking '/home/akinsantos/minipulator_ws/install/phantomx_reactor_arm_description/lib/python3.10/site-packages'
[7.187s] Level 1:colcon.colcon_core.environment:checking '/home/akinsantos/minipulator_ws/install/phantomx_reactor_arm_description/bin'
[7.188s] INFO:colcon.colcon_core.shell:Creating package script '/home/akinsantos/minipulator_ws/install/phantomx_reactor_arm_description/share/phantomx_reactor_arm_description/package.ps1'
[7.188s] INFO:colcon.colcon_core.shell:Creating package descriptor '/home/akinsantos/minipulator_ws/install/phantomx_reactor_arm_description/share/phantomx_reactor_arm_description/package.dsv'
[7.188s] INFO:colcon.colcon_core.shell:Creating package script '/home/akinsantos/minipulator_ws/install/phantomx_reactor_arm_description/share/phantomx_reactor_arm_description/package.sh'
[7.189s] INFO:colcon.colcon_core.shell:Creating package script '/home/akinsantos/minipulator_ws/install/phantomx_reactor_arm_description/share/phantomx_reactor_arm_description/package.bash'
[7.189s] INFO:colcon.colcon_core.shell:Creating package script '/home/akinsantos/minipulator_ws/install/phantomx_reactor_arm_description/share/phantomx_reactor_arm_description/package.zsh'
[7.189s] Level 1:colcon.colcon_core.environment:create_file_with_runtime_dependencies(/home/akinsantos/minipulator_ws/install/phantomx_reactor_arm_description/share/colcon-core/packages/phantomx_reactor_arm_description)
[7.190s] INFO:colcon.colcon_ros.task.ament_cmake.build:Building ROS package in '/home/akinsantos/minipulator_ws/src/movevit2_test' with build type 'ament_cmake'
[7.190s] INFO:colcon.colcon_cmake.task.cmake.build:Building CMake package in '/home/akinsantos/minipulator_ws/src/movevit2_test'
[7.191s] INFO:colcon.colcon_core.shell:Skip shell extension 'powershell' for command environment: Not usable outside of PowerShell
[7.191s] DEBUG:colcon.colcon_core.shell:Skip shell extension 'dsv' for command environment
[7.203s] INFO:colcon.colcon_ros.task.ament_cmake.build:Building ROS package in '/home/akinsantos/minipulator_ws/src/phantomx_reactor_arm_moveit2_config' with build type 'ament_cmake'
[7.203s] INFO:colcon.colcon_cmake.task.cmake.build:Building CMake package in '/home/akinsantos/minipulator_ws/src/phantomx_reactor_arm_moveit2_config'
[7.204s] INFO:colcon.colcon_core.shell:Skip shell extension 'powershell' for command environment: Not usable outside of PowerShell
[7.204s] DEBUG:colcon.colcon_core.shell:Skip shell extension 'dsv' for command environment
[7.231s] DEBUG:colcon.colcon_core.event_handler.log_command:Invoking command in '/home/akinsantos/minipulator_ws/build/movevit2_test': CMAKE_PREFIX_PATH=/home/akinsantos/minipulator_ws/install/phantomx_reactor_arm_description:/home/akinsantos/minipulator_ws/install/phantomx_reactor_arm_moveit2_config:/home/akinsantos/minipulator_ws/install/movevit2_test:/home/akinsantos/minipulator_ws/install/open_manipulator_pro_gazebo:/home/akinsantos/minipulator_ws/install/dynamixel_workbench:/home/akinsantos/minipulator_ws/install/dynamixel_hardware:/home/akinsantos/minipulator_ws/install/dynamixel_workbench_toolbox:/home/akinsantos/minipulator_ws/install/dynamixel_workbench_msgs:/home/akinsantos/ws_moveit/install/pilz_industrial_motion_planner_testutils:/home/akinsantos/ws_moveit/install/moveit_runtime:/home/akinsantos/ws_moveit/install/moveit2_tutorials:/home/akinsantos/ws_moveit/install/moveit:/home/akinsantos/ws_moveit/install/moveit_planners:/home/akinsantos/ws_moveit/install/pilz_industrial_motion_planner:/home/akinsantos/ws_moveit/install/moveit_visual_tools:/home/akinsantos/ws_moveit/install/moveit_task_constructor_visualization:/home/akinsantos/ws_moveit/install/moveit_task_constructor_demo:/home/akinsantos/ws_moveit/install/moveit_task_constructor_capabilities:/home/akinsantos/ws_moveit/install/moveit_task_constructor_core:/home/akinsantos/ws_moveit/install/moveit_ros_control_interface:/home/akinsantos/ws_moveit/install/moveit_plugins:/home/akinsantos/ws_moveit/install/moveit_simple_controller_manager:/home/akinsantos/ws_moveit/install/moveit_setup_assistant:/home/akinsantos/ws_moveit/install/moveit_setup_srdf_plugins:/home/akinsantos/ws_moveit/install/moveit_setup_core_plugins:/home/akinsantos/ws_moveit/install/moveit_setup_controllers:/home/akinsantos/ws_moveit/install/moveit_setup_app_plugins:/home/akinsantos/ws_moveit/install/moveit_setup_framework:/home/akinsantos/ws_moveit/install/moveit_servo:/home/akinsantos/ws_moveit/install/moveit_ros:/home/akinsantos/ws_moveit/install/moveit_ros_visualization:/home/akinsantos/ws_moveit/install/moveit_hybrid_planning:/home/akinsantos/ws_moveit/install/moveit_ros_planning_interface:/home/akinsantos/ws_moveit/install/moveit_ros_benchmarks:/home/akinsantos/ws_moveit/install/moveit_ros_warehouse:/home/akinsantos/ws_moveit/install/moveit_ros_robot_interaction:/home/akinsantos/ws_moveit/install/moveit_ros_perception:/home/akinsantos/ws_moveit/install/moveit_resources_prbt_pg70_support:/home/akinsantos/ws_moveit/install/moveit_resources_prbt_moveit_config:/home/akinsantos/ws_moveit/install/moveit_ros_move_group:/home/akinsantos/ws_moveit/install/moveit_planners_ompl:/home/akinsantos/ws_moveit/install/moveit_ros_planning:/home/akinsantos/ws_moveit/install/moveit_ros_occupancy_map_monitor:/home/akinsantos/ws_moveit/install/moveit_resources_prbt_ikfast_manipulator_plugin:/home/akinsantos/ws_moveit/install/moveit_planners_chomp:/home/akinsantos/ws_moveit/install/moveit_kinematics:/home/akinsantos/ws_moveit/install/moveit_chomp_optimizer_adapter:/home/akinsantos/ws_moveit/install/chomp_motion_planner:/home/akinsantos/ws_moveit/install/moveit_core:/home/akinsantos/ws_moveit/install/srdfdom:/home/akinsantos/ws_moveit/install/rviz_marker_tools:/home/akinsantos/ws_moveit/install/rosparam_shortcuts:/home/akinsantos/ws_moveit/install/moveit_task_constructor_msgs:/home/akinsantos/ws_moveit/install/moveit_resources_prbt_support:/home/akinsantos/ws_moveit/install/moveit_resources:/home/akinsantos/ws_moveit/install/moveit_resources_pr2_description:/home/akinsantos/ws_moveit/install/moveit_resources_panda_moveit_config:/home/akinsantos/ws_moveit/install/moveit_resources_panda_description:/home/akinsantos/ws_moveit/install/moveit_resources_fanuc_moveit_config:/home/akinsantos/ws_moveit/install/moveit_resources_fanuc_description:/home/akinsantos/ws_moveit/install/moveit_common:/home/akinsantos/ws_moveit/install/moveit_configs_utils:/home/akinsantos/ws_moveit/install/launch_param_builder:/opt/ros/humble /usr/bin/cmake /home/akinsantos/minipulator_ws/src/movevit2_test -DCMAKE_INSTALL_PREFIX=/home/akinsantos/minipulator_ws/install/movevit2_test
[7.244s] DEBUG:colcon.colcon_core.event_handler.log_command:Invoking command in '/home/akinsantos/minipulator_ws/build/phantomx_reactor_arm_moveit2_config': CMAKE_PREFIX_PATH=/home/akinsantos/minipulator_ws/install/phantomx_reactor_arm_description:/home/akinsantos/minipulator_ws/install/phantomx_reactor_arm_moveit2_config:/home/akinsantos/minipulator_ws/install/movevit2_test:/home/akinsantos/minipulator_ws/install/open_manipulator_pro_gazebo:/home/akinsantos/minipulator_ws/install/dynamixel_workbench:/home/akinsantos/minipulator_ws/install/dynamixel_hardware:/home/akinsantos/minipulator_ws/install/dynamixel_workbench_toolbox:/home/akinsantos/minipulator_ws/install/dynamixel_workbench_msgs:/home/akinsantos/ws_moveit/install/pilz_industrial_motion_planner_testutils:/home/akinsantos/ws_moveit/install/moveit_runtime:/home/akinsantos/ws_moveit/install/moveit2_tutorials:/home/akinsantos/ws_moveit/install/moveit:/home/akinsantos/ws_moveit/install/moveit_planners:/home/akinsantos/ws_moveit/install/pilz_industrial_motion_planner:/home/akinsantos/ws_moveit/install/moveit_visual_tools:/home/akinsantos/ws_moveit/install/moveit_task_constructor_visualization:/home/akinsantos/ws_moveit/install/moveit_task_constructor_demo:/home/akinsantos/ws_moveit/install/moveit_task_constructor_capabilities:/home/akinsantos/ws_moveit/install/moveit_task_constructor_core:/home/akinsantos/ws_moveit/install/moveit_ros_control_interface:/home/akinsantos/ws_moveit/install/moveit_plugins:/home/akinsantos/ws_moveit/install/moveit_simple_controller_manager:/home/akinsantos/ws_moveit/install/moveit_setup_assistant:/home/akinsantos/ws_moveit/install/moveit_setup_srdf_plugins:/home/akinsantos/ws_moveit/install/moveit_setup_core_plugins:/home/akinsantos/ws_moveit/install/moveit_setup_controllers:/home/akinsantos/ws_moveit/install/moveit_setup_app_plugins:/home/akinsantos/ws_moveit/install/moveit_setup_framework:/home/akinsantos/ws_moveit/install/moveit_servo:/home/akinsantos/ws_moveit/install/moveit_ros:/home/akinsantos/ws_moveit/install/moveit_ros_visualization:/home/akinsantos/ws_moveit/install/moveit_hybrid_planning:/home/akinsantos/ws_moveit/install/moveit_ros_planning_interface:/home/akinsantos/ws_moveit/install/moveit_ros_benchmarks:/home/akinsantos/ws_moveit/install/moveit_ros_warehouse:/home/akinsantos/ws_moveit/install/moveit_ros_robot_interaction:/home/akinsantos/ws_moveit/install/moveit_ros_perception:/home/akinsantos/ws_moveit/install/moveit_resources_prbt_pg70_support:/home/akinsantos/ws_moveit/install/moveit_resources_prbt_moveit_config:/home/akinsantos/ws_moveit/install/moveit_ros_move_group:/home/akinsantos/ws_moveit/install/moveit_planners_ompl:/home/akinsantos/ws_moveit/install/moveit_ros_planning:/home/akinsantos/ws_moveit/install/moveit_ros_occupancy_map_monitor:/home/akinsantos/ws_moveit/install/moveit_resources_prbt_ikfast_manipulator_plugin:/home/akinsantos/ws_moveit/install/moveit_planners_chomp:/home/akinsantos/ws_moveit/install/moveit_kinematics:/home/akinsantos/ws_moveit/install/moveit_chomp_optimizer_adapter:/home/akinsantos/ws_moveit/install/chomp_motion_planner:/home/akinsantos/ws_moveit/install/moveit_core:/home/akinsantos/ws_moveit/install/srdfdom:/home/akinsantos/ws_moveit/install/rviz_marker_tools:/home/akinsantos/ws_moveit/install/rosparam_shortcuts:/home/akinsantos/ws_moveit/install/moveit_task_constructor_msgs:/home/akinsantos/ws_moveit/install/moveit_resources_prbt_support:/home/akinsantos/ws_moveit/install/moveit_resources:/home/akinsantos/ws_moveit/install/moveit_resources_pr2_description:/home/akinsantos/ws_moveit/install/moveit_resources_panda_moveit_config:/home/akinsantos/ws_moveit/install/moveit_resources_panda_description:/home/akinsantos/ws_moveit/install/moveit_resources_fanuc_moveit_config:/home/akinsantos/ws_moveit/install/moveit_resources_fanuc_description:/home/akinsantos/ws_moveit/install/moveit_common:/home/akinsantos/ws_moveit/install/moveit_configs_utils:/home/akinsantos/ws_moveit/install/launch_param_builder:/opt/ros/humble /usr/bin/cmake /home/akinsantos/minipulator_ws/src/phantomx_reactor_arm_moveit2_config -DCMAKE_INSTALL_PREFIX=/home/akinsantos/minipulator_ws/install/phantomx_reactor_arm_moveit2_config
[7.871s] DEBUG:colcon.colcon_core.event_handler.log_command:Invoked command in '/home/akinsantos/minipulator_ws/build/dynamixel_hardware' returned '0': CMAKE_PREFIX_PATH=/home/akinsantos/minipulator_ws/install/dynamixel_workbench_toolbox:/home/akinsantos/minipulator_ws/install/phantomx_reactor_arm_moveit2_config:/home/akinsantos/minipulator_ws/install/movevit2_test:/home/akinsantos/minipulator_ws/install/phantomx_reactor_arm_description:/home/akinsantos/minipulator_ws/install/open_manipulator_pro_gazebo:/home/akinsantos/minipulator_ws/install/dynamixel_workbench:/home/akinsantos/minipulator_ws/install/dynamixel_hardware:/home/akinsantos/minipulator_ws/install/dynamixel_workbench_msgs:/home/akinsantos/ws_moveit/install/pilz_industrial_motion_planner_testutils:/home/akinsantos/ws_moveit/install/moveit_runtime:/home/akinsantos/ws_moveit/install/moveit2_tutorials:/home/akinsantos/ws_moveit/install/moveit:/home/akinsantos/ws_moveit/install/moveit_planners:/home/akinsantos/ws_moveit/install/pilz_industrial_motion_planner:/home/akinsantos/ws_moveit/install/moveit_visual_tools:/home/akinsantos/ws_moveit/install/moveit_task_constructor_visualization:/home/akinsantos/ws_moveit/install/moveit_task_constructor_demo:/home/akinsantos/ws_moveit/install/moveit_task_constructor_capabilities:/home/akinsantos/ws_moveit/install/moveit_task_constructor_core:/home/akinsantos/ws_moveit/install/moveit_ros_control_interface:/home/akinsantos/ws_moveit/install/moveit_plugins:/home/akinsantos/ws_moveit/install/moveit_simple_controller_manager:/home/akinsantos/ws_moveit/install/moveit_setup_assistant:/home/akinsantos/ws_moveit/install/moveit_setup_srdf_plugins:/home/akinsantos/ws_moveit/install/moveit_setup_core_plugins:/home/akinsantos/ws_moveit/install/moveit_setup_controllers:/home/akinsantos/ws_moveit/install/moveit_setup_app_plugins:/home/akinsantos/ws_moveit/install/moveit_setup_framework:/home/akinsantos/ws_moveit/install/moveit_servo:/home/akinsantos/ws_moveit/install/moveit_ros:/home/akinsantos/ws_moveit/install/moveit_ros_visualization:/home/akinsantos/ws_moveit/install/moveit_hybrid_planning:/home/akinsantos/ws_moveit/install/moveit_ros_planning_interface:/home/akinsantos/ws_moveit/install/moveit_ros_benchmarks:/home/akinsantos/ws_moveit/install/moveit_ros_warehouse:/home/akinsantos/ws_moveit/install/moveit_ros_robot_interaction:/home/akinsantos/ws_moveit/install/moveit_ros_perception:/home/akinsantos/ws_moveit/install/moveit_resources_prbt_pg70_support:/home/akinsantos/ws_moveit/install/moveit_resources_prbt_moveit_config:/home/akinsantos/ws_moveit/install/moveit_ros_move_group:/home/akinsantos/ws_moveit/install/moveit_planners_ompl:/home/akinsantos/ws_moveit/install/moveit_ros_planning:/home/akinsantos/ws_moveit/install/moveit_ros_occupancy_map_monitor:/home/akinsantos/ws_moveit/install/moveit_resources_prbt_ikfast_manipulator_plugin:/home/akinsantos/ws_moveit/install/moveit_planners_chomp:/home/akinsantos/ws_moveit/install/moveit_kinematics:/home/akinsantos/ws_moveit/install/moveit_chomp_optimizer_adapter:/home/akinsantos/ws_moveit/install/chomp_motion_planner:/home/akinsantos/ws_moveit/install/moveit_core:/home/akinsantos/ws_moveit/install/srdfdom:/home/akinsantos/ws_moveit/install/rviz_marker_tools:/home/akinsantos/ws_moveit/install/rosparam_shortcuts:/home/akinsantos/ws_moveit/install/moveit_task_constructor_msgs:/home/akinsantos/ws_moveit/install/moveit_resources_prbt_support:/home/akinsantos/ws_moveit/install/moveit_resources:/home/akinsantos/ws_moveit/install/moveit_resources_pr2_description:/home/akinsantos/ws_moveit/install/moveit_resources_panda_moveit_config:/home/akinsantos/ws_moveit/install/moveit_resources_panda_description:/home/akinsantos/ws_moveit/install/moveit_resources_fanuc_moveit_config:/home/akinsantos/ws_moveit/install/moveit_resources_fanuc_description:/home/akinsantos/ws_moveit/install/moveit_common:/home/akinsantos/ws_moveit/install/moveit_configs_utils:/home/akinsantos/ws_moveit/install/launch_param_builder:/opt/ros/humble LD_LIBRARY_PATH=/home/akinsantos/minipulator_ws/install/dynamixel_workbench_toolbox/lib:/home/akinsantos/minipulator_ws/install/dynamixel_hardware/lib:/home/akinsantos/minipulator_ws/install/dynamixel_workbench_msgs/lib:/home/akinsantos/ws_moveit/install/pilz_industrial_motion_planner_testutils/lib:/home/akinsantos/ws_moveit/install/pilz_industrial_motion_planner/lib:/home/akinsantos/ws_moveit/install/moveit_visual_tools/lib:/home/akinsantos/ws_moveit/install/moveit_task_constructor_visualization/lib:/home/akinsantos/ws_moveit/install/moveit_task_constructor_demo/lib:/home/akinsantos/ws_moveit/install/moveit_task_constructor_capabilities/lib:/home/akinsantos/ws_moveit/install/moveit_task_constructor_core/lib:/home/akinsantos/ws_moveit/install/moveit_ros_control_interface/lib:/home/akinsantos/ws_moveit/install/moveit_simple_controller_manager/lib:/home/akinsantos/ws_moveit/install/moveit_setup_assistant/lib:/home/akinsantos/ws_moveit/install/moveit_setup_srdf_plugins/lib:/home/akinsantos/ws_moveit/install/moveit_setup_core_plugins/lib:/home/akinsantos/ws_moveit/install/moveit_setup_controllers/lib:/home/akinsantos/ws_moveit/install/moveit_setup_app_plugins/lib:/home/akinsantos/ws_moveit/install/moveit_setup_framework/lib:/home/akinsantos/ws_moveit/install/moveit_servo/lib:/home/akinsantos/ws_moveit/install/moveit_ros_visualization/lib:/home/akinsantos/ws_moveit/install/moveit_hybrid_planning/lib:/home/akinsantos/ws_moveit/install/moveit_ros_planning_interface/lib:/home/akinsantos/ws_moveit/install/moveit_ros_benchmarks/lib:/home/akinsantos/ws_moveit/install/moveit_ros_warehouse/lib:/home/akinsantos/ws_moveit/install/moveit_ros_robot_interaction/lib:/home/akinsantos/ws_moveit/install/moveit_ros_perception/lib:/home/akinsantos/ws_moveit/install/moveit_ros_move_group/lib:/home/akinsantos/ws_moveit/install/moveit_planners_ompl/lib:/home/akinsantos/ws_moveit/install/moveit_ros_planning/lib:/home/akinsantos/ws_moveit/install/moveit_ros_occupancy_map_monitor/lib:/home/akinsantos/ws_moveit/install/moveit_resources_prbt_ikfast_manipulator_plugin/lib:/home/akinsantos/ws_moveit/install/moveit_planners_chomp/lib:/home/akinsantos/ws_moveit/install/moveit_kinematics/lib:/home/akinsantos/ws_moveit/install/moveit_chomp_optimizer_adapter/lib:/home/akinsantos/ws_moveit/install/chomp_motion_planner/lib:/home/akinsantos/ws_moveit/install/moveit_core/lib:/home/akinsantos/ws_moveit/install/srdfdom/lib:/home/akinsantos/ws_moveit/install/rviz_marker_tools/lib:/home/akinsantos/ws_moveit/install/rosparam_shortcuts/lib:/home/akinsantos/ws_moveit/install/moveit_task_constructor_msgs/lib:/opt/ros/humble/opt/rviz_ogre_vendor/lib:/opt/ros/humble/lib/x86_64-linux-gnu:/opt/ros/humble/lib /usr/bin/cmake --build /home/akinsantos/minipulator_ws/build/dynamixel_hardware -- -j8 -l8
[7.873s] DEBUG:colcon.colcon_core.event_handler.log_command:Invoking command in '/home/akinsantos/minipulator_ws/build/dynamixel_hardware': CMAKE_PREFIX_PATH=/home/akinsantos/minipulator_ws/install/dynamixel_workbench_toolbox:/home/akinsantos/minipulator_ws/install/phantomx_reactor_arm_moveit2_config:/home/akinsantos/minipulator_ws/install/movevit2_test:/home/akinsantos/minipulator_ws/install/phantomx_reactor_arm_description:/home/akinsantos/minipulator_ws/install/open_manipulator_pro_gazebo:/home/akinsantos/minipulator_ws/install/dynamixel_workbench:/home/akinsantos/minipulator_ws/install/dynamixel_hardware:/home/akinsantos/minipulator_ws/install/dynamixel_workbench_msgs:/home/akinsantos/ws_moveit/install/pilz_industrial_motion_planner_testutils:/home/akinsantos/ws_moveit/install/moveit_runtime:/home/akinsantos/ws_moveit/install/moveit2_tutorials:/home/akinsantos/ws_moveit/install/moveit:/home/akinsantos/ws_moveit/install/moveit_planners:/home/akinsantos/ws_moveit/install/pilz_industrial_motion_planner:/home/akinsantos/ws_moveit/install/moveit_visual_tools:/home/akinsantos/ws_moveit/install/moveit_task_constructor_visualization:/home/akinsantos/ws_moveit/install/moveit_task_constructor_demo:/home/akinsantos/ws_moveit/install/moveit_task_constructor_capabilities:/home/akinsantos/ws_moveit/install/moveit_task_constructor_core:/home/akinsantos/ws_moveit/install/moveit_ros_control_interface:/home/akinsantos/ws_moveit/install/moveit_plugins:/home/akinsantos/ws_moveit/install/moveit_simple_controller_manager:/home/akinsantos/ws_moveit/install/moveit_setup_assistant:/home/akinsantos/ws_moveit/install/moveit_setup_srdf_plugins:/home/akinsantos/ws_moveit/install/moveit_setup_core_plugins:/home/akinsantos/ws_moveit/install/moveit_setup_controllers:/home/akinsantos/ws_moveit/install/moveit_setup_app_plugins:/home/akinsantos/ws_moveit/install/moveit_setup_framework:/home/akinsantos/ws_moveit/install/moveit_servo:/home/akinsantos/ws_moveit/install/moveit_ros:/home/akinsantos/ws_moveit/install/moveit_ros_visualization:/home/akinsantos/ws_moveit/install/moveit_hybrid_planning:/home/akinsantos/ws_moveit/install/moveit_ros_planning_interface:/home/akinsantos/ws_moveit/install/moveit_ros_benchmarks:/home/akinsantos/ws_moveit/install/moveit_ros_warehouse:/home/akinsantos/ws_moveit/install/moveit_ros_robot_interaction:/home/akinsantos/ws_moveit/install/moveit_ros_perception:/home/akinsantos/ws_moveit/install/moveit_resources_prbt_pg70_support:/home/akinsantos/ws_moveit/install/moveit_resources_prbt_moveit_config:/home/akinsantos/ws_moveit/install/moveit_ros_move_group:/home/akinsantos/ws_moveit/install/moveit_planners_ompl:/home/akinsantos/ws_moveit/install/moveit_ros_planning:/home/akinsantos/ws_moveit/install/moveit_ros_occupancy_map_monitor:/home/akinsantos/ws_moveit/install/moveit_resources_prbt_ikfast_manipulator_plugin:/home/akinsantos/ws_moveit/install/moveit_planners_chomp:/home/akinsantos/ws_moveit/install/moveit_kinematics:/home/akinsantos/ws_moveit/install/moveit_chomp_optimizer_adapter:/home/akinsantos/ws_moveit/install/chomp_motion_planner:/home/akinsantos/ws_moveit/install/moveit_core:/home/akinsantos/ws_moveit/install/srdfdom:/home/akinsantos/ws_moveit/install/rviz_marker_tools:/home/akinsantos/ws_moveit/install/rosparam_shortcuts:/home/akinsantos/ws_moveit/install/moveit_task_constructor_msgs:/home/akinsantos/ws_moveit/install/moveit_resources_prbt_support:/home/akinsantos/ws_moveit/install/moveit_resources:/home/akinsantos/ws_moveit/install/moveit_resources_pr2_description:/home/akinsantos/ws_moveit/install/moveit_resources_panda_moveit_config:/home/akinsantos/ws_moveit/install/moveit_resources_panda_description:/home/akinsantos/ws_moveit/install/moveit_resources_fanuc_moveit_config:/home/akinsantos/ws_moveit/install/moveit_resources_fanuc_description:/home/akinsantos/ws_moveit/install/moveit_common:/home/akinsantos/ws_moveit/install/moveit_configs_utils:/home/akinsantos/ws_moveit/install/launch_param_builder:/opt/ros/humble LD_LIBRARY_PATH=/home/akinsantos/minipulator_ws/install/dynamixel_workbench_toolbox/lib:/home/akinsantos/minipulator_ws/install/dynamixel_hardware/lib:/home/akinsantos/minipulator_ws/install/dynamixel_workbench_msgs/lib:/home/akinsantos/ws_moveit/install/pilz_industrial_motion_planner_testutils/lib:/home/akinsantos/ws_moveit/install/pilz_industrial_motion_planner/lib:/home/akinsantos/ws_moveit/install/moveit_visual_tools/lib:/home/akinsantos/ws_moveit/install/moveit_task_constructor_visualization/lib:/home/akinsantos/ws_moveit/install/moveit_task_constructor_demo/lib:/home/akinsantos/ws_moveit/install/moveit_task_constructor_capabilities/lib:/home/akinsantos/ws_moveit/install/moveit_task_constructor_core/lib:/home/akinsantos/ws_moveit/install/moveit_ros_control_interface/lib:/home/akinsantos/ws_moveit/install/moveit_simple_controller_manager/lib:/home/akinsantos/ws_moveit/install/moveit_setup_assistant/lib:/home/akinsantos/ws_moveit/install/moveit_setup_srdf_plugins/lib:/home/akinsantos/ws_moveit/install/moveit_setup_core_plugins/lib:/home/akinsantos/ws_moveit/install/moveit_setup_controllers/lib:/home/akinsantos/ws_moveit/install/moveit_setup_app_plugins/lib:/home/akinsantos/ws_moveit/install/moveit_setup_framework/lib:/home/akinsantos/ws_moveit/install/moveit_servo/lib:/home/akinsantos/ws_moveit/install/moveit_ros_visualization/lib:/home/akinsantos/ws_moveit/install/moveit_hybrid_planning/lib:/home/akinsantos/ws_moveit/install/moveit_ros_planning_interface/lib:/home/akinsantos/ws_moveit/install/moveit_ros_benchmarks/lib:/home/akinsantos/ws_moveit/install/moveit_ros_warehouse/lib:/home/akinsantos/ws_moveit/install/moveit_ros_robot_interaction/lib:/home/akinsantos/ws_moveit/install/moveit_ros_perception/lib:/home/akinsantos/ws_moveit/install/moveit_ros_move_group/lib:/home/akinsantos/ws_moveit/install/moveit_planners_ompl/lib:/home/akinsantos/ws_moveit/install/moveit_ros_planning/lib:/home/akinsantos/ws_moveit/install/moveit_ros_occupancy_map_monitor/lib:/home/akinsantos/ws_moveit/install/moveit_resources_prbt_ikfast_manipulator_plugin/lib:/home/akinsantos/ws_moveit/install/moveit_planners_chomp/lib:/home/akinsantos/ws_moveit/install/moveit_kinematics/lib:/home/akinsantos/ws_moveit/install/moveit_chomp_optimizer_adapter/lib:/home/akinsantos/ws_moveit/install/chomp_motion_planner/lib:/home/akinsantos/ws_moveit/install/moveit_core/lib:/home/akinsantos/ws_moveit/install/srdfdom/lib:/home/akinsantos/ws_moveit/install/rviz_marker_tools/lib:/home/akinsantos/ws_moveit/install/rosparam_shortcuts/lib:/home/akinsantos/ws_moveit/install/moveit_task_constructor_msgs/lib:/opt/ros/humble/opt/rviz_ogre_vendor/lib:/opt/ros/humble/lib/x86_64-linux-gnu:/opt/ros/humble/lib /usr/bin/cmake --install /home/akinsantos/minipulator_ws/build/dynamixel_hardware
[7.903s] Level 1:colcon.colcon_core.environment:create_environment_scripts_only(dynamixel_hardware)
[7.903s] Level 1:colcon.colcon_core.environment:checking '/home/akinsantos/minipulator_ws/install/dynamixel_hardware' for CMake module files
[7.903s] Level 1:colcon.colcon_core.environment:checking '/home/akinsantos/minipulator_ws/install/dynamixel_hardware' for CMake config files
[7.903s] Level 1:colcon.colcon_core.shell:create_environment_hook('dynamixel_hardware', 'cmake_prefix_path')
[7.904s] INFO:colcon.colcon_core.shell:Creating environment hook '/home/akinsantos/minipulator_ws/install/dynamixel_hardware/share/dynamixel_hardware/hook/cmake_prefix_path.ps1'
[7.904s] INFO:colcon.colcon_core.shell:Creating environment descriptor '/home/akinsantos/minipulator_ws/install/dynamixel_hardware/share/dynamixel_hardware/hook/cmake_prefix_path.dsv'
[7.904s] INFO:colcon.colcon_core.shell:Creating environment hook '/home/akinsantos/minipulator_ws/install/dynamixel_hardware/share/dynamixel_hardware/hook/cmake_prefix_path.sh'
[7.905s] Level 1:colcon.colcon_core.environment:checking '/home/akinsantos/minipulator_ws/install/dynamixel_hardware/lib'
[7.905s] Level 1:colcon.colcon_core.shell:create_environment_hook('dynamixel_hardware', 'ld_library_path_lib')
[7.905s] INFO:colcon.colcon_core.shell:Creating environment hook '/home/akinsantos/minipulator_ws/install/dynamixel_hardware/share/dynamixel_hardware/hook/ld_library_path_lib.ps1'
[7.905s] INFO:colcon.colcon_core.shell:Creating environment descriptor '/home/akinsantos/minipulator_ws/install/dynamixel_hardware/share/dynamixel_hardware/hook/ld_library_path_lib.dsv'
[7.905s] INFO:colcon.colcon_core.shell:Creating environment hook '/home/akinsantos/minipulator_ws/install/dynamixel_hardware/share/dynamixel_hardware/hook/ld_library_path_lib.sh'
[7.906s] Level 1:colcon.colcon_core.environment:checking '/home/akinsantos/minipulator_ws/install/dynamixel_hardware/bin'
[7.906s] Level 1:colcon.colcon_core.environment:checking '/home/akinsantos/minipulator_ws/install/dynamixel_hardware/lib/pkgconfig/dynamixel_hardware.pc'
[7.906s] Level 1:colcon.colcon_core.environment:checking '/home/akinsantos/minipulator_ws/install/dynamixel_hardware/lib/python3.10/site-packages'
[7.906s] Level 1:colcon.colcon_core.environment:checking '/home/akinsantos/minipulator_ws/install/dynamixel_hardware/bin'
[7.909s] INFO:colcon.colcon_core.shell:Creating package script '/home/akinsantos/minipulator_ws/install/dynamixel_hardware/share/dynamixel_hardware/package.ps1'
[7.913s] INFO:colcon.colcon_core.shell:Creating package descriptor '/home/akinsantos/minipulator_ws/install/dynamixel_hardware/share/dynamixel_hardware/package.dsv'
[7.913s] INFO:colcon.colcon_core.shell:Creating package script '/home/akinsantos/minipulator_ws/install/dynamixel_hardware/share/dynamixel_hardware/package.sh'
[7.914s] INFO:colcon.colcon_core.shell:Creating package script '/home/akinsantos/minipulator_ws/install/dynamixel_hardware/share/dynamixel_hardware/package.bash'
[7.914s] INFO:colcon.colcon_core.shell:Creating package script '/home/akinsantos/minipulator_ws/install/dynamixel_hardware/share/dynamixel_hardware/package.zsh'
[7.914s] Level 1:colcon.colcon_core.environment:create_file_with_runtime_dependencies(/home/akinsantos/minipulator_ws/install/dynamixel_hardware/share/colcon-core/packages/dynamixel_hardware)
[7.915s] Level 1:colcon.colcon_core.environment:create_environment_scripts_only(dynamixel_hardware)
[7.915s] Level 1:colcon.colcon_core.environment:checking '/home/akinsantos/minipulator_ws/install/dynamixel_hardware' for CMake module files
[7.915s] Level 1:colcon.colcon_core.environment:checking '/home/akinsantos/minipulator_ws/install/dynamixel_hardware' for CMake config files
[7.920s] DEBUG:colcon.colcon_core.event_handler.log_command:Invoked command in '/home/akinsantos/minipulator_ws/build/dynamixel_hardware' returned '0': CMAKE_PREFIX_PATH=/home/akinsantos/minipulator_ws/install/dynamixel_workbench_toolbox:/home/akinsantos/minipulator_ws/install/phantomx_reactor_arm_moveit2_config:/home/akinsantos/minipulator_ws/install/movevit2_test:/home/akinsantos/minipulator_ws/install/phantomx_reactor_arm_description:/home/akinsantos/minipulator_ws/install/open_manipulator_pro_gazebo:/home/akinsantos/minipulator_ws/install/dynamixel_workbench:/home/akinsantos/minipulator_ws/install/dynamixel_hardware:/home/akinsantos/minipulator_ws/install/dynamixel_workbench_msgs:/home/akinsantos/ws_moveit/install/pilz_industrial_motion_planner_testutils:/home/akinsantos/ws_moveit/install/moveit_runtime:/home/akinsantos/ws_moveit/install/moveit2_tutorials:/home/akinsantos/ws_moveit/install/moveit:/home/akinsantos/ws_moveit/install/moveit_planners:/home/akinsantos/ws_moveit/install/pilz_industrial_motion_planner:/home/akinsantos/ws_moveit/install/moveit_visual_tools:/home/akinsantos/ws_moveit/install/moveit_task_constructor_visualization:/home/akinsantos/ws_moveit/install/moveit_task_constructor_demo:/home/akinsantos/ws_moveit/install/moveit_task_constructor_capabilities:/home/akinsantos/ws_moveit/install/moveit_task_constructor_core:/home/akinsantos/ws_moveit/install/moveit_ros_control_interface:/home/akinsantos/ws_moveit/install/moveit_plugins:/home/akinsantos/ws_moveit/install/moveit_simple_controller_manager:/home/akinsantos/ws_moveit/install/moveit_setup_assistant:/home/akinsantos/ws_moveit/install/moveit_setup_srdf_plugins:/home/akinsantos/ws_moveit/install/moveit_setup_core_plugins:/home/akinsantos/ws_moveit/install/moveit_setup_controllers:/home/akinsantos/ws_moveit/install/moveit_setup_app_plugins:/home/akinsantos/ws_moveit/install/moveit_setup_framework:/home/akinsantos/ws_moveit/install/moveit_servo:/home/akinsantos/ws_moveit/install/moveit_ros:/home/akinsantos/ws_moveit/install/moveit_ros_visualization:/home/akinsantos/ws_moveit/install/moveit_hybrid_planning:/home/akinsantos/ws_moveit/install/moveit_ros_planning_interface:/home/akinsantos/ws_moveit/install/moveit_ros_benchmarks:/home/akinsantos/ws_moveit/install/moveit_ros_warehouse:/home/akinsantos/ws_moveit/install/moveit_ros_robot_interaction:/home/akinsantos/ws_moveit/install/moveit_ros_perception:/home/akinsantos/ws_moveit/install/moveit_resources_prbt_pg70_support:/home/akinsantos/ws_moveit/install/moveit_resources_prbt_moveit_config:/home/akinsantos/ws_moveit/install/moveit_ros_move_group:/home/akinsantos/ws_moveit/install/moveit_planners_ompl:/home/akinsantos/ws_moveit/install/moveit_ros_planning:/home/akinsantos/ws_moveit/install/moveit_ros_occupancy_map_monitor:/home/akinsantos/ws_moveit/install/moveit_resources_prbt_ikfast_manipulator_plugin:/home/akinsantos/ws_moveit/install/moveit_planners_chomp:/home/akinsantos/ws_moveit/install/moveit_kinematics:/home/akinsantos/ws_moveit/install/moveit_chomp_optimizer_adapter:/home/akinsantos/ws_moveit/install/chomp_motion_planner:/home/akinsantos/ws_moveit/install/moveit_core:/home/akinsantos/ws_moveit/install/srdfdom:/home/akinsantos/ws_moveit/install/rviz_marker_tools:/home/akinsantos/ws_moveit/install/rosparam_shortcuts:/home/akinsantos/ws_moveit/install/moveit_task_constructor_msgs:/home/akinsantos/ws_moveit/install/moveit_resources_prbt_support:/home/akinsantos/ws_moveit/install/moveit_resources:/home/akinsantos/ws_moveit/install/moveit_resources_pr2_description:/home/akinsantos/ws_moveit/install/moveit_resources_panda_moveit_config:/home/akinsantos/ws_moveit/install/moveit_resources_panda_description:/home/akinsantos/ws_moveit/install/moveit_resources_fanuc_moveit_config:/home/akinsantos/ws_moveit/install/moveit_resources_fanuc_description:/home/akinsantos/ws_moveit/install/moveit_common:/home/akinsantos/ws_moveit/install/moveit_configs_utils:/home/akinsantos/ws_moveit/install/launch_param_builder:/opt/ros/humble LD_LIBRARY_PATH=/home/akinsantos/minipulator_ws/install/dynamixel_workbench_toolbox/lib:/home/akinsantos/minipulator_ws/install/dynamixel_hardware/lib:/home/akinsantos/minipulator_ws/install/dynamixel_workbench_msgs/lib:/home/akinsantos/ws_moveit/install/pilz_industrial_motion_planner_testutils/lib:/home/akinsantos/ws_moveit/install/pilz_industrial_motion_planner/lib:/home/akinsantos/ws_moveit/install/moveit_visual_tools/lib:/home/akinsantos/ws_moveit/install/moveit_task_constructor_visualization/lib:/home/akinsantos/ws_moveit/install/moveit_task_constructor_demo/lib:/home/akinsantos/ws_moveit/install/moveit_task_constructor_capabilities/lib:/home/akinsantos/ws_moveit/install/moveit_task_constructor_core/lib:/home/akinsantos/ws_moveit/install/moveit_ros_control_interface/lib:/home/akinsantos/ws_moveit/install/moveit_simple_controller_manager/lib:/home/akinsantos/ws_moveit/install/moveit_setup_assistant/lib:/home/akinsantos/ws_moveit/install/moveit_setup_srdf_plugins/lib:/home/akinsantos/ws_moveit/install/moveit_setup_core_plugins/lib:/home/akinsantos/ws_moveit/install/moveit_setup_controllers/lib:/home/akinsantos/ws_moveit/install/moveit_setup_app_plugins/lib:/home/akinsantos/ws_moveit/install/moveit_setup_framework/lib:/home/akinsantos/ws_moveit/install/moveit_servo/lib:/home/akinsantos/ws_moveit/install/moveit_ros_visualization/lib:/home/akinsantos/ws_moveit/install/moveit_hybrid_planning/lib:/home/akinsantos/ws_moveit/install/moveit_ros_planning_interface/lib:/home/akinsantos/ws_moveit/install/moveit_ros_benchmarks/lib:/home/akinsantos/ws_moveit/install/moveit_ros_warehouse/lib:/home/akinsantos/ws_moveit/install/moveit_ros_robot_interaction/lib:/home/akinsantos/ws_moveit/install/moveit_ros_perception/lib:/home/akinsantos/ws_moveit/install/moveit_ros_move_group/lib:/home/akinsantos/ws_moveit/install/moveit_planners_ompl/lib:/home/akinsantos/ws_moveit/install/moveit_ros_planning/lib:/home/akinsantos/ws_moveit/install/moveit_ros_occupancy_map_monitor/lib:/home/akinsantos/ws_moveit/install/moveit_resources_prbt_ikfast_manipulator_plugin/lib:/home/akinsantos/ws_moveit/install/moveit_planners_chomp/lib:/home/akinsantos/ws_moveit/install/moveit_kinematics/lib:/home/akinsantos/ws_moveit/install/moveit_chomp_optimizer_adapter/lib:/home/akinsantos/ws_moveit/install/chomp_motion_planner/lib:/home/akinsantos/ws_moveit/install/moveit_core/lib:/home/akinsantos/ws_moveit/install/srdfdom/lib:/home/akinsantos/ws_moveit/install/rviz_marker_tools/lib:/home/akinsantos/ws_moveit/install/rosparam_shortcuts/lib:/home/akinsantos/ws_moveit/install/moveit_task_constructor_msgs/lib:/opt/ros/humble/opt/rviz_ogre_vendor/lib:/opt/ros/humble/lib/x86_64-linux-gnu:/opt/ros/humble/lib /usr/bin/cmake --install /home/akinsantos/minipulator_ws/build/dynamixel_hardware
[7.920s] Level 1:colcon.colcon_core.shell:create_environment_hook('dynamixel_hardware', 'cmake_prefix_path')
[7.920s] INFO:colcon.colcon_core.shell:Creating environment hook '/home/akinsantos/minipulator_ws/install/dynamixel_hardware/share/dynamixel_hardware/hook/cmake_prefix_path.ps1'
[7.920s] INFO:colcon.colcon_core.shell:Creating environment descriptor '/home/akinsantos/minipulator_ws/install/dynamixel_hardware/share/dynamixel_hardware/hook/cmake_prefix_path.dsv'
[7.921s] INFO:colcon.colcon_core.shell:Creating environment hook '/home/akinsantos/minipulator_ws/install/dynamixel_hardware/share/dynamixel_hardware/hook/cmake_prefix_path.sh'
[7.921s] Level 1:colcon.colcon_core.environment:checking '/home/akinsantos/minipulator_ws/install/dynamixel_hardware/lib'
[7.921s] Level 1:colcon.colcon_core.shell:create_environment_hook('dynamixel_hardware', 'ld_library_path_lib')
[7.921s] INFO:colcon.colcon_core.shell:Creating environment hook '/home/akinsantos/minipulator_ws/install/dynamixel_hardware/share/dynamixel_hardware/hook/ld_library_path_lib.ps1'
[7.922s] INFO:colcon.colcon_core.shell:Creating environment descriptor '/home/akinsantos/minipulator_ws/install/dynamixel_hardware/share/dynamixel_hardware/hook/ld_library_path_lib.dsv'
[7.924s] INFO:colcon.colcon_core.shell:Creating environment hook '/home/akinsantos/minipulator_ws/install/dynamixel_hardware/share/dynamixel_hardware/hook/ld_library_path_lib.sh'
[7.925s] Level 1:colcon.colcon_core.environment:checking '/home/akinsantos/minipulator_ws/install/dynamixel_hardware/bin'
[7.925s] Level 1:colcon.colcon_core.environment:checking '/home/akinsantos/minipulator_ws/install/dynamixel_hardware/lib/pkgconfig/dynamixel_hardware.pc'
[7.925s] Level 1:colcon.colcon_core.environment:checking '/home/akinsantos/minipulator_ws/install/dynamixel_hardware/lib/python3.10/site-packages'
[7.925s] Level 1:colcon.colcon_core.environment:checking '/home/akinsantos/minipulator_ws/install/dynamixel_hardware/bin'
[7.925s] INFO:colcon.colcon_core.shell:Creating package script '/home/akinsantos/minipulator_ws/install/dynamixel_hardware/share/dynamixel_hardware/package.ps1'
[7.926s] INFO:colcon.colcon_core.shell:Creating package descriptor '/home/akinsantos/minipulator_ws/install/dynamixel_hardware/share/dynamixel_hardware/package.dsv'
[7.928s] INFO:colcon.colcon_core.shell:Creating package script '/home/akinsantos/minipulator_ws/install/dynamixel_hardware/share/dynamixel_hardware/package.sh'
[7.929s] INFO:colcon.colcon_core.shell:Creating package script '/home/akinsantos/minipulator_ws/install/dynamixel_hardware/share/dynamixel_hardware/package.bash'
[7.929s] INFO:colcon.colcon_core.shell:Creating package script '/home/akinsantos/minipulator_ws/install/dynamixel_hardware/share/dynamixel_hardware/package.zsh'
[7.930s] Level 1:colcon.colcon_core.environment:create_file_with_runtime_dependencies(/home/akinsantos/minipulator_ws/install/dynamixel_hardware/share/colcon-core/packages/dynamixel_hardware)
[8.276s] DEBUG:colcon.colcon_core.event_handler.log_command:Invoked command in '/home/akinsantos/minipulator_ws/build/phantomx_reactor_arm_moveit2_config' returned '0': CMAKE_PREFIX_PATH=/home/akinsantos/minipulator_ws/install/phantomx_reactor_arm_description:/home/akinsantos/minipulator_ws/install/phantomx_reactor_arm_moveit2_config:/home/akinsantos/minipulator_ws/install/movevit2_test:/home/akinsantos/minipulator_ws/install/open_manipulator_pro_gazebo:/home/akinsantos/minipulator_ws/install/dynamixel_workbench:/home/akinsantos/minipulator_ws/install/dynamixel_hardware:/home/akinsantos/minipulator_ws/install/dynamixel_workbench_toolbox:/home/akinsantos/minipulator_ws/install/dynamixel_workbench_msgs:/home/akinsantos/ws_moveit/install/pilz_industrial_motion_planner_testutils:/home/akinsantos/ws_moveit/install/moveit_runtime:/home/akinsantos/ws_moveit/install/moveit2_tutorials:/home/akinsantos/ws_moveit/install/moveit:/home/akinsantos/ws_moveit/install/moveit_planners:/home/akinsantos/ws_moveit/install/pilz_industrial_motion_planner:/home/akinsantos/ws_moveit/install/moveit_visual_tools:/home/akinsantos/ws_moveit/install/moveit_task_constructor_visualization:/home/akinsantos/ws_moveit/install/moveit_task_constructor_demo:/home/akinsantos/ws_moveit/install/moveit_task_constructor_capabilities:/home/akinsantos/ws_moveit/install/moveit_task_constructor_core:/home/akinsantos/ws_moveit/install/moveit_ros_control_interface:/home/akinsantos/ws_moveit/install/moveit_plugins:/home/akinsantos/ws_moveit/install/moveit_simple_controller_manager:/home/akinsantos/ws_moveit/install/moveit_setup_assistant:/home/akinsantos/ws_moveit/install/moveit_setup_srdf_plugins:/home/akinsantos/ws_moveit/install/moveit_setup_core_plugins:/home/akinsantos/ws_moveit/install/moveit_setup_controllers:/home/akinsantos/ws_moveit/install/moveit_setup_app_plugins:/home/akinsantos/ws_moveit/install/moveit_setup_framework:/home/akinsantos/ws_moveit/install/moveit_servo:/home/akinsantos/ws_moveit/install/moveit_ros:/home/akinsantos/ws_moveit/install/moveit_ros_visualization:/home/akinsantos/ws_moveit/install/moveit_hybrid_planning:/home/akinsantos/ws_moveit/install/moveit_ros_planning_interface:/home/akinsantos/ws_moveit/install/moveit_ros_benchmarks:/home/akinsantos/ws_moveit/install/moveit_ros_warehouse:/home/akinsantos/ws_moveit/install/moveit_ros_robot_interaction:/home/akinsantos/ws_moveit/install/moveit_ros_perception:/home/akinsantos/ws_moveit/install/moveit_resources_prbt_pg70_support:/home/akinsantos/ws_moveit/install/moveit_resources_prbt_moveit_config:/home/akinsantos/ws_moveit/install/moveit_ros_move_group:/home/akinsantos/ws_moveit/install/moveit_planners_ompl:/home/akinsantos/ws_moveit/install/moveit_ros_planning:/home/akinsantos/ws_moveit/install/moveit_ros_occupancy_map_monitor:/home/akinsantos/ws_moveit/install/moveit_resources_prbt_ikfast_manipulator_plugin:/home/akinsantos/ws_moveit/install/moveit_planners_chomp:/home/akinsantos/ws_moveit/install/moveit_kinematics:/home/akinsantos/ws_moveit/install/moveit_chomp_optimizer_adapter:/home/akinsantos/ws_moveit/install/chomp_motion_planner:/home/akinsantos/ws_moveit/install/moveit_core:/home/akinsantos/ws_moveit/install/srdfdom:/home/akinsantos/ws_moveit/install/rviz_marker_tools:/home/akinsantos/ws_moveit/install/rosparam_shortcuts:/home/akinsantos/ws_moveit/install/moveit_task_constructor_msgs:/home/akinsantos/ws_moveit/install/moveit_resources_prbt_support:/home/akinsantos/ws_moveit/install/moveit_resources:/home/akinsantos/ws_moveit/install/moveit_resources_pr2_description:/home/akinsantos/ws_moveit/install/moveit_resources_panda_moveit_config:/home/akinsantos/ws_moveit/install/moveit_resources_panda_description:/home/akinsantos/ws_moveit/install/moveit_resources_fanuc_moveit_config:/home/akinsantos/ws_moveit/install/moveit_resources_fanuc_description:/home/akinsantos/ws_moveit/install/moveit_common:/home/akinsantos/ws_moveit/install/moveit_configs_utils:/home/akinsantos/ws_moveit/install/launch_param_builder:/opt/ros/humble /usr/bin/cmake /home/akinsantos/minipulator_ws/src/phantomx_reactor_arm_moveit2_config -DCMAKE_INSTALL_PREFIX=/home/akinsantos/minipulator_ws/install/phantomx_reactor_arm_moveit2_config
[8.277s] DEBUG:colcon.colcon_core.event_handler.log_command:Invoking command in '/home/akinsantos/minipulator_ws/build/phantomx_reactor_arm_moveit2_config': CMAKE_PREFIX_PATH=/home/akinsantos/minipulator_ws/install/phantomx_reactor_arm_description:/home/akinsantos/minipulator_ws/install/phantomx_reactor_arm_moveit2_config:/home/akinsantos/minipulator_ws/install/movevit2_test:/home/akinsantos/minipulator_ws/install/open_manipulator_pro_gazebo:/home/akinsantos/minipulator_ws/install/dynamixel_workbench:/home/akinsantos/minipulator_ws/install/dynamixel_hardware:/home/akinsantos/minipulator_ws/install/dynamixel_workbench_toolbox:/home/akinsantos/minipulator_ws/install/dynamixel_workbench_msgs:/home/akinsantos/ws_moveit/install/pilz_industrial_motion_planner_testutils:/home/akinsantos/ws_moveit/install/moveit_runtime:/home/akinsantos/ws_moveit/install/moveit2_tutorials:/home/akinsantos/ws_moveit/install/moveit:/home/akinsantos/ws_moveit/install/moveit_planners:/home/akinsantos/ws_moveit/install/pilz_industrial_motion_planner:/home/akinsantos/ws_moveit/install/moveit_visual_tools:/home/akinsantos/ws_moveit/install/moveit_task_constructor_visualization:/home/akinsantos/ws_moveit/install/moveit_task_constructor_demo:/home/akinsantos/ws_moveit/install/moveit_task_constructor_capabilities:/home/akinsantos/ws_moveit/install/moveit_task_constructor_core:/home/akinsantos/ws_moveit/install/moveit_ros_control_interface:/home/akinsantos/ws_moveit/install/moveit_plugins:/home/akinsantos/ws_moveit/install/moveit_simple_controller_manager:/home/akinsantos/ws_moveit/install/moveit_setup_assistant:/home/akinsantos/ws_moveit/install/moveit_setup_srdf_plugins:/home/akinsantos/ws_moveit/install/moveit_setup_core_plugins:/home/akinsantos/ws_moveit/install/moveit_setup_controllers:/home/akinsantos/ws_moveit/install/moveit_setup_app_plugins:/home/akinsantos/ws_moveit/install/moveit_setup_framework:/home/akinsantos/ws_moveit/install/moveit_servo:/home/akinsantos/ws_moveit/install/moveit_ros:/home/akinsantos/ws_moveit/install/moveit_ros_visualization:/home/akinsantos/ws_moveit/install/moveit_hybrid_planning:/home/akinsantos/ws_moveit/install/moveit_ros_planning_interface:/home/akinsantos/ws_moveit/install/moveit_ros_benchmarks:/home/akinsantos/ws_moveit/install/moveit_ros_warehouse:/home/akinsantos/ws_moveit/install/moveit_ros_robot_interaction:/home/akinsantos/ws_moveit/install/moveit_ros_perception:/home/akinsantos/ws_moveit/install/moveit_resources_prbt_pg70_support:/home/akinsantos/ws_moveit/install/moveit_resources_prbt_moveit_config:/home/akinsantos/ws_moveit/install/moveit_ros_move_group:/home/akinsantos/ws_moveit/install/moveit_planners_ompl:/home/akinsantos/ws_moveit/install/moveit_ros_planning:/home/akinsantos/ws_moveit/install/moveit_ros_occupancy_map_monitor:/home/akinsantos/ws_moveit/install/moveit_resources_prbt_ikfast_manipulator_plugin:/home/akinsantos/ws_moveit/install/moveit_planners_chomp:/home/akinsantos/ws_moveit/install/moveit_kinematics:/home/akinsantos/ws_moveit/install/moveit_chomp_optimizer_adapter:/home/akinsantos/ws_moveit/install/chomp_motion_planner:/home/akinsantos/ws_moveit/install/moveit_core:/home/akinsantos/ws_moveit/install/srdfdom:/home/akinsantos/ws_moveit/install/rviz_marker_tools:/home/akinsantos/ws_moveit/install/rosparam_shortcuts:/home/akinsantos/ws_moveit/install/moveit_task_constructor_msgs:/home/akinsantos/ws_moveit/install/moveit_resources_prbt_support:/home/akinsantos/ws_moveit/install/moveit_resources:/home/akinsantos/ws_moveit/install/moveit_resources_pr2_description:/home/akinsantos/ws_moveit/install/moveit_resources_panda_moveit_config:/home/akinsantos/ws_moveit/install/moveit_resources_panda_description:/home/akinsantos/ws_moveit/install/moveit_resources_fanuc_moveit_config:/home/akinsantos/ws_moveit/install/moveit_resources_fanuc_description:/home/akinsantos/ws_moveit/install/moveit_common:/home/akinsantos/ws_moveit/install/moveit_configs_utils:/home/akinsantos/ws_moveit/install/launch_param_builder:/opt/ros/humble /usr/bin/cmake --build /home/akinsantos/minipulator_ws/build/phantomx_reactor_arm_moveit2_config -- -j8 -l8
[8.328s] DEBUG:colcon.colcon_core.event_handler.log_command:Invoked command in '/home/akinsantos/minipulator_ws/build/phantomx_reactor_arm_moveit2_config' returned '0': CMAKE_PREFIX_PATH=/home/akinsantos/minipulator_ws/install/phantomx_reactor_arm_description:/home/akinsantos/minipulator_ws/install/phantomx_reactor_arm_moveit2_config:/home/akinsantos/minipulator_ws/install/movevit2_test:/home/akinsantos/minipulator_ws/install/open_manipulator_pro_gazebo:/home/akinsantos/minipulator_ws/install/dynamixel_workbench:/home/akinsantos/minipulator_ws/install/dynamixel_hardware:/home/akinsantos/minipulator_ws/install/dynamixel_workbench_toolbox:/home/akinsantos/minipulator_ws/install/dynamixel_workbench_msgs:/home/akinsantos/ws_moveit/install/pilz_industrial_motion_planner_testutils:/home/akinsantos/ws_moveit/install/moveit_runtime:/home/akinsantos/ws_moveit/install/moveit2_tutorials:/home/akinsantos/ws_moveit/install/moveit:/home/akinsantos/ws_moveit/install/moveit_planners:/home/akinsantos/ws_moveit/install/pilz_industrial_motion_planner:/home/akinsantos/ws_moveit/install/moveit_visual_tools:/home/akinsantos/ws_moveit/install/moveit_task_constructor_visualization:/home/akinsantos/ws_moveit/install/moveit_task_constructor_demo:/home/akinsantos/ws_moveit/install/moveit_task_constructor_capabilities:/home/akinsantos/ws_moveit/install/moveit_task_constructor_core:/home/akinsantos/ws_moveit/install/moveit_ros_control_interface:/home/akinsantos/ws_moveit/install/moveit_plugins:/home/akinsantos/ws_moveit/install/moveit_simple_controller_manager:/home/akinsantos/ws_moveit/install/moveit_setup_assistant:/home/akinsantos/ws_moveit/install/moveit_setup_srdf_plugins:/home/akinsantos/ws_moveit/install/moveit_setup_core_plugins:/home/akinsantos/ws_moveit/install/moveit_setup_controllers:/home/akinsantos/ws_moveit/install/moveit_setup_app_plugins:/home/akinsantos/ws_moveit/install/moveit_setup_framework:/home/akinsantos/ws_moveit/install/moveit_servo:/home/akinsantos/ws_moveit/install/moveit_ros:/home/akinsantos/ws_moveit/install/moveit_ros_visualization:/home/akinsantos/ws_moveit/install/moveit_hybrid_planning:/home/akinsantos/ws_moveit/install/moveit_ros_planning_interface:/home/akinsantos/ws_moveit/install/moveit_ros_benchmarks:/home/akinsantos/ws_moveit/install/moveit_ros_warehouse:/home/akinsantos/ws_moveit/install/moveit_ros_robot_interaction:/home/akinsantos/ws_moveit/install/moveit_ros_perception:/home/akinsantos/ws_moveit/install/moveit_resources_prbt_pg70_support:/home/akinsantos/ws_moveit/install/moveit_resources_prbt_moveit_config:/home/akinsantos/ws_moveit/install/moveit_ros_move_group:/home/akinsantos/ws_moveit/install/moveit_planners_ompl:/home/akinsantos/ws_moveit/install/moveit_ros_planning:/home/akinsantos/ws_moveit/install/moveit_ros_occupancy_map_monitor:/home/akinsantos/ws_moveit/install/moveit_resources_prbt_ikfast_manipulator_plugin:/home/akinsantos/ws_moveit/install/moveit_planners_chomp:/home/akinsantos/ws_moveit/install/moveit_kinematics:/home/akinsantos/ws_moveit/install/moveit_chomp_optimizer_adapter:/home/akinsantos/ws_moveit/install/chomp_motion_planner:/home/akinsantos/ws_moveit/install/moveit_core:/home/akinsantos/ws_moveit/install/srdfdom:/home/akinsantos/ws_moveit/install/rviz_marker_tools:/home/akinsantos/ws_moveit/install/rosparam_shortcuts:/home/akinsantos/ws_moveit/install/moveit_task_constructor_msgs:/home/akinsantos/ws_moveit/install/moveit_resources_prbt_support:/home/akinsantos/ws_moveit/install/moveit_resources:/home/akinsantos/ws_moveit/install/moveit_resources_pr2_description:/home/akinsantos/ws_moveit/install/moveit_resources_panda_moveit_config:/home/akinsantos/ws_moveit/install/moveit_resources_panda_description:/home/akinsantos/ws_moveit/install/moveit_resources_fanuc_moveit_config:/home/akinsantos/ws_moveit/install/moveit_resources_fanuc_description:/home/akinsantos/ws_moveit/install/moveit_common:/home/akinsantos/ws_moveit/install/moveit_configs_utils:/home/akinsantos/ws_moveit/install/launch_param_builder:/opt/ros/humble /usr/bin/cmake --build /home/akinsantos/minipulator_ws/build/phantomx_reactor_arm_moveit2_config -- -j8 -l8
[8.328s] DEBUG:colcon.colcon_core.event_handler.log_command:Invoking command in '/home/akinsantos/minipulator_ws/build/phantomx_reactor_arm_moveit2_config': CMAKE_PREFIX_PATH=/home/akinsantos/minipulator_ws/install/phantomx_reactor_arm_description:/home/akinsantos/minipulator_ws/install/phantomx_reactor_arm_moveit2_config:/home/akinsantos/minipulator_ws/install/movevit2_test:/home/akinsantos/minipulator_ws/install/open_manipulator_pro_gazebo:/home/akinsantos/minipulator_ws/install/dynamixel_workbench:/home/akinsantos/minipulator_ws/install/dynamixel_hardware:/home/akinsantos/minipulator_ws/install/dynamixel_workbench_toolbox:/home/akinsantos/minipulator_ws/install/dynamixel_workbench_msgs:/home/akinsantos/ws_moveit/install/pilz_industrial_motion_planner_testutils:/home/akinsantos/ws_moveit/install/moveit_runtime:/home/akinsantos/ws_moveit/install/moveit2_tutorials:/home/akinsantos/ws_moveit/install/moveit:/home/akinsantos/ws_moveit/install/moveit_planners:/home/akinsantos/ws_moveit/install/pilz_industrial_motion_planner:/home/akinsantos/ws_moveit/install/moveit_visual_tools:/home/akinsantos/ws_moveit/install/moveit_task_constructor_visualization:/home/akinsantos/ws_moveit/install/moveit_task_constructor_demo:/home/akinsantos/ws_moveit/install/moveit_task_constructor_capabilities:/home/akinsantos/ws_moveit/install/moveit_task_constructor_core:/home/akinsantos/ws_moveit/install/moveit_ros_control_interface:/home/akinsantos/ws_moveit/install/moveit_plugins:/home/akinsantos/ws_moveit/install/moveit_simple_controller_manager:/home/akinsantos/ws_moveit/install/moveit_setup_assistant:/home/akinsantos/ws_moveit/install/moveit_setup_srdf_plugins:/home/akinsantos/ws_moveit/install/moveit_setup_core_plugins:/home/akinsantos/ws_moveit/install/moveit_setup_controllers:/home/akinsantos/ws_moveit/install/moveit_setup_app_plugins:/home/akinsantos/ws_moveit/install/moveit_setup_framework:/home/akinsantos/ws_moveit/install/moveit_servo:/home/akinsantos/ws_moveit/install/moveit_ros:/home/akinsantos/ws_moveit/install/moveit_ros_visualization:/home/akinsantos/ws_moveit/install/moveit_hybrid_planning:/home/akinsantos/ws_moveit/install/moveit_ros_planning_interface:/home/akinsantos/ws_moveit/install/moveit_ros_benchmarks:/home/akinsantos/ws_moveit/install/moveit_ros_warehouse:/home/akinsantos/ws_moveit/install/moveit_ros_robot_interaction:/home/akinsantos/ws_moveit/install/moveit_ros_perception:/home/akinsantos/ws_moveit/install/moveit_resources_prbt_pg70_support:/home/akinsantos/ws_moveit/install/moveit_resources_prbt_moveit_config:/home/akinsantos/ws_moveit/install/moveit_ros_move_group:/home/akinsantos/ws_moveit/install/moveit_planners_ompl:/home/akinsantos/ws_moveit/install/moveit_ros_planning:/home/akinsantos/ws_moveit/install/moveit_ros_occupancy_map_monitor:/home/akinsantos/ws_moveit/install/moveit_resources_prbt_ikfast_manipulator_plugin:/home/akinsantos/ws_moveit/install/moveit_planners_chomp:/home/akinsantos/ws_moveit/install/moveit_kinematics:/home/akinsantos/ws_moveit/install/moveit_chomp_optimizer_adapter:/home/akinsantos/ws_moveit/install/chomp_motion_planner:/home/akinsantos/ws_moveit/install/moveit_core:/home/akinsantos/ws_moveit/install/srdfdom:/home/akinsantos/ws_moveit/install/rviz_marker_tools:/home/akinsantos/ws_moveit/install/rosparam_shortcuts:/home/akinsantos/ws_moveit/install/moveit_task_constructor_msgs:/home/akinsantos/ws_moveit/install/moveit_resources_prbt_support:/home/akinsantos/ws_moveit/install/moveit_resources:/home/akinsantos/ws_moveit/install/moveit_resources_pr2_description:/home/akinsantos/ws_moveit/install/moveit_resources_panda_moveit_config:/home/akinsantos/ws_moveit/install/moveit_resources_panda_description:/home/akinsantos/ws_moveit/install/moveit_resources_fanuc_moveit_config:/home/akinsantos/ws_moveit/install/moveit_resources_fanuc_description:/home/akinsantos/ws_moveit/install/moveit_common:/home/akinsantos/ws_moveit/install/moveit_configs_utils:/home/akinsantos/ws_moveit/install/launch_param_builder:/opt/ros/humble /usr/bin/cmake --install /home/akinsantos/minipulator_ws/build/phantomx_reactor_arm_moveit2_config
[8.347s] Level 1:colcon.colcon_core.environment:create_environment_scripts_only(phantomx_reactor_arm_moveit2_config)
[8.347s] Level 1:colcon.colcon_core.environment:checking '/home/akinsantos/minipulator_ws/install/phantomx_reactor_arm_moveit2_config' for CMake module files
[8.347s] Level 1:colcon.colcon_core.environment:checking '/home/akinsantos/minipulator_ws/install/phantomx_reactor_arm_moveit2_config' for CMake config files
[8.348s] Level 1:colcon.colcon_core.shell:create_environment_hook('phantomx_reactor_arm_moveit2_config', 'cmake_prefix_path')
[8.348s] INFO:colcon.colcon_core.shell:Creating environment hook '/home/akinsantos/minipulator_ws/install/phantomx_reactor_arm_moveit2_config/share/phantomx_reactor_arm_moveit2_config/hook/cmake_prefix_path.ps1'
[8.348s] INFO:colcon.colcon_core.shell:Creating environment descriptor '/home/akinsantos/minipulator_ws/install/phantomx_reactor_arm_moveit2_config/share/phantomx_reactor_arm_moveit2_config/hook/cmake_prefix_path.dsv'
[8.348s] INFO:colcon.colcon_core.shell:Creating environment hook '/home/akinsantos/minipulator_ws/install/phantomx_reactor_arm_moveit2_config/share/phantomx_reactor_arm_moveit2_config/hook/cmake_prefix_path.sh'
[8.349s] Level 1:colcon.colcon_core.environment:checking '/home/akinsantos/minipulator_ws/install/phantomx_reactor_arm_moveit2_config/bin'
[8.349s] Level 1:colcon.colcon_core.environment:checking '/home/akinsantos/minipulator_ws/install/phantomx_reactor_arm_moveit2_config/lib/pkgconfig/phantomx_reactor_arm_moveit2_config.pc'
[8.349s] Level 1:colcon.colcon_core.environment:checking '/home/akinsantos/minipulator_ws/install/phantomx_reactor_arm_moveit2_config/lib/python3.10/site-packages'
[8.349s] Level 1:colcon.colcon_core.environment:checking '/home/akinsantos/minipulator_ws/install/phantomx_reactor_arm_moveit2_config/bin'
[8.349s] INFO:colcon.colcon_core.shell:Creating package script '/home/akinsantos/minipulator_ws/install/phantomx_reactor_arm_moveit2_config/share/phantomx_reactor_arm_moveit2_config/package.ps1'
[8.350s] INFO:colcon.colcon_core.shell:Creating package descriptor '/home/akinsantos/minipulator_ws/install/phantomx_reactor_arm_moveit2_config/share/phantomx_reactor_arm_moveit2_config/package.dsv'
[8.350s] INFO:colcon.colcon_core.shell:Creating package script '/home/akinsantos/minipulator_ws/install/phantomx_reactor_arm_moveit2_config/share/phantomx_reactor_arm_moveit2_config/package.sh'
[8.350s] DEBUG:colcon.colcon_core.event_handler.log_command:Invoked command in '/home/akinsantos/minipulator_ws/build/phantomx_reactor_arm_moveit2_config' returned '0': CMAKE_PREFIX_PATH=/home/akinsantos/minipulator_ws/install/phantomx_reactor_arm_description:/home/akinsantos/minipulator_ws/install/phantomx_reactor_arm_moveit2_config:/home/akinsantos/minipulator_ws/install/movevit2_test:/home/akinsantos/minipulator_ws/install/open_manipulator_pro_gazebo:/home/akinsantos/minipulator_ws/install/dynamixel_workbench:/home/akinsantos/minipulator_ws/install/dynamixel_hardware:/home/akinsantos/minipulator_ws/install/dynamixel_workbench_toolbox:/home/akinsantos/minipulator_ws/install/dynamixel_workbench_msgs:/home/akinsantos/ws_moveit/install/pilz_industrial_motion_planner_testutils:/home/akinsantos/ws_moveit/install/moveit_runtime:/home/akinsantos/ws_moveit/install/moveit2_tutorials:/home/akinsantos/ws_moveit/install/moveit:/home/akinsantos/ws_moveit/install/moveit_planners:/home/akinsantos/ws_moveit/install/pilz_industrial_motion_planner:/home/akinsantos/ws_moveit/install/moveit_visual_tools:/home/akinsantos/ws_moveit/install/moveit_task_constructor_visualization:/home/akinsantos/ws_moveit/install/moveit_task_constructor_demo:/home/akinsantos/ws_moveit/install/moveit_task_constructor_capabilities:/home/akinsantos/ws_moveit/install/moveit_task_constructor_core:/home/akinsantos/ws_moveit/install/moveit_ros_control_interface:/home/akinsantos/ws_moveit/install/moveit_plugins:/home/akinsantos/ws_moveit/install/moveit_simple_controller_manager:/home/akinsantos/ws_moveit/install/moveit_setup_assistant:/home/akinsantos/ws_moveit/install/moveit_setup_srdf_plugins:/home/akinsantos/ws_moveit/install/moveit_setup_core_plugins:/home/akinsantos/ws_moveit/install/moveit_setup_controllers:/home/akinsantos/ws_moveit/install/moveit_setup_app_plugins:/home/akinsantos/ws_moveit/install/moveit_setup_framework:/home/akinsantos/ws_moveit/install/moveit_servo:/home/akinsantos/ws_moveit/install/moveit_ros:/home/akinsantos/ws_moveit/install/moveit_ros_visualization:/home/akinsantos/ws_moveit/install/moveit_hybrid_planning:/home/akinsantos/ws_moveit/install/moveit_ros_planning_interface:/home/akinsantos/ws_moveit/install/moveit_ros_benchmarks:/home/akinsantos/ws_moveit/install/moveit_ros_warehouse:/home/akinsantos/ws_moveit/install/moveit_ros_robot_interaction:/home/akinsantos/ws_moveit/install/moveit_ros_perception:/home/akinsantos/ws_moveit/install/moveit_resources_prbt_pg70_support:/home/akinsantos/ws_moveit/install/moveit_resources_prbt_moveit_config:/home/akinsantos/ws_moveit/install/moveit_ros_move_group:/home/akinsantos/ws_moveit/install/moveit_planners_ompl:/home/akinsantos/ws_moveit/install/moveit_ros_planning:/home/akinsantos/ws_moveit/install/moveit_ros_occupancy_map_monitor:/home/akinsantos/ws_moveit/install/moveit_resources_prbt_ikfast_manipulator_plugin:/home/akinsantos/ws_moveit/install/moveit_planners_chomp:/home/akinsantos/ws_moveit/install/moveit_kinematics:/home/akinsantos/ws_moveit/install/moveit_chomp_optimizer_adapter:/home/akinsantos/ws_moveit/install/chomp_motion_planner:/home/akinsantos/ws_moveit/install/moveit_core:/home/akinsantos/ws_moveit/install/srdfdom:/home/akinsantos/ws_moveit/install/rviz_marker_tools:/home/akinsantos/ws_moveit/install/rosparam_shortcuts:/home/akinsantos/ws_moveit/install/moveit_task_constructor_msgs:/home/akinsantos/ws_moveit/install/moveit_resources_prbt_support:/home/akinsantos/ws_moveit/install/moveit_resources:/home/akinsantos/ws_moveit/install/moveit_resources_pr2_description:/home/akinsantos/ws_moveit/install/moveit_resources_panda_moveit_config:/home/akinsantos/ws_moveit/install/moveit_resources_panda_description:/home/akinsantos/ws_moveit/install/moveit_resources_fanuc_moveit_config:/home/akinsantos/ws_moveit/install/moveit_resources_fanuc_description:/home/akinsantos/ws_moveit/install/moveit_common:/home/akinsantos/ws_moveit/install/moveit_configs_utils:/home/akinsantos/ws_moveit/install/launch_param_builder:/opt/ros/humble /usr/bin/cmake --install /home/akinsantos/minipulator_ws/build/phantomx_reactor_arm_moveit2_config
[8.351s] INFO:colcon.colcon_core.shell:Creating package script '/home/akinsantos/minipulator_ws/install/phantomx_reactor_arm_moveit2_config/share/phantomx_reactor_arm_moveit2_config/package.bash'
[8.351s] INFO:colcon.colcon_core.shell:Creating package script '/home/akinsantos/minipulator_ws/install/phantomx_reactor_arm_moveit2_config/share/phantomx_reactor_arm_moveit2_config/package.zsh'
[8.351s] Level 1:colcon.colcon_core.environment:create_file_with_runtime_dependencies(/home/akinsantos/minipulator_ws/install/phantomx_reactor_arm_moveit2_config/share/colcon-core/packages/phantomx_reactor_arm_moveit2_config)
[8.352s] Level 1:colcon.colcon_core.environment:create_environment_scripts_only(phantomx_reactor_arm_moveit2_config)
[8.352s] Level 1:colcon.colcon_core.environment:checking '/home/akinsantos/minipulator_ws/install/phantomx_reactor_arm_moveit2_config' for CMake module files
[8.352s] Level 1:colcon.colcon_core.environment:checking '/home/akinsantos/minipulator_ws/install/phantomx_reactor_arm_moveit2_config' for CMake config files
[8.352s] Level 1:colcon.colcon_core.shell:create_environment_hook('phantomx_reactor_arm_moveit2_config', 'cmake_prefix_path')
[8.352s] INFO:colcon.colcon_core.shell:Creating environment hook '/home/akinsantos/minipulator_ws/install/phantomx_reactor_arm_moveit2_config/share/phantomx_reactor_arm_moveit2_config/hook/cmake_prefix_path.ps1'
[8.353s] INFO:colcon.colcon_core.shell:Creating environment descriptor '/home/akinsantos/minipulator_ws/install/phantomx_reactor_arm_moveit2_config/share/phantomx_reactor_arm_moveit2_config/hook/cmake_prefix_path.dsv'
[8.353s] INFO:colcon.colcon_core.shell:Creating environment hook '/home/akinsantos/minipulator_ws/install/phantomx_reactor_arm_moveit2_config/share/phantomx_reactor_arm_moveit2_config/hook/cmake_prefix_path.sh'
[8.353s] Level 1:colcon.colcon_core.environment:checking '/home/akinsantos/minipulator_ws/install/phantomx_reactor_arm_moveit2_config/bin'
[8.354s] Level 1:colcon.colcon_core.environment:checking '/home/akinsantos/minipulator_ws/install/phantomx_reactor_arm_moveit2_config/lib/pkgconfig/phantomx_reactor_arm_moveit2_config.pc'
[8.354s] Level 1:colcon.colcon_core.environment:checking '/home/akinsantos/minipulator_ws/install/phantomx_reactor_arm_moveit2_config/lib/python3.10/site-packages'
[8.354s] Level 1:colcon.colcon_core.environment:checking '/home/akinsantos/minipulator_ws/install/phantomx_reactor_arm_moveit2_config/bin'
[8.354s] INFO:colcon.colcon_core.shell:Creating package script '/home/akinsantos/minipulator_ws/install/phantomx_reactor_arm_moveit2_config/share/phantomx_reactor_arm_moveit2_config/package.ps1'
[8.355s] INFO:colcon.colcon_core.shell:Creating package descriptor '/home/akinsantos/minipulator_ws/install/phantomx_reactor_arm_moveit2_config/share/phantomx_reactor_arm_moveit2_config/package.dsv'
[8.355s] INFO:colcon.colcon_core.shell:Creating package script '/home/akinsantos/minipulator_ws/install/phantomx_reactor_arm_moveit2_config/share/phantomx_reactor_arm_moveit2_config/package.sh'
[8.355s] INFO:colcon.colcon_core.shell:Creating package script '/home/akinsantos/minipulator_ws/install/phantomx_reactor_arm_moveit2_config/share/phantomx_reactor_arm_moveit2_config/package.bash'
[8.356s] INFO:colcon.colcon_core.shell:Creating package script '/home/akinsantos/minipulator_ws/install/phantomx_reactor_arm_moveit2_config/share/phantomx_reactor_arm_moveit2_config/package.zsh'
[8.356s] Level 1:colcon.colcon_core.environment:create_file_with_runtime_dependencies(/home/akinsantos/minipulator_ws/install/phantomx_reactor_arm_moveit2_config/share/colcon-core/packages/phantomx_reactor_arm_moveit2_config)
[8.393s] DEBUG:colcon.colcon_core.event_handler.log_command:Invoked command in '/home/akinsantos/minipulator_ws/build/movevit2_test' returned '0': CMAKE_PREFIX_PATH=/home/akinsantos/minipulator_ws/install/phantomx_reactor_arm_description:/home/akinsantos/minipulator_ws/install/phantomx_reactor_arm_moveit2_config:/home/akinsantos/minipulator_ws/install/movevit2_test:/home/akinsantos/minipulator_ws/install/open_manipulator_pro_gazebo:/home/akinsantos/minipulator_ws/install/dynamixel_workbench:/home/akinsantos/minipulator_ws/install/dynamixel_hardware:/home/akinsantos/minipulator_ws/install/dynamixel_workbench_toolbox:/home/akinsantos/minipulator_ws/install/dynamixel_workbench_msgs:/home/akinsantos/ws_moveit/install/pilz_industrial_motion_planner_testutils:/home/akinsantos/ws_moveit/install/moveit_runtime:/home/akinsantos/ws_moveit/install/moveit2_tutorials:/home/akinsantos/ws_moveit/install/moveit:/home/akinsantos/ws_moveit/install/moveit_planners:/home/akinsantos/ws_moveit/install/pilz_industrial_motion_planner:/home/akinsantos/ws_moveit/install/moveit_visual_tools:/home/akinsantos/ws_moveit/install/moveit_task_constructor_visualization:/home/akinsantos/ws_moveit/install/moveit_task_constructor_demo:/home/akinsantos/ws_moveit/install/moveit_task_constructor_capabilities:/home/akinsantos/ws_moveit/install/moveit_task_constructor_core:/home/akinsantos/ws_moveit/install/moveit_ros_control_interface:/home/akinsantos/ws_moveit/install/moveit_plugins:/home/akinsantos/ws_moveit/install/moveit_simple_controller_manager:/home/akinsantos/ws_moveit/install/moveit_setup_assistant:/home/akinsantos/ws_moveit/install/moveit_setup_srdf_plugins:/home/akinsantos/ws_moveit/install/moveit_setup_core_plugins:/home/akinsantos/ws_moveit/install/moveit_setup_controllers:/home/akinsantos/ws_moveit/install/moveit_setup_app_plugins:/home/akinsantos/ws_moveit/install/moveit_setup_framework:/home/akinsantos/ws_moveit/install/moveit_servo:/home/akinsantos/ws_moveit/install/moveit_ros:/home/akinsantos/ws_moveit/install/moveit_ros_visualization:/home/akinsantos/ws_moveit/install/moveit_hybrid_planning:/home/akinsantos/ws_moveit/install/moveit_ros_planning_interface:/home/akinsantos/ws_moveit/install/moveit_ros_benchmarks:/home/akinsantos/ws_moveit/install/moveit_ros_warehouse:/home/akinsantos/ws_moveit/install/moveit_ros_robot_interaction:/home/akinsantos/ws_moveit/install/moveit_ros_perception:/home/akinsantos/ws_moveit/install/moveit_resources_prbt_pg70_support:/home/akinsantos/ws_moveit/install/moveit_resources_prbt_moveit_config:/home/akinsantos/ws_moveit/install/moveit_ros_move_group:/home/akinsantos/ws_moveit/install/moveit_planners_ompl:/home/akinsantos/ws_moveit/install/moveit_ros_planning:/home/akinsantos/ws_moveit/install/moveit_ros_occupancy_map_monitor:/home/akinsantos/ws_moveit/install/moveit_resources_prbt_ikfast_manipulator_plugin:/home/akinsantos/ws_moveit/install/moveit_planners_chomp:/home/akinsantos/ws_moveit/install/moveit_kinematics:/home/akinsantos/ws_moveit/install/moveit_chomp_optimizer_adapter:/home/akinsantos/ws_moveit/install/chomp_motion_planner:/home/akinsantos/ws_moveit/install/moveit_core:/home/akinsantos/ws_moveit/install/srdfdom:/home/akinsantos/ws_moveit/install/rviz_marker_tools:/home/akinsantos/ws_moveit/install/rosparam_shortcuts:/home/akinsantos/ws_moveit/install/moveit_task_constructor_msgs:/home/akinsantos/ws_moveit/install/moveit_resources_prbt_support:/home/akinsantos/ws_moveit/install/moveit_resources:/home/akinsantos/ws_moveit/install/moveit_resources_pr2_description:/home/akinsantos/ws_moveit/install/moveit_resources_panda_moveit_config:/home/akinsantos/ws_moveit/install/moveit_resources_panda_description:/home/akinsantos/ws_moveit/install/moveit_resources_fanuc_moveit_config:/home/akinsantos/ws_moveit/install/moveit_resources_fanuc_description:/home/akinsantos/ws_moveit/install/moveit_common:/home/akinsantos/ws_moveit/install/moveit_configs_utils:/home/akinsantos/ws_moveit/install/launch_param_builder:/opt/ros/humble /usr/bin/cmake /home/akinsantos/minipulator_ws/src/movevit2_test -DCMAKE_INSTALL_PREFIX=/home/akinsantos/minipulator_ws/install/movevit2_test
[8.396s] DEBUG:colcon.colcon_core.event_handler.log_command:Invoking command in '/home/akinsantos/minipulator_ws/build/movevit2_test': CMAKE_PREFIX_PATH=/home/akinsantos/minipulator_ws/install/phantomx_reactor_arm_description:/home/akinsantos/minipulator_ws/install/phantomx_reactor_arm_moveit2_config:/home/akinsantos/minipulator_ws/install/movevit2_test:/home/akinsantos/minipulator_ws/install/open_manipulator_pro_gazebo:/home/akinsantos/minipulator_ws/install/dynamixel_workbench:/home/akinsantos/minipulator_ws/install/dynamixel_hardware:/home/akinsantos/minipulator_ws/install/dynamixel_workbench_toolbox:/home/akinsantos/minipulator_ws/install/dynamixel_workbench_msgs:/home/akinsantos/ws_moveit/install/pilz_industrial_motion_planner_testutils:/home/akinsantos/ws_moveit/install/moveit_runtime:/home/akinsantos/ws_moveit/install/moveit2_tutorials:/home/akinsantos/ws_moveit/install/moveit:/home/akinsantos/ws_moveit/install/moveit_planners:/home/akinsantos/ws_moveit/install/pilz_industrial_motion_planner:/home/akinsantos/ws_moveit/install/moveit_visual_tools:/home/akinsantos/ws_moveit/install/moveit_task_constructor_visualization:/home/akinsantos/ws_moveit/install/moveit_task_constructor_demo:/home/akinsantos/ws_moveit/install/moveit_task_constructor_capabilities:/home/akinsantos/ws_moveit/install/moveit_task_constructor_core:/home/akinsantos/ws_moveit/install/moveit_ros_control_interface:/home/akinsantos/ws_moveit/install/moveit_plugins:/home/akinsantos/ws_moveit/install/moveit_simple_controller_manager:/home/akinsantos/ws_moveit/install/moveit_setup_assistant:/home/akinsantos/ws_moveit/install/moveit_setup_srdf_plugins:/home/akinsantos/ws_moveit/install/moveit_setup_core_plugins:/home/akinsantos/ws_moveit/install/moveit_setup_controllers:/home/akinsantos/ws_moveit/install/moveit_setup_app_plugins:/home/akinsantos/ws_moveit/install/moveit_setup_framework:/home/akinsantos/ws_moveit/install/moveit_servo:/home/akinsantos/ws_moveit/install/moveit_ros:/home/akinsantos/ws_moveit/install/moveit_ros_visualization:/home/akinsantos/ws_moveit/install/moveit_hybrid_planning:/home/akinsantos/ws_moveit/install/moveit_ros_planning_interface:/home/akinsantos/ws_moveit/install/moveit_ros_benchmarks:/home/akinsantos/ws_moveit/install/moveit_ros_warehouse:/home/akinsantos/ws_moveit/install/moveit_ros_robot_interaction:/home/akinsantos/ws_moveit/install/moveit_ros_perception:/home/akinsantos/ws_moveit/install/moveit_resources_prbt_pg70_support:/home/akinsantos/ws_moveit/install/moveit_resources_prbt_moveit_config:/home/akinsantos/ws_moveit/install/moveit_ros_move_group:/home/akinsantos/ws_moveit/install/moveit_planners_ompl:/home/akinsantos/ws_moveit/install/moveit_ros_planning:/home/akinsantos/ws_moveit/install/moveit_ros_occupancy_map_monitor:/home/akinsantos/ws_moveit/install/moveit_resources_prbt_ikfast_manipulator_plugin:/home/akinsantos/ws_moveit/install/moveit_planners_chomp:/home/akinsantos/ws_moveit/install/moveit_kinematics:/home/akinsantos/ws_moveit/install/moveit_chomp_optimizer_adapter:/home/akinsantos/ws_moveit/install/chomp_motion_planner:/home/akinsantos/ws_moveit/install/moveit_core:/home/akinsantos/ws_moveit/install/srdfdom:/home/akinsantos/ws_moveit/install/rviz_marker_tools:/home/akinsantos/ws_moveit/install/rosparam_shortcuts:/home/akinsantos/ws_moveit/install/moveit_task_constructor_msgs:/home/akinsantos/ws_moveit/install/moveit_resources_prbt_support:/home/akinsantos/ws_moveit/install/moveit_resources:/home/akinsantos/ws_moveit/install/moveit_resources_pr2_description:/home/akinsantos/ws_moveit/install/moveit_resources_panda_moveit_config:/home/akinsantos/ws_moveit/install/moveit_resources_panda_description:/home/akinsantos/ws_moveit/install/moveit_resources_fanuc_moveit_config:/home/akinsantos/ws_moveit/install/moveit_resources_fanuc_description:/home/akinsantos/ws_moveit/install/moveit_common:/home/akinsantos/ws_moveit/install/moveit_configs_utils:/home/akinsantos/ws_moveit/install/launch_param_builder:/opt/ros/humble /usr/bin/cmake --build /home/akinsantos/minipulator_ws/build/movevit2_test -- -j8 -l8
[8.469s] DEBUG:colcon.colcon_core.event_handler.log_command:Invoked command in '/home/akinsantos/minipulator_ws/build/movevit2_test' returned '0': CMAKE_PREFIX_PATH=/home/akinsantos/minipulator_ws/install/phantomx_reactor_arm_description:/home/akinsantos/minipulator_ws/install/phantomx_reactor_arm_moveit2_config:/home/akinsantos/minipulator_ws/install/movevit2_test:/home/akinsantos/minipulator_ws/install/open_manipulator_pro_gazebo:/home/akinsantos/minipulator_ws/install/dynamixel_workbench:/home/akinsantos/minipulator_ws/install/dynamixel_hardware:/home/akinsantos/minipulator_ws/install/dynamixel_workbench_toolbox:/home/akinsantos/minipulator_ws/install/dynamixel_workbench_msgs:/home/akinsantos/ws_moveit/install/pilz_industrial_motion_planner_testutils:/home/akinsantos/ws_moveit/install/moveit_runtime:/home/akinsantos/ws_moveit/install/moveit2_tutorials:/home/akinsantos/ws_moveit/install/moveit:/home/akinsantos/ws_moveit/install/moveit_planners:/home/akinsantos/ws_moveit/install/pilz_industrial_motion_planner:/home/akinsantos/ws_moveit/install/moveit_visual_tools:/home/akinsantos/ws_moveit/install/moveit_task_constructor_visualization:/home/akinsantos/ws_moveit/install/moveit_task_constructor_demo:/home/akinsantos/ws_moveit/install/moveit_task_constructor_capabilities:/home/akinsantos/ws_moveit/install/moveit_task_constructor_core:/home/akinsantos/ws_moveit/install/moveit_ros_control_interface:/home/akinsantos/ws_moveit/install/moveit_plugins:/home/akinsantos/ws_moveit/install/moveit_simple_controller_manager:/home/akinsantos/ws_moveit/install/moveit_setup_assistant:/home/akinsantos/ws_moveit/install/moveit_setup_srdf_plugins:/home/akinsantos/ws_moveit/install/moveit_setup_core_plugins:/home/akinsantos/ws_moveit/install/moveit_setup_controllers:/home/akinsantos/ws_moveit/install/moveit_setup_app_plugins:/home/akinsantos/ws_moveit/install/moveit_setup_framework:/home/akinsantos/ws_moveit/install/moveit_servo:/home/akinsantos/ws_moveit/install/moveit_ros:/home/akinsantos/ws_moveit/install/moveit_ros_visualization:/home/akinsantos/ws_moveit/install/moveit_hybrid_planning:/home/akinsantos/ws_moveit/install/moveit_ros_planning_interface:/home/akinsantos/ws_moveit/install/moveit_ros_benchmarks:/home/akinsantos/ws_moveit/install/moveit_ros_warehouse:/home/akinsantos/ws_moveit/install/moveit_ros_robot_interaction:/home/akinsantos/ws_moveit/install/moveit_ros_perception:/home/akinsantos/ws_moveit/install/moveit_resources_prbt_pg70_support:/home/akinsantos/ws_moveit/install/moveit_resources_prbt_moveit_config:/home/akinsantos/ws_moveit/install/moveit_ros_move_group:/home/akinsantos/ws_moveit/install/moveit_planners_ompl:/home/akinsantos/ws_moveit/install/moveit_ros_planning:/home/akinsantos/ws_moveit/install/moveit_ros_occupancy_map_monitor:/home/akinsantos/ws_moveit/install/moveit_resources_prbt_ikfast_manipulator_plugin:/home/akinsantos/ws_moveit/install/moveit_planners_chomp:/home/akinsantos/ws_moveit/install/moveit_kinematics:/home/akinsantos/ws_moveit/install/moveit_chomp_optimizer_adapter:/home/akinsantos/ws_moveit/install/chomp_motion_planner:/home/akinsantos/ws_moveit/install/moveit_core:/home/akinsantos/ws_moveit/install/srdfdom:/home/akinsantos/ws_moveit/install/rviz_marker_tools:/home/akinsantos/ws_moveit/install/rosparam_shortcuts:/home/akinsantos/ws_moveit/install/moveit_task_constructor_msgs:/home/akinsantos/ws_moveit/install/moveit_resources_prbt_support:/home/akinsantos/ws_moveit/install/moveit_resources:/home/akinsantos/ws_moveit/install/moveit_resources_pr2_description:/home/akinsantos/ws_moveit/install/moveit_resources_panda_moveit_config:/home/akinsantos/ws_moveit/install/moveit_resources_panda_description:/home/akinsantos/ws_moveit/install/moveit_resources_fanuc_moveit_config:/home/akinsantos/ws_moveit/install/moveit_resources_fanuc_description:/home/akinsantos/ws_moveit/install/moveit_common:/home/akinsantos/ws_moveit/install/moveit_configs_utils:/home/akinsantos/ws_moveit/install/launch_param_builder:/opt/ros/humble /usr/bin/cmake --build /home/akinsantos/minipulator_ws/build/movevit2_test -- -j8 -l8
[8.469s] DEBUG:colcon.colcon_core.event_handler.log_command:Invoking command in '/home/akinsantos/minipulator_ws/build/movevit2_test': CMAKE_PREFIX_PATH=/home/akinsantos/minipulator_ws/install/phantomx_reactor_arm_description:/home/akinsantos/minipulator_ws/install/phantomx_reactor_arm_moveit2_config:/home/akinsantos/minipulator_ws/install/movevit2_test:/home/akinsantos/minipulator_ws/install/open_manipulator_pro_gazebo:/home/akinsantos/minipulator_ws/install/dynamixel_workbench:/home/akinsantos/minipulator_ws/install/dynamixel_hardware:/home/akinsantos/minipulator_ws/install/dynamixel_workbench_toolbox:/home/akinsantos/minipulator_ws/install/dynamixel_workbench_msgs:/home/akinsantos/ws_moveit/install/pilz_industrial_motion_planner_testutils:/home/akinsantos/ws_moveit/install/moveit_runtime:/home/akinsantos/ws_moveit/install/moveit2_tutorials:/home/akinsantos/ws_moveit/install/moveit:/home/akinsantos/ws_moveit/install/moveit_planners:/home/akinsantos/ws_moveit/install/pilz_industrial_motion_planner:/home/akinsantos/ws_moveit/install/moveit_visual_tools:/home/akinsantos/ws_moveit/install/moveit_task_constructor_visualization:/home/akinsantos/ws_moveit/install/moveit_task_constructor_demo:/home/akinsantos/ws_moveit/install/moveit_task_constructor_capabilities:/home/akinsantos/ws_moveit/install/moveit_task_constructor_core:/home/akinsantos/ws_moveit/install/moveit_ros_control_interface:/home/akinsantos/ws_moveit/install/moveit_plugins:/home/akinsantos/ws_moveit/install/moveit_simple_controller_manager:/home/akinsantos/ws_moveit/install/moveit_setup_assistant:/home/akinsantos/ws_moveit/install/moveit_setup_srdf_plugins:/home/akinsantos/ws_moveit/install/moveit_setup_core_plugins:/home/akinsantos/ws_moveit/install/moveit_setup_controllers:/home/akinsantos/ws_moveit/install/moveit_setup_app_plugins:/home/akinsantos/ws_moveit/install/moveit_setup_framework:/home/akinsantos/ws_moveit/install/moveit_servo:/home/akinsantos/ws_moveit/install/moveit_ros:/home/akinsantos/ws_moveit/install/moveit_ros_visualization:/home/akinsantos/ws_moveit/install/moveit_hybrid_planning:/home/akinsantos/ws_moveit/install/moveit_ros_planning_interface:/home/akinsantos/ws_moveit/install/moveit_ros_benchmarks:/home/akinsantos/ws_moveit/install/moveit_ros_warehouse:/home/akinsantos/ws_moveit/install/moveit_ros_robot_interaction:/home/akinsantos/ws_moveit/install/moveit_ros_perception:/home/akinsantos/ws_moveit/install/moveit_resources_prbt_pg70_support:/home/akinsantos/ws_moveit/install/moveit_resources_prbt_moveit_config:/home/akinsantos/ws_moveit/install/moveit_ros_move_group:/home/akinsantos/ws_moveit/install/moveit_planners_ompl:/home/akinsantos/ws_moveit/install/moveit_ros_planning:/home/akinsantos/ws_moveit/install/moveit_ros_occupancy_map_monitor:/home/akinsantos/ws_moveit/install/moveit_resources_prbt_ikfast_manipulator_plugin:/home/akinsantos/ws_moveit/install/moveit_planners_chomp:/home/akinsantos/ws_moveit/install/moveit_kinematics:/home/akinsantos/ws_moveit/install/moveit_chomp_optimizer_adapter:/home/akinsantos/ws_moveit/install/chomp_motion_planner:/home/akinsantos/ws_moveit/install/moveit_core:/home/akinsantos/ws_moveit/install/srdfdom:/home/akinsantos/ws_moveit/install/rviz_marker_tools:/home/akinsantos/ws_moveit/install/rosparam_shortcuts:/home/akinsantos/ws_moveit/install/moveit_task_constructor_msgs:/home/akinsantos/ws_moveit/install/moveit_resources_prbt_support:/home/akinsantos/ws_moveit/install/moveit_resources:/home/akinsantos/ws_moveit/install/moveit_resources_pr2_description:/home/akinsantos/ws_moveit/install/moveit_resources_panda_moveit_config:/home/akinsantos/ws_moveit/install/moveit_resources_panda_description:/home/akinsantos/ws_moveit/install/moveit_resources_fanuc_moveit_config:/home/akinsantos/ws_moveit/install/moveit_resources_fanuc_description:/home/akinsantos/ws_moveit/install/moveit_common:/home/akinsantos/ws_moveit/install/moveit_configs_utils:/home/akinsantos/ws_moveit/install/launch_param_builder:/opt/ros/humble /usr/bin/cmake --install /home/akinsantos/minipulator_ws/build/movevit2_test
[8.501s] Level 1:colcon.colcon_core.environment:create_environment_scripts_only(movevit2_test)
[8.501s] DEBUG:colcon.colcon_core.event_handler.log_command:Invoked command in '/home/akinsantos/minipulator_ws/build/movevit2_test' returned '0': CMAKE_PREFIX_PATH=/home/akinsantos/minipulator_ws/install/phantomx_reactor_arm_description:/home/akinsantos/minipulator_ws/install/phantomx_reactor_arm_moveit2_config:/home/akinsantos/minipulator_ws/install/movevit2_test:/home/akinsantos/minipulator_ws/install/open_manipulator_pro_gazebo:/home/akinsantos/minipulator_ws/install/dynamixel_workbench:/home/akinsantos/minipulator_ws/install/dynamixel_hardware:/home/akinsantos/minipulator_ws/install/dynamixel_workbench_toolbox:/home/akinsantos/minipulator_ws/install/dynamixel_workbench_msgs:/home/akinsantos/ws_moveit/install/pilz_industrial_motion_planner_testutils:/home/akinsantos/ws_moveit/install/moveit_runtime:/home/akinsantos/ws_moveit/install/moveit2_tutorials:/home/akinsantos/ws_moveit/install/moveit:/home/akinsantos/ws_moveit/install/moveit_planners:/home/akinsantos/ws_moveit/install/pilz_industrial_motion_planner:/home/akinsantos/ws_moveit/install/moveit_visual_tools:/home/akinsantos/ws_moveit/install/moveit_task_constructor_visualization:/home/akinsantos/ws_moveit/install/moveit_task_constructor_demo:/home/akinsantos/ws_moveit/install/moveit_task_constructor_capabilities:/home/akinsantos/ws_moveit/install/moveit_task_constructor_core:/home/akinsantos/ws_moveit/install/moveit_ros_control_interface:/home/akinsantos/ws_moveit/install/moveit_plugins:/home/akinsantos/ws_moveit/install/moveit_simple_controller_manager:/home/akinsantos/ws_moveit/install/moveit_setup_assistant:/home/akinsantos/ws_moveit/install/moveit_setup_srdf_plugins:/home/akinsantos/ws_moveit/install/moveit_setup_core_plugins:/home/akinsantos/ws_moveit/install/moveit_setup_controllers:/home/akinsantos/ws_moveit/install/moveit_setup_app_plugins:/home/akinsantos/ws_moveit/install/moveit_setup_framework:/home/akinsantos/ws_moveit/install/moveit_servo:/home/akinsantos/ws_moveit/install/moveit_ros:/home/akinsantos/ws_moveit/install/moveit_ros_visualization:/home/akinsantos/ws_moveit/install/moveit_hybrid_planning:/home/akinsantos/ws_moveit/install/moveit_ros_planning_interface:/home/akinsantos/ws_moveit/install/moveit_ros_benchmarks:/home/akinsantos/ws_moveit/install/moveit_ros_warehouse:/home/akinsantos/ws_moveit/install/moveit_ros_robot_interaction:/home/akinsantos/ws_moveit/install/moveit_ros_perception:/home/akinsantos/ws_moveit/install/moveit_resources_prbt_pg70_support:/home/akinsantos/ws_moveit/install/moveit_resources_prbt_moveit_config:/home/akinsantos/ws_moveit/install/moveit_ros_move_group:/home/akinsantos/ws_moveit/install/moveit_planners_ompl:/home/akinsantos/ws_moveit/install/moveit_ros_planning:/home/akinsantos/ws_moveit/install/moveit_ros_occupancy_map_monitor:/home/akinsantos/ws_moveit/install/moveit_resources_prbt_ikfast_manipulator_plugin:/home/akinsantos/ws_moveit/install/moveit_planners_chomp:/home/akinsantos/ws_moveit/install/moveit_kinematics:/home/akinsantos/ws_moveit/install/moveit_chomp_optimizer_adapter:/home/akinsantos/ws_moveit/install/chomp_motion_planner:/home/akinsantos/ws_moveit/install/moveit_core:/home/akinsantos/ws_moveit/install/srdfdom:/home/akinsantos/ws_moveit/install/rviz_marker_tools:/home/akinsantos/ws_moveit/install/rosparam_shortcuts:/home/akinsantos/ws_moveit/install/moveit_task_constructor_msgs:/home/akinsantos/ws_moveit/install/moveit_resources_prbt_support:/home/akinsantos/ws_moveit/install/moveit_resources:/home/akinsantos/ws_moveit/install/moveit_resources_pr2_description:/home/akinsantos/ws_moveit/install/moveit_resources_panda_moveit_config:/home/akinsantos/ws_moveit/install/moveit_resources_panda_description:/home/akinsantos/ws_moveit/install/moveit_resources_fanuc_moveit_config:/home/akinsantos/ws_moveit/install/moveit_resources_fanuc_description:/home/akinsantos/ws_moveit/install/moveit_common:/home/akinsantos/ws_moveit/install/moveit_configs_utils:/home/akinsantos/ws_moveit/install/launch_param_builder:/opt/ros/humble /usr/bin/cmake --install /home/akinsantos/minipulator_ws/build/movevit2_test
[8.501s] Level 1:colcon.colcon_core.environment:checking '/home/akinsantos/minipulator_ws/install/movevit2_test' for CMake module files
[8.502s] Level 1:colcon.colcon_core.environment:checking '/home/akinsantos/minipulator_ws/install/movevit2_test' for CMake config files
[8.502s] Level 1:colcon.colcon_core.shell:create_environment_hook('movevit2_test', 'cmake_prefix_path')
[8.502s] INFO:colcon.colcon_core.shell:Creating environment hook '/home/akinsantos/minipulator_ws/install/movevit2_test/share/movevit2_test/hook/cmake_prefix_path.ps1'
[8.502s] INFO:colcon.colcon_core.shell:Creating environment descriptor '/home/akinsantos/minipulator_ws/install/movevit2_test/share/movevit2_test/hook/cmake_prefix_path.dsv'
[8.502s] INFO:colcon.colcon_core.shell:Creating environment hook '/home/akinsantos/minipulator_ws/install/movevit2_test/share/movevit2_test/hook/cmake_prefix_path.sh'
[8.503s] Level 1:colcon.colcon_core.environment:checking '/home/akinsantos/minipulator_ws/install/movevit2_test/bin'
[8.503s] Level 1:colcon.colcon_core.environment:checking '/home/akinsantos/minipulator_ws/install/movevit2_test/lib/pkgconfig/movevit2_test.pc'
[8.503s] Level 1:colcon.colcon_core.environment:checking '/home/akinsantos/minipulator_ws/install/movevit2_test/lib/python3.10/site-packages'
[8.503s] Level 1:colcon.colcon_core.environment:checking '/home/akinsantos/minipulator_ws/install/movevit2_test/bin'
[8.503s] INFO:colcon.colcon_core.shell:Creating package script '/home/akinsantos/minipulator_ws/install/movevit2_test/share/movevit2_test/package.ps1'
[8.504s] INFO:colcon.colcon_core.shell:Creating package descriptor '/home/akinsantos/minipulator_ws/install/movevit2_test/share/movevit2_test/package.dsv'
[8.504s] INFO:colcon.colcon_core.shell:Creating package script '/home/akinsantos/minipulator_ws/install/movevit2_test/share/movevit2_test/package.sh'
[8.509s] INFO:colcon.colcon_core.shell:Creating package script '/home/akinsantos/minipulator_ws/install/movevit2_test/share/movevit2_test/package.bash'
[8.509s] INFO:colcon.colcon_core.shell:Creating package script '/home/akinsantos/minipulator_ws/install/movevit2_test/share/movevit2_test/package.zsh'
[8.509s] Level 1:colcon.colcon_core.environment:create_file_with_runtime_dependencies(/home/akinsantos/minipulator_ws/install/movevit2_test/share/colcon-core/packages/movevit2_test)
[8.510s] Level 1:colcon.colcon_core.environment:create_environment_scripts_only(movevit2_test)
[8.510s] Level 1:colcon.colcon_core.environment:checking '/home/akinsantos/minipulator_ws/install/movevit2_test' for CMake module files
[8.510s] Level 1:colcon.colcon_core.environment:checking '/home/akinsantos/minipulator_ws/install/movevit2_test' for CMake config files
[8.510s] Level 1:colcon.colcon_core.shell:create_environment_hook('movevit2_test', 'cmake_prefix_path')
[8.511s] INFO:colcon.colcon_core.shell:Creating environment hook '/home/akinsantos/minipulator_ws/install/movevit2_test/share/movevit2_test/hook/cmake_prefix_path.ps1'
[8.511s] INFO:colcon.colcon_core.shell:Creating environment descriptor '/home/akinsantos/minipulator_ws/install/movevit2_test/share/movevit2_test/hook/cmake_prefix_path.dsv'
[8.511s] INFO:colcon.colcon_core.shell:Creating environment hook '/home/akinsantos/minipulator_ws/install/movevit2_test/share/movevit2_test/hook/cmake_prefix_path.sh'
[8.512s] Level 1:colcon.colcon_core.environment:checking '/home/akinsantos/minipulator_ws/install/movevit2_test/bin'
[8.512s] Level 1:colcon.colcon_core.environment:checking '/home/akinsantos/minipulator_ws/install/movevit2_test/lib/pkgconfig/movevit2_test.pc'
[8.512s] Level 1:colcon.colcon_core.environment:checking '/home/akinsantos/minipulator_ws/install/movevit2_test/lib/python3.10/site-packages'
[8.516s] Level 1:colcon.colcon_core.environment:checking '/home/akinsantos/minipulator_ws/install/movevit2_test/bin'
[8.517s] INFO:colcon.colcon_core.shell:Creating package script '/home/akinsantos/minipulator_ws/install/movevit2_test/share/movevit2_test/package.ps1'
[8.517s] INFO:colcon.colcon_core.shell:Creating package descriptor '/home/akinsantos/minipulator_ws/install/movevit2_test/share/movevit2_test/package.dsv'
[8.517s] INFO:colcon.colcon_core.shell:Creating package script '/home/akinsantos/minipulator_ws/install/movevit2_test/share/movevit2_test/package.sh'
[8.518s] INFO:colcon.colcon_core.shell:Creating package script '/home/akinsantos/minipulator_ws/install/movevit2_test/share/movevit2_test/package.bash'
[8.518s] INFO:colcon.colcon_core.shell:Creating package script '/home/akinsantos/minipulator_ws/install/movevit2_test/share/movevit2_test/package.zsh'
[8.518s] Level 1:colcon.colcon_core.environment:create_file_with_runtime_dependencies(/home/akinsantos/minipulator_ws/install/movevit2_test/share/colcon-core/packages/movevit2_test)
[15.640s] DEBUG:colcon.colcon_core.event_handler.log_command:Invoked command in '/home/akinsantos/minipulator_ws/build/dynamixel_workbench_msgs' returned '0': CMAKE_PREFIX_PATH=${CMAKE_PREFIX_PATH}:/home/akinsantos/ws_moveit/install/moveit_configs_utils:/home/akinsantos/ws_moveit/install/launch_param_builder:/opt/ros/humble /usr/bin/cmake --build /home/akinsantos/minipulator_ws/build/dynamixel_workbench_msgs -- -j8 -l8
[15.642s] DEBUG:colcon.colcon_core.event_handler.log_command:Invoking command in '/home/akinsantos/minipulator_ws/build/dynamixel_workbench_msgs': CMAKE_PREFIX_PATH=${CMAKE_PREFIX_PATH}:/home/akinsantos/ws_moveit/install/moveit_configs_utils:/home/akinsantos/ws_moveit/install/launch_param_builder:/opt/ros/humble /usr/bin/cmake --install /home/akinsantos/minipulator_ws/build/dynamixel_workbench_msgs
[15.762s] Level 1:colcon.colcon_core.environment:create_environment_scripts_only(dynamixel_workbench_msgs)
[15.763s] Level 1:colcon.colcon_core.environment:checking '/home/akinsantos/minipulator_ws/install/dynamixel_workbench_msgs' for CMake module files
[15.763s] DEBUG:colcon.colcon_core.event_handler.log_command:Invoked command in '/home/akinsantos/minipulator_ws/build/dynamixel_workbench_msgs' returned '0': CMAKE_PREFIX_PATH=${CMAKE_PREFIX_PATH}:/home/akinsantos/ws_moveit/install/moveit_configs_utils:/home/akinsantos/ws_moveit/install/launch_param_builder:/opt/ros/humble /usr/bin/cmake --install /home/akinsantos/minipulator_ws/build/dynamixel_workbench_msgs
[15.763s] Level 1:colcon.colcon_core.environment:checking '/home/akinsantos/minipulator_ws/install/dynamixel_workbench_msgs' for CMake config files
[15.764s] Level 1:colcon.colcon_core.shell:create_environment_hook('dynamixel_workbench_msgs', 'cmake_prefix_path')
[15.764s] INFO:colcon.colcon_core.shell:Creating environment hook '/home/akinsantos/minipulator_ws/install/dynamixel_workbench_msgs/share/dynamixel_workbench_msgs/hook/cmake_prefix_path.ps1'
[15.765s] INFO:colcon.colcon_core.shell:Creating environment descriptor '/home/akinsantos/minipulator_ws/install/dynamixel_workbench_msgs/share/dynamixel_workbench_msgs/hook/cmake_prefix_path.dsv'
[15.765s] INFO:colcon.colcon_core.shell:Creating environment hook '/home/akinsantos/minipulator_ws/install/dynamixel_workbench_msgs/share/dynamixel_workbench_msgs/hook/cmake_prefix_path.sh'
[15.765s] Level 1:colcon.colcon_core.environment:checking '/home/akinsantos/minipulator_ws/install/dynamixel_workbench_msgs/lib'
[15.765s] Level 1:colcon.colcon_core.shell:create_environment_hook('dynamixel_workbench_msgs', 'ld_library_path_lib')
[15.765s] INFO:colcon.colcon_core.shell:Creating environment hook '/home/akinsantos/minipulator_ws/install/dynamixel_workbench_msgs/share/dynamixel_workbench_msgs/hook/ld_library_path_lib.ps1'
[15.766s] INFO:colcon.colcon_core.shell:Creating environment descriptor '/home/akinsantos/minipulator_ws/install/dynamixel_workbench_msgs/share/dynamixel_workbench_msgs/hook/ld_library_path_lib.dsv'
[15.766s] INFO:colcon.colcon_core.shell:Creating environment hook '/home/akinsantos/minipulator_ws/install/dynamixel_workbench_msgs/share/dynamixel_workbench_msgs/hook/ld_library_path_lib.sh'
[15.766s] Level 1:colcon.colcon_core.environment:checking '/home/akinsantos/minipulator_ws/install/dynamixel_workbench_msgs/bin'
[15.766s] Level 1:colcon.colcon_core.environment:checking '/home/akinsantos/minipulator_ws/install/dynamixel_workbench_msgs/lib/pkgconfig/dynamixel_workbench_msgs.pc'
[15.766s] Level 1:colcon.colcon_core.environment:checking '/home/akinsantos/minipulator_ws/install/dynamixel_workbench_msgs/lib/python3.10/site-packages'
[15.766s] Level 1:colcon.colcon_core.environment:checking '/home/akinsantos/minipulator_ws/install/dynamixel_workbench_msgs/bin'
[15.767s] INFO:colcon.colcon_core.shell:Creating package script '/home/akinsantos/minipulator_ws/install/dynamixel_workbench_msgs/share/dynamixel_workbench_msgs/package.ps1'
[15.767s] INFO:colcon.colcon_core.shell:Creating package descriptor '/home/akinsantos/minipulator_ws/install/dynamixel_workbench_msgs/share/dynamixel_workbench_msgs/package.dsv'
[15.767s] INFO:colcon.colcon_core.shell:Creating package script '/home/akinsantos/minipulator_ws/install/dynamixel_workbench_msgs/share/dynamixel_workbench_msgs/package.sh'
[15.768s] INFO:colcon.colcon_core.shell:Creating package script '/home/akinsantos/minipulator_ws/install/dynamixel_workbench_msgs/share/dynamixel_workbench_msgs/package.bash'
[15.768s] INFO:colcon.colcon_core.shell:Creating package script '/home/akinsantos/minipulator_ws/install/dynamixel_workbench_msgs/share/dynamixel_workbench_msgs/package.zsh'
[15.768s] Level 1:colcon.colcon_core.environment:create_file_with_runtime_dependencies(/home/akinsantos/minipulator_ws/install/dynamixel_workbench_msgs/share/colcon-core/packages/dynamixel_workbench_msgs)
[15.769s] Level 1:colcon.colcon_core.environment:create_environment_scripts_only(dynamixel_workbench_msgs)
[15.769s] Level 1:colcon.colcon_core.environment:checking '/home/akinsantos/minipulator_ws/install/dynamixel_workbench_msgs' for CMake module files
[15.769s] Level 1:colcon.colcon_core.environment:checking '/home/akinsantos/minipulator_ws/install/dynamixel_workbench_msgs' for CMake config files
[15.770s] Level 1:colcon.colcon_core.shell:create_environment_hook('dynamixel_workbench_msgs', 'cmake_prefix_path')
[15.770s] INFO:colcon.colcon_core.shell:Creating environment hook '/home/akinsantos/minipulator_ws/install/dynamixel_workbench_msgs/share/dynamixel_workbench_msgs/hook/cmake_prefix_path.ps1'
[15.770s] INFO:colcon.colcon_core.shell:Creating environment descriptor '/home/akinsantos/minipulator_ws/install/dynamixel_workbench_msgs/share/dynamixel_workbench_msgs/hook/cmake_prefix_path.dsv'
[15.771s] INFO:colcon.colcon_core.shell:Creating environment hook '/home/akinsantos/minipulator_ws/install/dynamixel_workbench_msgs/share/dynamixel_workbench_msgs/hook/cmake_prefix_path.sh'
[15.771s] Level 1:colcon.colcon_core.environment:checking '/home/akinsantos/minipulator_ws/install/dynamixel_workbench_msgs/lib'
[15.771s] Level 1:colcon.colcon_core.shell:create_environment_hook('dynamixel_workbench_msgs', 'ld_library_path_lib')
[15.771s] INFO:colcon.colcon_core.shell:Creating environment hook '/home/akinsantos/minipulator_ws/install/dynamixel_workbench_msgs/share/dynamixel_workbench_msgs/hook/ld_library_path_lib.ps1'
[15.771s] INFO:colcon.colcon_core.shell:Creating environment descriptor '/home/akinsantos/minipulator_ws/install/dynamixel_workbench_msgs/share/dynamixel_workbench_msgs/hook/ld_library_path_lib.dsv'
[15.772s] INFO:colcon.colcon_core.shell:Creating environment hook '/home/akinsantos/minipulator_ws/install/dynamixel_workbench_msgs/share/dynamixel_workbench_msgs/hook/ld_library_path_lib.sh'
[15.772s] Level 1:colcon.colcon_core.environment:checking '/home/akinsantos/minipulator_ws/install/dynamixel_workbench_msgs/bin'
[15.772s] Level 1:colcon.colcon_core.environment:checking '/home/akinsantos/minipulator_ws/install/dynamixel_workbench_msgs/lib/pkgconfig/dynamixel_workbench_msgs.pc'
[15.772s] Level 1:colcon.colcon_core.environment:checking '/home/akinsantos/minipulator_ws/install/dynamixel_workbench_msgs/lib/python3.10/site-packages'
[15.772s] Level 1:colcon.colcon_core.environment:checking '/home/akinsantos/minipulator_ws/install/dynamixel_workbench_msgs/bin'
[15.772s] INFO:colcon.colcon_core.shell:Creating package script '/home/akinsantos/minipulator_ws/install/dynamixel_workbench_msgs/share/dynamixel_workbench_msgs/package.ps1'
[15.773s] INFO:colcon.colcon_core.shell:Creating package descriptor '/home/akinsantos/minipulator_ws/install/dynamixel_workbench_msgs/share/dynamixel_workbench_msgs/package.dsv'
[15.773s] INFO:colcon.colcon_core.shell:Creating package script '/home/akinsantos/minipulator_ws/install/dynamixel_workbench_msgs/share/dynamixel_workbench_msgs/package.sh'
[15.773s] INFO:colcon.colcon_core.shell:Creating package script '/home/akinsantos/minipulator_ws/install/dynamixel_workbench_msgs/share/dynamixel_workbench_msgs/package.bash'
[15.774s] INFO:colcon.colcon_core.shell:Creating package script '/home/akinsantos/minipulator_ws/install/dynamixel_workbench_msgs/share/dynamixel_workbench_msgs/package.zsh'
[15.774s] Level 1:colcon.colcon_core.environment:create_file_with_runtime_dependencies(/home/akinsantos/minipulator_ws/install/dynamixel_workbench_msgs/share/colcon-core/packages/dynamixel_workbench_msgs)
[15.774s] DEBUG:colcon.colcon_parallel_executor.executor.parallel:closing loop
[15.774s] DEBUG:colcon.colcon_parallel_executor.executor.parallel:loop closed
[15.774s] DEBUG:colcon.colcon_parallel_executor.executor.parallel:run_until_complete finished with '0'
[15.774s] DEBUG:colcon.colcon_core.event_reactor:joining thread
[15.779s] INFO:colcon.colcon_core.plugin_system:Skipping extension 'colcon_notification.desktop_notification.terminal_notifier': Not used on non-Darwin systems
[15.779s] INFO:colcon.colcon_core.plugin_system:Skipping extension 'colcon_notification.desktop_notification.win32': Not used on non-Windows systems
[15.779s] INFO:colcon.colcon_notification.desktop_notification:Sending desktop notification using 'notify2'
[15.788s] DEBUG:colcon.colcon_core.event_reactor:joined thread
[15.788s] INFO:colcon.colcon_core.shell:Creating prefix script '/home/akinsantos/minipulator_ws/install/local_setup.ps1'
[15.788s] INFO:colcon.colcon_core.shell:Creating prefix util module '/home/akinsantos/minipulator_ws/install/_local_setup_util_ps1.py'
[15.789s] INFO:colcon.colcon_core.shell:Creating prefix chain script '/home/akinsantos/minipulator_ws/install/setup.ps1'
[15.792s] INFO:colcon.colcon_core.shell:Creating prefix script '/home/akinsantos/minipulator_ws/install/local_setup.sh'
[15.792s] INFO:colcon.colcon_core.shell:Creating prefix util module '/home/akinsantos/minipulator_ws/install/_local_setup_util_sh.py'
[15.792s] INFO:colcon.colcon_core.shell:Creating prefix chain script '/home/akinsantos/minipulator_ws/install/setup.sh'
[15.795s] INFO:colcon.colcon_core.shell:Creating prefix script '/home/akinsantos/minipulator_ws/install/local_setup.bash'
[15.795s] INFO:colcon.colcon_core.shell:Creating prefix chain script '/home/akinsantos/minipulator_ws/install/setup.bash'
[15.797s] INFO:colcon.colcon_core.shell:Creating prefix script '/home/akinsantos/minipulator_ws/install/local_setup.zsh'
[15.798s] INFO:colcon.colcon_core.shell:Creating prefix chain script '/home/akinsantos/minipulator_ws/install/setup.zsh'
