[0.358s] DEBUG:colcon:Command line arguments: ['/usr/bin/colcon', 'build']
[0.358s] DEBUG:colcon:Parsed command line arguments: Namespace(log_base=None, log_level=None, verb_name='build', build_base='build', install_base='install', merge_install=False, symlink_install=False, test_result_base=None, continue_on_error=False, executor='parallel', parallel_workers=8, event_handlers=None, ignore_user_meta=False, metas=['./colcon.meta'], base_paths=['.'], packages_ignore=None, packages_ignore_regex=None, paths=None, packages_up_to=None, packages_up_to_regex=None, packages_above=None, packages_above_and_dependencies=None, packages_above_depth=None, packages_select_by_dep=None, packages_skip_by_dep=None, packages_skip_up_to=None, packages_select_build_failed=False, packages_skip_build_finished=False, packages_select_test_failures=False, packages_skip_test_passed=False, packages_select=None, packages_skip=None, packages_select_regex=None, packages_skip_regex=None, packages_start=None, packages_end=None, allow_overriding=[], cmake_args=None, cmake_target=None, cmake_target_skip_unavailable=False, cmake_clean_cache=False, cmake_clean_first=False, cmake_force_configure=False, ament_cmake_args=None, catkin_cmake_args=None, catkin_skip_building_tests=False, mixin_files=None, mixin=None, verb_parser=<colcon_mixin.mixin.mixin_argument.MixinArgumentDecorator object at 0x7ccc869572b0>, verb_extension=<colcon_core.verb.build.BuildVerb object at 0x7ccc86956c20>, main=<bound method BuildVerb.main of <colcon_core.verb.build.BuildVerb object at 0x7ccc86956c20>>, mixin_verb=('build',))
[0.688s] Level 1:colcon.colcon_core.package_discovery:discover_packages(colcon_meta) check parameters
[0.688s] Level 1:colcon.colcon_core.package_discovery:discover_packages(recursive) check parameters
[0.689s] Level 1:colcon.colcon_core.package_discovery:discover_packages(ignore) check parameters
[0.689s] Level 1:colcon.colcon_core.package_discovery:discover_packages(path) check parameters
[0.689s] Level 1:colcon.colcon_core.package_discovery:discover_packages(colcon_meta) discover
[0.689s] Level 1:colcon.colcon_core.package_discovery:discover_packages(recursive) discover
[0.689s] INFO:colcon.colcon_core.package_discovery:Crawling recursively for packages in '/home/akinsantos/minipulator_ws'
[0.689s] Level 1:colcon.colcon_core.package_identification:_identify(.) by extensions ['ignore', 'ignore_ament_install']
[0.689s] Level 1:colcon.colcon_core.package_identification:_identify(.) by extension 'ignore'
[0.689s] Level 1:colcon.colcon_core.package_identification:_identify(.) by extension 'ignore_ament_install'
[0.689s] Level 1:colcon.colcon_core.package_identification:_identify(.) by extensions ['colcon_pkg']
[0.689s] Level 1:colcon.colcon_core.package_identification:_identify(.) by extension 'colcon_pkg'
[0.689s] Level 1:colcon.colcon_core.package_identification:_identify(.) by extensions ['colcon_meta']
[0.689s] Level 1:colcon.colcon_core.package_identification:_identify(.) by extension 'colcon_meta'
[0.689s] Level 1:colcon.colcon_core.package_identification:_identify(.) by extensions ['ros']
[0.689s] Level 1:colcon.colcon_core.package_identification:_identify(.) by extension 'ros'
[0.707s] Level 1:colcon.colcon_core.package_identification:_identify(.) by extensions ['cmake', 'python']
[0.707s] Level 1:colcon.colcon_core.package_identification:_identify(.) by extension 'cmake'
[0.707s] Level 1:colcon.colcon_core.package_identification:_identify(.) by extension 'python'
[0.707s] Level 1:colcon.colcon_core.package_identification:_identify(.) by extensions ['python_setup_py']
[0.707s] Level 1:colcon.colcon_core.package_identification:_identify(.) by extension 'python_setup_py'
[0.707s] Level 1:colcon.colcon_core.package_identification:_identify(build) by extensions ['ignore', 'ignore_ament_install']
[0.707s] Level 1:colcon.colcon_core.package_identification:_identify(build) by extension 'ignore'
[0.707s] Level 1:colcon.colcon_core.package_identification:_identify(build) ignored
[0.707s] Level 1:colcon.colcon_core.package_identification:_identify(install) by extensions ['ignore', 'ignore_ament_install']
[0.707s] Level 1:colcon.colcon_core.package_identification:_identify(install) by extension 'ignore'
[0.707s] Level 1:colcon.colcon_core.package_identification:_identify(install) ignored
[0.707s] Level 1:colcon.colcon_core.package_identification:_identify(log) by extensions ['ignore', 'ignore_ament_install']
[0.708s] Level 1:colcon.colcon_core.package_identification:_identify(log) by extension 'ignore'
[0.708s] Level 1:colcon.colcon_core.package_identification:_identify(log) ignored
[0.708s] Level 1:colcon.colcon_core.package_identification:_identify(src) by extensions ['ignore', 'ignore_ament_install']
[0.708s] Level 1:colcon.colcon_core.package_identification:_identify(src) by extension 'ignore'
[0.708s] Level 1:colcon.colcon_core.package_identification:_identify(src) by extension 'ignore_ament_install'
[0.708s] Level 1:colcon.colcon_core.package_identification:_identify(src) by extensions ['colcon_pkg']
[0.708s] Level 1:colcon.colcon_core.package_identification:_identify(src) by extension 'colcon_pkg'
[0.708s] Level 1:colcon.colcon_core.package_identification:_identify(src) by extensions ['colcon_meta']
[0.708s] Level 1:colcon.colcon_core.package_identification:_identify(src) by extension 'colcon_meta'
[0.708s] Level 1:colcon.colcon_core.package_identification:_identify(src) by extensions ['ros']
[0.708s] Level 1:colcon.colcon_core.package_identification:_identify(src) by extension 'ros'
[0.708s] Level 1:colcon.colcon_core.package_identification:_identify(src) by extensions ['cmake', 'python']
[0.708s] Level 1:colcon.colcon_core.package_identification:_identify(src) by extension 'cmake'
[0.708s] Level 1:colcon.colcon_core.package_identification:_identify(src) by extension 'python'
[0.708s] Level 1:colcon.colcon_core.package_identification:_identify(src) by extensions ['python_setup_py']
[0.709s] Level 1:colcon.colcon_core.package_identification:_identify(src) by extension 'python_setup_py'
[0.709s] Level 1:colcon.colcon_core.package_identification:_identify(src/dynamixel-workbench) by extensions ['ignore', 'ignore_ament_install']
[0.709s] Level 1:colcon.colcon_core.package_identification:_identify(src/dynamixel-workbench) by extension 'ignore'
[0.709s] Level 1:colcon.colcon_core.package_identification:_identify(src/dynamixel-workbench) by extension 'ignore_ament_install'
[0.709s] Level 1:colcon.colcon_core.package_identification:_identify(src/dynamixel-workbench) by extensions ['colcon_pkg']
[0.709s] Level 1:colcon.colcon_core.package_identification:_identify(src/dynamixel-workbench) by extension 'colcon_pkg'
[0.709s] Level 1:colcon.colcon_core.package_identification:_identify(src/dynamixel-workbench) by extensions ['colcon_meta']
[0.709s] Level 1:colcon.colcon_core.package_identification:_identify(src/dynamixel-workbench) by extension 'colcon_meta'
[0.709s] Level 1:colcon.colcon_core.package_identification:_identify(src/dynamixel-workbench) by extensions ['ros']
[0.709s] Level 1:colcon.colcon_core.package_identification:_identify(src/dynamixel-workbench) by extension 'ros'
[0.709s] Level 1:colcon.colcon_core.package_identification:_identify(src/dynamixel-workbench) by extensions ['cmake', 'python']
[0.709s] Level 1:colcon.colcon_core.package_identification:_identify(src/dynamixel-workbench) by extension 'cmake'
[0.709s] Level 1:colcon.colcon_core.package_identification:_identify(src/dynamixel-workbench) by extension 'python'
[0.709s] Level 1:colcon.colcon_core.package_identification:_identify(src/dynamixel-workbench) by extensions ['python_setup_py']
[0.709s] Level 1:colcon.colcon_core.package_identification:_identify(src/dynamixel-workbench) by extension 'python_setup_py'
[0.710s] Level 1:colcon.colcon_core.package_identification:_identify(src/dynamixel-workbench/dynamixel_workbench) by extensions ['ignore', 'ignore_ament_install']
[0.710s] Level 1:colcon.colcon_core.package_identification:_identify(src/dynamixel-workbench/dynamixel_workbench) by extension 'ignore'
[0.710s] Level 1:colcon.colcon_core.package_identification:_identify(src/dynamixel-workbench/dynamixel_workbench) by extension 'ignore_ament_install'
[0.710s] Level 1:colcon.colcon_core.package_identification:_identify(src/dynamixel-workbench/dynamixel_workbench) by extensions ['colcon_pkg']
[0.710s] Level 1:colcon.colcon_core.package_identification:_identify(src/dynamixel-workbench/dynamixel_workbench) by extension 'colcon_pkg'
[0.710s] Level 1:colcon.colcon_core.package_identification:_identify(src/dynamixel-workbench/dynamixel_workbench) by extensions ['colcon_meta']
[0.710s] Level 1:colcon.colcon_core.package_identification:_identify(src/dynamixel-workbench/dynamixel_workbench) by extension 'colcon_meta'
[0.710s] Level 1:colcon.colcon_core.package_identification:_identify(src/dynamixel-workbench/dynamixel_workbench) by extensions ['ros']
[0.710s] Level 1:colcon.colcon_core.package_identification:_identify(src/dynamixel-workbench/dynamixel_workbench) by extension 'ros'
[0.713s] DEBUG:colcon.colcon_core.package_identification:Package 'src/dynamixel-workbench/dynamixel_workbench' with type 'ros.ament_cmake' and name 'dynamixel_workbench'
[0.714s] Level 1:colcon.colcon_core.package_identification:_identify(src/dynamixel-workbench/dynamixel_workbench_toolbox) by extensions ['ignore', 'ignore_ament_install']
[0.714s] Level 1:colcon.colcon_core.package_identification:_identify(src/dynamixel-workbench/dynamixel_workbench_toolbox) by extension 'ignore'
[0.714s] Level 1:colcon.colcon_core.package_identification:_identify(src/dynamixel-workbench/dynamixel_workbench_toolbox) by extension 'ignore_ament_install'
[0.714s] Level 1:colcon.colcon_core.package_identification:_identify(src/dynamixel-workbench/dynamixel_workbench_toolbox) by extensions ['colcon_pkg']
[0.714s] Level 1:colcon.colcon_core.package_identification:_identify(src/dynamixel-workbench/dynamixel_workbench_toolbox) by extension 'colcon_pkg'
[0.714s] Level 1:colcon.colcon_core.package_identification:_identify(src/dynamixel-workbench/dynamixel_workbench_toolbox) by extensions ['colcon_meta']
[0.714s] Level 1:colcon.colcon_core.package_identification:_identify(src/dynamixel-workbench/dynamixel_workbench_toolbox) by extension 'colcon_meta'
[0.714s] Level 1:colcon.colcon_core.package_identification:_identify(src/dynamixel-workbench/dynamixel_workbench_toolbox) by extensions ['ros']
[0.714s] Level 1:colcon.colcon_core.package_identification:_identify(src/dynamixel-workbench/dynamixel_workbench_toolbox) by extension 'ros'
[0.715s] DEBUG:colcon.colcon_core.package_identification:Package 'src/dynamixel-workbench/dynamixel_workbench_toolbox' with type 'ros.ament_cmake' and name 'dynamixel_workbench_toolbox'
[0.715s] Level 1:colcon.colcon_core.package_identification:_identify(src/dynamixel-workbench-msgs) by extensions ['ignore', 'ignore_ament_install']
[0.715s] Level 1:colcon.colcon_core.package_identification:_identify(src/dynamixel-workbench-msgs) by extension 'ignore'
[0.715s] Level 1:colcon.colcon_core.package_identification:_identify(src/dynamixel-workbench-msgs) by extension 'ignore_ament_install'
[0.715s] Level 1:colcon.colcon_core.package_identification:_identify(src/dynamixel-workbench-msgs) by extensions ['colcon_pkg']
[0.715s] Level 1:colcon.colcon_core.package_identification:_identify(src/dynamixel-workbench-msgs) by extension 'colcon_pkg'
[0.715s] Level 1:colcon.colcon_core.package_identification:_identify(src/dynamixel-workbench-msgs) by extensions ['colcon_meta']
[0.715s] Level 1:colcon.colcon_core.package_identification:_identify(src/dynamixel-workbench-msgs) by extension 'colcon_meta'
[0.715s] Level 1:colcon.colcon_core.package_identification:_identify(src/dynamixel-workbench-msgs) by extensions ['ros']
[0.715s] Level 1:colcon.colcon_core.package_identification:_identify(src/dynamixel-workbench-msgs) by extension 'ros'
[0.716s] Level 1:colcon.colcon_core.package_identification:_identify(src/dynamixel-workbench-msgs) by extensions ['cmake', 'python']
[0.716s] Level 1:colcon.colcon_core.package_identification:_identify(src/dynamixel-workbench-msgs) by extension 'cmake'
[0.716s] Level 1:colcon.colcon_core.package_identification:_identify(src/dynamixel-workbench-msgs) by extension 'python'
[0.716s] Level 1:colcon.colcon_core.package_identification:_identify(src/dynamixel-workbench-msgs) by extensions ['python_setup_py']
[0.716s] Level 1:colcon.colcon_core.package_identification:_identify(src/dynamixel-workbench-msgs) by extension 'python_setup_py'
[0.716s] Level 1:colcon.colcon_core.package_identification:_identify(src/dynamixel-workbench-msgs/dynamixel_workbench_msgs) by extensions ['ignore', 'ignore_ament_install']
[0.716s] Level 1:colcon.colcon_core.package_identification:_identify(src/dynamixel-workbench-msgs/dynamixel_workbench_msgs) by extension 'ignore'
[0.716s] Level 1:colcon.colcon_core.package_identification:_identify(src/dynamixel-workbench-msgs/dynamixel_workbench_msgs) by extension 'ignore_ament_install'
[0.716s] Level 1:colcon.colcon_core.package_identification:_identify(src/dynamixel-workbench-msgs/dynamixel_workbench_msgs) by extensions ['colcon_pkg']
[0.716s] Level 1:colcon.colcon_core.package_identification:_identify(src/dynamixel-workbench-msgs/dynamixel_workbench_msgs) by extension 'colcon_pkg'
[0.716s] Level 1:colcon.colcon_core.package_identification:_identify(src/dynamixel-workbench-msgs/dynamixel_workbench_msgs) by extensions ['colcon_meta']
[0.716s] Level 1:colcon.colcon_core.package_identification:_identify(src/dynamixel-workbench-msgs/dynamixel_workbench_msgs) by extension 'colcon_meta'
[0.716s] Level 1:colcon.colcon_core.package_identification:_identify(src/dynamixel-workbench-msgs/dynamixel_workbench_msgs) by extensions ['ros']
[0.716s] Level 1:colcon.colcon_core.package_identification:_identify(src/dynamixel-workbench-msgs/dynamixel_workbench_msgs) by extension 'ros'
[0.718s] DEBUG:colcon.colcon_core.package_identification:Package 'src/dynamixel-workbench-msgs/dynamixel_workbench_msgs' with type 'ros.ament_cmake' and name 'dynamixel_workbench_msgs'
[0.719s] Level 1:colcon.colcon_core.package_identification:_identify(src/dynamixel_control) by extensions ['ignore', 'ignore_ament_install']
[0.719s] Level 1:colcon.colcon_core.package_identification:_identify(src/dynamixel_control) by extension 'ignore'
[0.719s] Level 1:colcon.colcon_core.package_identification:_identify(src/dynamixel_control) by extension 'ignore_ament_install'
[0.719s] Level 1:colcon.colcon_core.package_identification:_identify(src/dynamixel_control) by extensions ['colcon_pkg']
[0.719s] Level 1:colcon.colcon_core.package_identification:_identify(src/dynamixel_control) by extension 'colcon_pkg'
[0.719s] Level 1:colcon.colcon_core.package_identification:_identify(src/dynamixel_control) by extensions ['colcon_meta']
[0.719s] Level 1:colcon.colcon_core.package_identification:_identify(src/dynamixel_control) by extension 'colcon_meta'
[0.719s] Level 1:colcon.colcon_core.package_identification:_identify(src/dynamixel_control) by extensions ['ros']
[0.719s] Level 1:colcon.colcon_core.package_identification:_identify(src/dynamixel_control) by extension 'ros'
[0.719s] Level 1:colcon.colcon_core.package_identification:_identify(src/dynamixel_control) by extensions ['cmake', 'python']
[0.719s] Level 1:colcon.colcon_core.package_identification:_identify(src/dynamixel_control) by extension 'cmake'
[0.719s] Level 1:colcon.colcon_core.package_identification:_identify(src/dynamixel_control) by extension 'python'
[0.719s] Level 1:colcon.colcon_core.package_identification:_identify(src/dynamixel_control) by extensions ['python_setup_py']
[0.719s] Level 1:colcon.colcon_core.package_identification:_identify(src/dynamixel_control) by extension 'python_setup_py'
[0.719s] Level 1:colcon.colcon_core.package_identification:_identify(src/dynamixel_control/dynamixel_hardware) by extensions ['ignore', 'ignore_ament_install']
[0.719s] Level 1:colcon.colcon_core.package_identification:_identify(src/dynamixel_control/dynamixel_hardware) by extension 'ignore'
[0.719s] Level 1:colcon.colcon_core.package_identification:_identify(src/dynamixel_control/dynamixel_hardware) by extension 'ignore_ament_install'
[0.719s] Level 1:colcon.colcon_core.package_identification:_identify(src/dynamixel_control/dynamixel_hardware) by extensions ['colcon_pkg']
[0.719s] Level 1:colcon.colcon_core.package_identification:_identify(src/dynamixel_control/dynamixel_hardware) by extension 'colcon_pkg'
[0.720s] Level 1:colcon.colcon_core.package_identification:_identify(src/dynamixel_control/dynamixel_hardware) by extensions ['colcon_meta']
[0.720s] Level 1:colcon.colcon_core.package_identification:_identify(src/dynamixel_control/dynamixel_hardware) by extension 'colcon_meta'
[0.720s] Level 1:colcon.colcon_core.package_identification:_identify(src/dynamixel_control/dynamixel_hardware) by extensions ['ros']
[0.720s] Level 1:colcon.colcon_core.package_identification:_identify(src/dynamixel_control/dynamixel_hardware) by extension 'ros'
[0.721s] DEBUG:colcon.colcon_core.package_identification:Package 'src/dynamixel_control/dynamixel_hardware' with type 'ros.ament_cmake' and name 'dynamixel_hardware'
[0.721s] Level 1:colcon.colcon_core.package_identification:_identify(src/moveit2_final_test) by extensions ['ignore', 'ignore_ament_install']
[0.721s] Level 1:colcon.colcon_core.package_identification:_identify(src/moveit2_final_test) by extension 'ignore'
[0.721s] Level 1:colcon.colcon_core.package_identification:_identify(src/moveit2_final_test) by extension 'ignore_ament_install'
[0.721s] Level 1:colcon.colcon_core.package_identification:_identify(src/moveit2_final_test) by extensions ['colcon_pkg']
[0.721s] Level 1:colcon.colcon_core.package_identification:_identify(src/moveit2_final_test) by extension 'colcon_pkg'
[0.721s] Level 1:colcon.colcon_core.package_identification:_identify(src/moveit2_final_test) by extensions ['colcon_meta']
[0.721s] Level 1:colcon.colcon_core.package_identification:_identify(src/moveit2_final_test) by extension 'colcon_meta'
[0.721s] Level 1:colcon.colcon_core.package_identification:_identify(src/moveit2_final_test) by extensions ['ros']
[0.721s] Level 1:colcon.colcon_core.package_identification:_identify(src/moveit2_final_test) by extension 'ros'
[0.721s] Level 1:colcon.colcon_core.package_identification:_identify(src/moveit2_final_test) by extensions ['cmake', 'python']
[0.721s] Level 1:colcon.colcon_core.package_identification:_identify(src/moveit2_final_test) by extension 'cmake'
[0.721s] Level 1:colcon.colcon_core.package_identification:_identify(src/moveit2_final_test) by extension 'python'
[0.721s] Level 1:colcon.colcon_core.package_identification:_identify(src/moveit2_final_test) by extensions ['python_setup_py']
[0.721s] Level 1:colcon.colcon_core.package_identification:_identify(src/moveit2_final_test) by extension 'python_setup_py'
[0.722s] Level 1:colcon.colcon_core.package_identification:_identify(src/movevit2_test) by extensions ['ignore', 'ignore_ament_install']
[0.722s] Level 1:colcon.colcon_core.package_identification:_identify(src/movevit2_test) by extension 'ignore'
[0.722s] Level 1:colcon.colcon_core.package_identification:_identify(src/movevit2_test) by extension 'ignore_ament_install'
[0.722s] Level 1:colcon.colcon_core.package_identification:_identify(src/movevit2_test) by extensions ['colcon_pkg']
[0.722s] Level 1:colcon.colcon_core.package_identification:_identify(src/movevit2_test) by extension 'colcon_pkg'
[0.722s] Level 1:colcon.colcon_core.package_identification:_identify(src/movevit2_test) by extensions ['colcon_meta']
[0.722s] Level 1:colcon.colcon_core.package_identification:_identify(src/movevit2_test) by extension 'colcon_meta'
[0.722s] Level 1:colcon.colcon_core.package_identification:_identify(src/movevit2_test) by extensions ['ros']
[0.722s] Level 1:colcon.colcon_core.package_identification:_identify(src/movevit2_test) by extension 'ros'
[0.723s] DEBUG:colcon.colcon_core.package_identification:Package 'src/movevit2_test' with type 'ros.ament_cmake' and name 'movevit2_test'
[0.723s] Level 1:colcon.colcon_core.package_identification:_identify(src/open_manipulator_pro_gazebo) by extensions ['ignore', 'ignore_ament_install']
[0.723s] Level 1:colcon.colcon_core.package_identification:_identify(src/open_manipulator_pro_gazebo) by extension 'ignore'
[0.723s] Level 1:colcon.colcon_core.package_identification:_identify(src/open_manipulator_pro_gazebo) by extension 'ignore_ament_install'
[0.723s] Level 1:colcon.colcon_core.package_identification:_identify(src/open_manipulator_pro_gazebo) by extensions ['colcon_pkg']
[0.723s] Level 1:colcon.colcon_core.package_identification:_identify(src/open_manipulator_pro_gazebo) by extension 'colcon_pkg'
[0.723s] Level 1:colcon.colcon_core.package_identification:_identify(src/open_manipulator_pro_gazebo) by extensions ['colcon_meta']
[0.723s] Level 1:colcon.colcon_core.package_identification:_identify(src/open_manipulator_pro_gazebo) by extension 'colcon_meta'
[0.723s] Level 1:colcon.colcon_core.package_identification:_identify(src/open_manipulator_pro_gazebo) by extensions ['ros']
[0.723s] Level 1:colcon.colcon_core.package_identification:_identify(src/open_manipulator_pro_gazebo) by extension 'ros'
[0.724s] DEBUG:colcon.colcon_core.package_identification:Package 'src/open_manipulator_pro_gazebo' with type 'ros.ament_cmake' and name 'open_manipulator_pro_gazebo'
[0.725s] Level 1:colcon.colcon_core.package_identification:_identify(src/phantomx_reactor_arm_description) by extensions ['ignore', 'ignore_ament_install']
[0.725s] Level 1:colcon.colcon_core.package_identification:_identify(src/phantomx_reactor_arm_description) by extension 'ignore'
[0.725s] Level 1:colcon.colcon_core.package_identification:_identify(src/phantomx_reactor_arm_description) by extension 'ignore_ament_install'
[0.725s] Level 1:colcon.colcon_core.package_identification:_identify(src/phantomx_reactor_arm_description) by extensions ['colcon_pkg']
[0.725s] Level 1:colcon.colcon_core.package_identification:_identify(src/phantomx_reactor_arm_description) by extension 'colcon_pkg'
[0.725s] Level 1:colcon.colcon_core.package_identification:_identify(src/phantomx_reactor_arm_description) by extensions ['colcon_meta']
[0.725s] Level 1:colcon.colcon_core.package_identification:_identify(src/phantomx_reactor_arm_description) by extension 'colcon_meta'
[0.725s] Level 1:colcon.colcon_core.package_identification:_identify(src/phantomx_reactor_arm_description) by extensions ['ros']
[0.725s] Level 1:colcon.colcon_core.package_identification:_identify(src/phantomx_reactor_arm_description) by extension 'ros'
[0.732s] DEBUG:colcon.colcon_core.package_identification:Package 'src/phantomx_reactor_arm_description' with type 'ros.ament_cmake' and name 'phantomx_reactor_arm_description'
[0.733s] Level 1:colcon.colcon_core.package_identification:_identify(src/phantomx_reactor_arm_moveit2_config) by extensions ['ignore', 'ignore_ament_install']
[0.733s] Level 1:colcon.colcon_core.package_identification:_identify(src/phantomx_reactor_arm_moveit2_config) by extension 'ignore'
[0.733s] Level 1:colcon.colcon_core.package_identification:_identify(src/phantomx_reactor_arm_moveit2_config) by extension 'ignore_ament_install'
[0.733s] Level 1:colcon.colcon_core.package_identification:_identify(src/phantomx_reactor_arm_moveit2_config) by extensions ['colcon_pkg']
[0.733s] Level 1:colcon.colcon_core.package_identification:_identify(src/phantomx_reactor_arm_moveit2_config) by extension 'colcon_pkg'
[0.733s] Level 1:colcon.colcon_core.package_identification:_identify(src/phantomx_reactor_arm_moveit2_config) by extensions ['colcon_meta']
[0.733s] Level 1:colcon.colcon_core.package_identification:_identify(src/phantomx_reactor_arm_moveit2_config) by extension 'colcon_meta'
[0.733s] Level 1:colcon.colcon_core.package_identification:_identify(src/phantomx_reactor_arm_moveit2_config) by extensions ['ros']
[0.733s] Level 1:colcon.colcon_core.package_identification:_identify(src/phantomx_reactor_arm_moveit2_config) by extension 'ros'
[0.734s] DEBUG:colcon.colcon_core.package_identification:Package 'src/phantomx_reactor_arm_moveit2_config' with type 'ros.ament_cmake' and name 'phantomx_reactor_arm_moveit2_config'
[0.734s] Level 1:colcon.colcon_core.package_discovery:discover_packages(recursive) using defaults
[0.734s] Level 1:colcon.colcon_core.package_discovery:discover_packages(ignore) discover
[0.734s] Level 1:colcon.colcon_core.package_discovery:discover_packages(ignore) using defaults
[0.734s] Level 1:colcon.colcon_core.package_discovery:discover_packages(path) discover
[0.734s] Level 1:colcon.colcon_core.package_discovery:discover_packages(path) using defaults
[0.785s] Level 1:colcon.colcon_core.package_discovery:discover_packages(prefix_path) check parameters
[0.785s] Level 1:colcon.colcon_core.package_discovery:discover_packages(prefix_path) discover
[0.792s] DEBUG:colcon.colcon_installed_package_information.package_discovery:Found 55 installed packages in /home/akinsantos/ws_moveit/install
[0.793s] DEBUG:colcon.colcon_installed_package_information.package_discovery:Found 362 installed packages in /opt/ros/humble
[0.795s] Level 1:colcon.colcon_core.package_discovery:discover_packages(prefix_path) using defaults
[0.910s] Level 5:colcon.colcon_core.verb:set package 'dynamixel_workbench_msgs' build argument 'cmake_args' from command line to 'None'
[0.910s] Level 5:colcon.colcon_core.verb:set package 'dynamixel_workbench_msgs' build argument 'cmake_target' from command line to 'None'
[0.910s] Level 5:colcon.colcon_core.verb:set package 'dynamixel_workbench_msgs' build argument 'cmake_target_skip_unavailable' from command line to 'False'
[0.910s] Level 5:colcon.colcon_core.verb:set package 'dynamixel_workbench_msgs' build argument 'cmake_clean_cache' from command line to 'False'
[0.910s] Level 5:colcon.colcon_core.verb:set package 'dynamixel_workbench_msgs' build argument 'cmake_clean_first' from command line to 'False'
[0.910s] Level 5:colcon.colcon_core.verb:set package 'dynamixel_workbench_msgs' build argument 'cmake_force_configure' from command line to 'False'
[0.910s] Level 5:colcon.colcon_core.verb:set package 'dynamixel_workbench_msgs' build argument 'ament_cmake_args' from command line to 'None'
[0.910s] Level 5:colcon.colcon_core.verb:set package 'dynamixel_workbench_msgs' build argument 'catkin_cmake_args' from command line to 'None'
[0.910s] Level 5:colcon.colcon_core.verb:set package 'dynamixel_workbench_msgs' build argument 'catkin_skip_building_tests' from command line to 'False'
[0.911s] DEBUG:colcon.colcon_core.verb:Building package 'dynamixel_workbench_msgs' with the following arguments: {'ament_cmake_args': None, 'build_base': '/home/akinsantos/minipulator_ws/build/dynamixel_workbench_msgs', 'catkin_cmake_args': None, 'catkin_skip_building_tests': False, 'cmake_args': None, 'cmake_clean_cache': False, 'cmake_clean_first': False, 'cmake_force_configure': False, 'cmake_target': None, 'cmake_target_skip_unavailable': False, 'install_base': '/home/akinsantos/minipulator_ws/install/dynamixel_workbench_msgs', 'merge_install': False, 'path': '/home/akinsantos/minipulator_ws/src/dynamixel-workbench-msgs/dynamixel_workbench_msgs', 'symlink_install': False, 'test_result_base': None}
[0.911s] Level 5:colcon.colcon_core.verb:set package 'dynamixel_workbench_toolbox' build argument 'cmake_args' from command line to 'None'
[0.911s] Level 5:colcon.colcon_core.verb:set package 'dynamixel_workbench_toolbox' build argument 'cmake_target' from command line to 'None'
[0.911s] Level 5:colcon.colcon_core.verb:set package 'dynamixel_workbench_toolbox' build argument 'cmake_target_skip_unavailable' from command line to 'False'
[0.911s] Level 5:colcon.colcon_core.verb:set package 'dynamixel_workbench_toolbox' build argument 'cmake_clean_cache' from command line to 'False'
[0.911s] Level 5:colcon.colcon_core.verb:set package 'dynamixel_workbench_toolbox' build argument 'cmake_clean_first' from command line to 'False'
[0.911s] Level 5:colcon.colcon_core.verb:set package 'dynamixel_workbench_toolbox' build argument 'cmake_force_configure' from command line to 'False'
[0.911s] Level 5:colcon.colcon_core.verb:set package 'dynamixel_workbench_toolbox' build argument 'ament_cmake_args' from command line to 'None'
[0.911s] Level 5:colcon.colcon_core.verb:set package 'dynamixel_workbench_toolbox' build argument 'catkin_cmake_args' from command line to 'None'
[0.911s] Level 5:colcon.colcon_core.verb:set package 'dynamixel_workbench_toolbox' build argument 'catkin_skip_building_tests' from command line to 'False'
[0.911s] DEBUG:colcon.colcon_core.verb:Building package 'dynamixel_workbench_toolbox' with the following arguments: {'ament_cmake_args': None, 'build_base': '/home/akinsantos/minipulator_ws/build/dynamixel_workbench_toolbox', 'catkin_cmake_args': None, 'catkin_skip_building_tests': False, 'cmake_args': None, 'cmake_clean_cache': False, 'cmake_clean_first': False, 'cmake_force_configure': False, 'cmake_target': None, 'cmake_target_skip_unavailable': False, 'install_base': '/home/akinsantos/minipulator_ws/install/dynamixel_workbench_toolbox', 'merge_install': False, 'path': '/home/akinsantos/minipulator_ws/src/dynamixel-workbench/dynamixel_workbench_toolbox', 'symlink_install': False, 'test_result_base': None}
[0.911s] Level 5:colcon.colcon_core.verb:set package 'open_manipulator_pro_gazebo' build argument 'cmake_args' from command line to 'None'
[0.911s] Level 5:colcon.colcon_core.verb:set package 'open_manipulator_pro_gazebo' build argument 'cmake_target' from command line to 'None'
[0.911s] Level 5:colcon.colcon_core.verb:set package 'open_manipulator_pro_gazebo' build argument 'cmake_target_skip_unavailable' from command line to 'False'
[0.911s] Level 5:colcon.colcon_core.verb:set package 'open_manipulator_pro_gazebo' build argument 'cmake_clean_cache' from command line to 'False'
[0.911s] Level 5:colcon.colcon_core.verb:set package 'open_manipulator_pro_gazebo' build argument 'cmake_clean_first' from command line to 'False'
[0.911s] Level 5:colcon.colcon_core.verb:set package 'open_manipulator_pro_gazebo' build argument 'cmake_force_configure' from command line to 'False'
[0.911s] Level 5:colcon.colcon_core.verb:set package 'open_manipulator_pro_gazebo' build argument 'ament_cmake_args' from command line to 'None'
[0.911s] Level 5:colcon.colcon_core.verb:set package 'open_manipulator_pro_gazebo' build argument 'catkin_cmake_args' from command line to 'None'
[0.911s] Level 5:colcon.colcon_core.verb:set package 'open_manipulator_pro_gazebo' build argument 'catkin_skip_building_tests' from command line to 'False'
[0.911s] DEBUG:colcon.colcon_core.verb:Building package 'open_manipulator_pro_gazebo' with the following arguments: {'ament_cmake_args': None, 'build_base': '/home/akinsantos/minipulator_ws/build/open_manipulator_pro_gazebo', 'catkin_cmake_args': None, 'catkin_skip_building_tests': False, 'cmake_args': None, 'cmake_clean_cache': False, 'cmake_clean_first': False, 'cmake_force_configure': False, 'cmake_target': None, 'cmake_target_skip_unavailable': False, 'install_base': '/home/akinsantos/minipulator_ws/install/open_manipulator_pro_gazebo', 'merge_install': False, 'path': '/home/akinsantos/minipulator_ws/src/open_manipulator_pro_gazebo', 'symlink_install': False, 'test_result_base': None}
[0.912s] Level 5:colcon.colcon_core.verb:set package 'phantomx_reactor_arm_description' build argument 'cmake_args' from command line to 'None'
[0.912s] Level 5:colcon.colcon_core.verb:set package 'phantomx_reactor_arm_description' build argument 'cmake_target' from command line to 'None'
[0.912s] Level 5:colcon.colcon_core.verb:set package 'phantomx_reactor_arm_description' build argument 'cmake_target_skip_unavailable' from command line to 'False'
[0.912s] Level 5:colcon.colcon_core.verb:set package 'phantomx_reactor_arm_description' build argument 'cmake_clean_cache' from command line to 'False'
[0.912s] Level 5:colcon.colcon_core.verb:set package 'phantomx_reactor_arm_description' build argument 'cmake_clean_first' from command line to 'False'
[0.912s] Level 5:colcon.colcon_core.verb:set package 'phantomx_reactor_arm_description' build argument 'cmake_force_configure' from command line to 'False'
[0.912s] Level 5:colcon.colcon_core.verb:set package 'phantomx_reactor_arm_description' build argument 'ament_cmake_args' from command line to 'None'
[0.912s] Level 5:colcon.colcon_core.verb:set package 'phantomx_reactor_arm_description' build argument 'catkin_cmake_args' from command line to 'None'
[0.912s] Level 5:colcon.colcon_core.verb:set package 'phantomx_reactor_arm_description' build argument 'catkin_skip_building_tests' from command line to 'False'
[0.912s] DEBUG:colcon.colcon_core.verb:Building package 'phantomx_reactor_arm_description' with the following arguments: {'ament_cmake_args': None, 'build_base': '/home/akinsantos/minipulator_ws/build/phantomx_reactor_arm_description', 'catkin_cmake_args': None, 'catkin_skip_building_tests': False, 'cmake_args': None, 'cmake_clean_cache': False, 'cmake_clean_first': False, 'cmake_force_configure': False, 'cmake_target': None, 'cmake_target_skip_unavailable': False, 'install_base': '/home/akinsantos/minipulator_ws/install/phantomx_reactor_arm_description', 'merge_install': False, 'path': '/home/akinsantos/minipulator_ws/src/phantomx_reactor_arm_description', 'symlink_install': False, 'test_result_base': None}
[0.912s] Level 5:colcon.colcon_core.verb:set package 'dynamixel_hardware' build argument 'cmake_args' from command line to 'None'
[0.912s] Level 5:colcon.colcon_core.verb:set package 'dynamixel_hardware' build argument 'cmake_target' from command line to 'None'
[0.912s] Level 5:colcon.colcon_core.verb:set package 'dynamixel_hardware' build argument 'cmake_target_skip_unavailable' from command line to 'False'
[0.912s] Level 5:colcon.colcon_core.verb:set package 'dynamixel_hardware' build argument 'cmake_clean_cache' from command line to 'False'
[0.912s] Level 5:colcon.colcon_core.verb:set package 'dynamixel_hardware' build argument 'cmake_clean_first' from command line to 'False'
[0.912s] Level 5:colcon.colcon_core.verb:set package 'dynamixel_hardware' build argument 'cmake_force_configure' from command line to 'False'
[0.912s] Level 5:colcon.colcon_core.verb:set package 'dynamixel_hardware' build argument 'ament_cmake_args' from command line to 'None'
[0.912s] Level 5:colcon.colcon_core.verb:set package 'dynamixel_hardware' build argument 'catkin_cmake_args' from command line to 'None'
[0.912s] Level 5:colcon.colcon_core.verb:set package 'dynamixel_hardware' build argument 'catkin_skip_building_tests' from command line to 'False'
[0.912s] DEBUG:colcon.colcon_core.verb:Building package 'dynamixel_hardware' with the following arguments: {'ament_cmake_args': None, 'build_base': '/home/akinsantos/minipulator_ws/build/dynamixel_hardware', 'catkin_cmake_args': None, 'catkin_skip_building_tests': False, 'cmake_args': None, 'cmake_clean_cache': False, 'cmake_clean_first': False, 'cmake_force_configure': False, 'cmake_target': None, 'cmake_target_skip_unavailable': False, 'install_base': '/home/akinsantos/minipulator_ws/install/dynamixel_hardware', 'merge_install': False, 'path': '/home/akinsantos/minipulator_ws/src/dynamixel_control/dynamixel_hardware', 'symlink_install': False, 'test_result_base': None}
[0.913s] Level 5:colcon.colcon_core.verb:set package 'dynamixel_workbench' build argument 'cmake_args' from command line to 'None'
[0.913s] Level 5:colcon.colcon_core.verb:set package 'dynamixel_workbench' build argument 'cmake_target' from command line to 'None'
[0.913s] Level 5:colcon.colcon_core.verb:set package 'dynamixel_workbench' build argument 'cmake_target_skip_unavailable' from command line to 'False'
[0.913s] Level 5:colcon.colcon_core.verb:set package 'dynamixel_workbench' build argument 'cmake_clean_cache' from command line to 'False'
[0.913s] Level 5:colcon.colcon_core.verb:set package 'dynamixel_workbench' build argument 'cmake_clean_first' from command line to 'False'
[0.913s] Level 5:colcon.colcon_core.verb:set package 'dynamixel_workbench' build argument 'cmake_force_configure' from command line to 'False'
[0.913s] Level 5:colcon.colcon_core.verb:set package 'dynamixel_workbench' build argument 'ament_cmake_args' from command line to 'None'
[0.913s] Level 5:colcon.colcon_core.verb:set package 'dynamixel_workbench' build argument 'catkin_cmake_args' from command line to 'None'
[0.913s] Level 5:colcon.colcon_core.verb:set package 'dynamixel_workbench' build argument 'catkin_skip_building_tests' from command line to 'False'
[0.913s] DEBUG:colcon.colcon_core.verb:Building package 'dynamixel_workbench' with the following arguments: {'ament_cmake_args': None, 'build_base': '/home/akinsantos/minipulator_ws/build/dynamixel_workbench', 'catkin_cmake_args': None, 'catkin_skip_building_tests': False, 'cmake_args': None, 'cmake_clean_cache': False, 'cmake_clean_first': False, 'cmake_force_configure': False, 'cmake_target': None, 'cmake_target_skip_unavailable': False, 'install_base': '/home/akinsantos/minipulator_ws/install/dynamixel_workbench', 'merge_install': False, 'path': '/home/akinsantos/minipulator_ws/src/dynamixel-workbench/dynamixel_workbench', 'symlink_install': False, 'test_result_base': None}
[0.913s] Level 5:colcon.colcon_core.verb:set package 'movevit2_test' build argument 'cmake_args' from command line to 'None'
[0.913s] Level 5:colcon.colcon_core.verb:set package 'movevit2_test' build argument 'cmake_target' from command line to 'None'
[0.913s] Level 5:colcon.colcon_core.verb:set package 'movevit2_test' build argument 'cmake_target_skip_unavailable' from command line to 'False'
[0.913s] Level 5:colcon.colcon_core.verb:set package 'movevit2_test' build argument 'cmake_clean_cache' from command line to 'False'
[0.913s] Level 5:colcon.colcon_core.verb:set package 'movevit2_test' build argument 'cmake_clean_first' from command line to 'False'
[0.913s] Level 5:colcon.colcon_core.verb:set package 'movevit2_test' build argument 'cmake_force_configure' from command line to 'False'
[0.913s] Level 5:colcon.colcon_core.verb:set package 'movevit2_test' build argument 'ament_cmake_args' from command line to 'None'
[0.913s] Level 5:colcon.colcon_core.verb:set package 'movevit2_test' build argument 'catkin_cmake_args' from command line to 'None'
[0.913s] Level 5:colcon.colcon_core.verb:set package 'movevit2_test' build argument 'catkin_skip_building_tests' from command line to 'False'
[0.913s] DEBUG:colcon.colcon_core.verb:Building package 'movevit2_test' with the following arguments: {'ament_cmake_args': None, 'build_base': '/home/akinsantos/minipulator_ws/build/movevit2_test', 'catkin_cmake_args': None, 'catkin_skip_building_tests': False, 'cmake_args': None, 'cmake_clean_cache': False, 'cmake_clean_first': False, 'cmake_force_configure': False, 'cmake_target': None, 'cmake_target_skip_unavailable': False, 'install_base': '/home/akinsantos/minipulator_ws/install/movevit2_test', 'merge_install': False, 'path': '/home/akinsantos/minipulator_ws/src/movevit2_test', 'symlink_install': False, 'test_result_base': None}
[0.913s] Level 5:colcon.colcon_core.verb:set package 'phantomx_reactor_arm_moveit2_config' build argument 'cmake_args' from command line to 'None'
[0.913s] Level 5:colcon.colcon_core.verb:set package 'phantomx_reactor_arm_moveit2_config' build argument 'cmake_target' from command line to 'None'
[0.913s] Level 5:colcon.colcon_core.verb:set package 'phantomx_reactor_arm_moveit2_config' build argument 'cmake_target_skip_unavailable' from command line to 'False'
[0.913s] Level 5:colcon.colcon_core.verb:set package 'phantomx_reactor_arm_moveit2_config' build argument 'cmake_clean_cache' from command line to 'False'
[0.913s] Level 5:colcon.colcon_core.verb:set package 'phantomx_reactor_arm_moveit2_config' build argument 'cmake_clean_first' from command line to 'False'
[0.913s] Level 5:colcon.colcon_core.verb:set package 'phantomx_reactor_arm_moveit2_config' build argument 'cmake_force_configure' from command line to 'False'
[0.913s] Level 5:colcon.colcon_core.verb:set package 'phantomx_reactor_arm_moveit2_config' build argument 'ament_cmake_args' from command line to 'None'
[0.914s] Level 5:colcon.colcon_core.verb:set package 'phantomx_reactor_arm_moveit2_config' build argument 'catkin_cmake_args' from command line to 'None'
[0.914s] Level 5:colcon.colcon_core.verb:set package 'phantomx_reactor_arm_moveit2_config' build argument 'catkin_skip_building_tests' from command line to 'False'
[0.914s] DEBUG:colcon.colcon_core.verb:Building package 'phantomx_reactor_arm_moveit2_config' with the following arguments: {'ament_cmake_args': None, 'build_base': '/home/akinsantos/minipulator_ws/build/phantomx_reactor_arm_moveit2_config', 'catkin_cmake_args': None, 'catkin_skip_building_tests': False, 'cmake_args': None, 'cmake_clean_cache': False, 'cmake_clean_first': False, 'cmake_force_configure': False, 'cmake_target': None, 'cmake_target_skip_unavailable': False, 'install_base': '/home/akinsantos/minipulator_ws/install/phantomx_reactor_arm_moveit2_config', 'merge_install': False, 'path': '/home/akinsantos/minipulator_ws/src/phantomx_reactor_arm_moveit2_config', 'symlink_install': False, 'test_result_base': None}
[0.914s] INFO:colcon.colcon_core.executor:Executing jobs using 'parallel' executor
[0.914s] DEBUG:colcon.colcon_parallel_executor.executor.parallel:run_until_complete
[0.914s] INFO:colcon.colcon_ros.task.ament_cmake.build:Building ROS package in '/home/akinsantos/minipulator_ws/src/dynamixel-workbench/dynamixel_workbench_toolbox' with build type 'ament_cmake'
[0.914s] INFO:colcon.colcon_cmake.task.cmake.build:Building CMake package in '/home/akinsantos/minipulator_ws/src/dynamixel-workbench/dynamixel_workbench_toolbox'
[0.920s] INFO:colcon.colcon_core.plugin_system:Skipping extension 'colcon_core.shell.bat': Not used on non-Windows systems
[0.920s] INFO:colcon.colcon_core.shell:Skip shell extension 'powershell' for command environment: Not usable outside of PowerShell
[0.920s] DEBUG:colcon.colcon_core.shell:Skip shell extension 'dsv' for command environment
[0.925s] INFO:colcon.colcon_ros.task.ament_cmake.build:Building ROS package in '/home/akinsantos/minipulator_ws/src/phantomx_reactor_arm_description' with build type 'ament_cmake'
[0.925s] INFO:colcon.colcon_cmake.task.cmake.build:Building CMake package in '/home/akinsantos/minipulator_ws/src/phantomx_reactor_arm_description'
[0.925s] INFO:colcon.colcon_core.shell:Skip shell extension 'powershell' for command environment: Not usable outside of PowerShell
[0.925s] DEBUG:colcon.colcon_core.shell:Skip shell extension 'dsv' for command environment
[0.931s] INFO:colcon.colcon_ros.task.ament_cmake.build:Building ROS package in '/home/akinsantos/minipulator_ws/src/dynamixel-workbench-msgs/dynamixel_workbench_msgs' with build type 'ament_cmake'
[0.931s] INFO:colcon.colcon_cmake.task.cmake.build:Building CMake package in '/home/akinsantos/minipulator_ws/src/dynamixel-workbench-msgs/dynamixel_workbench_msgs'
[0.931s] INFO:colcon.colcon_core.shell:Skip shell extension 'powershell' for command environment: Not usable outside of PowerShell
[0.931s] DEBUG:colcon.colcon_core.shell:Skip shell extension 'dsv' for command environment
[0.936s] INFO:colcon.colcon_ros.task.ament_cmake.build:Building ROS package in '/home/akinsantos/minipulator_ws/src/open_manipulator_pro_gazebo' with build type 'ament_cmake'
[0.936s] INFO:colcon.colcon_cmake.task.cmake.build:Building CMake package in '/home/akinsantos/minipulator_ws/src/open_manipulator_pro_gazebo'
[0.936s] INFO:colcon.colcon_core.shell:Skip shell extension 'powershell' for command environment: Not usable outside of PowerShell
[0.936s] DEBUG:colcon.colcon_core.shell:Skip shell extension 'dsv' for command environment
[0.944s] DEBUG:colcon.colcon_core.event_handler.log_command:Invoking command in '/home/akinsantos/minipulator_ws/build/dynamixel_workbench_toolbox': CMAKE_PREFIX_PATH=${CMAKE_PREFIX_PATH}:/home/akinsantos/ws_moveit/install/moveit_configs_utils:/home/akinsantos/ws_moveit/install/launch_param_builder:/opt/ros/humble /usr/bin/cmake --build /home/akinsantos/minipulator_ws/build/dynamixel_workbench_toolbox -- -j8 -l8
[0.954s] DEBUG:colcon.colcon_core.event_handler.log_command:Invoking command in '/home/akinsantos/minipulator_ws/build/phantomx_reactor_arm_description': CMAKE_PREFIX_PATH=${CMAKE_PREFIX_PATH}:/home/akinsantos/ws_moveit/install/moveit_configs_utils:/home/akinsantos/ws_moveit/install/launch_param_builder:/opt/ros/humble /usr/bin/cmake --build /home/akinsantos/minipulator_ws/build/phantomx_reactor_arm_description -- -j8 -l8
[0.959s] DEBUG:colcon.colcon_core.event_handler.log_command:Invoking command in '/home/akinsantos/minipulator_ws/build/dynamixel_workbench_msgs': CMAKE_PREFIX_PATH=${CMAKE_PREFIX_PATH}:/home/akinsantos/ws_moveit/install/moveit_configs_utils:/home/akinsantos/ws_moveit/install/launch_param_builder:/opt/ros/humble /usr/bin/cmake --build /home/akinsantos/minipulator_ws/build/dynamixel_workbench_msgs -- -j8 -l8
[0.966s] DEBUG:colcon.colcon_core.event_handler.log_command:Invoking command in '/home/akinsantos/minipulator_ws/build/open_manipulator_pro_gazebo': CMAKE_PREFIX_PATH=${CMAKE_PREFIX_PATH}:/home/akinsantos/ws_moveit/install/moveit_configs_utils:/home/akinsantos/ws_moveit/install/launch_param_builder:/opt/ros/humble /usr/bin/cmake --build /home/akinsantos/minipulator_ws/build/open_manipulator_pro_gazebo -- -j8 -l8
[1.239s] DEBUG:colcon.colcon_core.event_handler.log_command:Invoked command in '/home/akinsantos/minipulator_ws/build/open_manipulator_pro_gazebo' returned '0': CMAKE_PREFIX_PATH=${CMAKE_PREFIX_PATH}:/home/akinsantos/ws_moveit/install/moveit_configs_utils:/home/akinsantos/ws_moveit/install/launch_param_builder:/opt/ros/humble /usr/bin/cmake --build /home/akinsantos/minipulator_ws/build/open_manipulator_pro_gazebo -- -j8 -l8
[1.251s] DEBUG:colcon.colcon_core.event_handler.log_command:Invoking command in '/home/akinsantos/minipulator_ws/build/open_manipulator_pro_gazebo': CMAKE_PREFIX_PATH=${CMAKE_PREFIX_PATH}:/home/akinsantos/ws_moveit/install/moveit_configs_utils:/home/akinsantos/ws_moveit/install/launch_param_builder:/opt/ros/humble /usr/bin/cmake --install /home/akinsantos/minipulator_ws/build/open_manipulator_pro_gazebo
[1.281s] Level 1:colcon.colcon_core.environment:create_environment_scripts_only(open_manipulator_pro_gazebo)
[1.281s] DEBUG:colcon.colcon_core.event_handler.log_command:Invoked command in '/home/akinsantos/minipulator_ws/build/open_manipulator_pro_gazebo' returned '0': CMAKE_PREFIX_PATH=${CMAKE_PREFIX_PATH}:/home/akinsantos/ws_moveit/install/moveit_configs_utils:/home/akinsantos/ws_moveit/install/launch_param_builder:/opt/ros/humble /usr/bin/cmake --install /home/akinsantos/minipulator_ws/build/open_manipulator_pro_gazebo
[1.295s] Level 1:colcon.colcon_core.environment:checking '/home/akinsantos/minipulator_ws/install/open_manipulator_pro_gazebo' for CMake module files
[1.295s] Level 1:colcon.colcon_core.environment:checking '/home/akinsantos/minipulator_ws/install/open_manipulator_pro_gazebo' for CMake config files
[1.296s] Level 1:colcon.colcon_core.shell:create_environment_hook('open_manipulator_pro_gazebo', 'cmake_prefix_path')
[1.296s] INFO:colcon.colcon_core.shell:Creating environment hook '/home/akinsantos/minipulator_ws/install/open_manipulator_pro_gazebo/share/open_manipulator_pro_gazebo/hook/cmake_prefix_path.ps1'
[1.297s] INFO:colcon.colcon_core.shell:Creating environment descriptor '/home/akinsantos/minipulator_ws/install/open_manipulator_pro_gazebo/share/open_manipulator_pro_gazebo/hook/cmake_prefix_path.dsv'
[1.298s] INFO:colcon.colcon_core.shell:Creating environment hook '/home/akinsantos/minipulator_ws/install/open_manipulator_pro_gazebo/share/open_manipulator_pro_gazebo/hook/cmake_prefix_path.sh'
[1.299s] Level 1:colcon.colcon_core.environment:checking '/home/akinsantos/minipulator_ws/install/open_manipulator_pro_gazebo/bin'
[1.299s] Level 1:colcon.colcon_core.environment:checking '/home/akinsantos/minipulator_ws/install/open_manipulator_pro_gazebo/lib/pkgconfig/open_manipulator_pro_gazebo.pc'
[1.299s] Level 1:colcon.colcon_core.environment:checking '/home/akinsantos/minipulator_ws/install/open_manipulator_pro_gazebo/lib/python3.10/site-packages'
[1.299s] Level 1:colcon.colcon_core.environment:checking '/home/akinsantos/minipulator_ws/install/open_manipulator_pro_gazebo/bin'
[1.299s] INFO:colcon.colcon_core.shell:Creating package script '/home/akinsantos/minipulator_ws/install/open_manipulator_pro_gazebo/share/open_manipulator_pro_gazebo/package.ps1'
[1.300s] INFO:colcon.colcon_core.shell:Creating package descriptor '/home/akinsantos/minipulator_ws/install/open_manipulator_pro_gazebo/share/open_manipulator_pro_gazebo/package.dsv'
[1.301s] INFO:colcon.colcon_core.shell:Creating package script '/home/akinsantos/minipulator_ws/install/open_manipulator_pro_gazebo/share/open_manipulator_pro_gazebo/package.sh'
[1.302s] INFO:colcon.colcon_core.shell:Creating package script '/home/akinsantos/minipulator_ws/install/open_manipulator_pro_gazebo/share/open_manipulator_pro_gazebo/package.bash'
[1.303s] INFO:colcon.colcon_core.shell:Creating package script '/home/akinsantos/minipulator_ws/install/open_manipulator_pro_gazebo/share/open_manipulator_pro_gazebo/package.zsh'
[1.305s] Level 1:colcon.colcon_core.environment:create_file_with_runtime_dependencies(/home/akinsantos/minipulator_ws/install/open_manipulator_pro_gazebo/share/colcon-core/packages/open_manipulator_pro_gazebo)
[1.306s] Level 1:colcon.colcon_core.environment:create_environment_scripts_only(open_manipulator_pro_gazebo)
[1.306s] Level 1:colcon.colcon_core.environment:checking '/home/akinsantos/minipulator_ws/install/open_manipulator_pro_gazebo' for CMake module files
[1.306s] Level 1:colcon.colcon_core.environment:checking '/home/akinsantos/minipulator_ws/install/open_manipulator_pro_gazebo' for CMake config files
[1.306s] Level 1:colcon.colcon_core.shell:create_environment_hook('open_manipulator_pro_gazebo', 'cmake_prefix_path')
[1.307s] INFO:colcon.colcon_core.shell:Creating environment hook '/home/akinsantos/minipulator_ws/install/open_manipulator_pro_gazebo/share/open_manipulator_pro_gazebo/hook/cmake_prefix_path.ps1'
[1.307s] INFO:colcon.colcon_core.shell:Creating environment descriptor '/home/akinsantos/minipulator_ws/install/open_manipulator_pro_gazebo/share/open_manipulator_pro_gazebo/hook/cmake_prefix_path.dsv'
[1.307s] INFO:colcon.colcon_core.shell:Creating environment hook '/home/akinsantos/minipulator_ws/install/open_manipulator_pro_gazebo/share/open_manipulator_pro_gazebo/hook/cmake_prefix_path.sh'
[1.308s] Level 1:colcon.colcon_core.environment:checking '/home/akinsantos/minipulator_ws/install/open_manipulator_pro_gazebo/bin'
[1.308s] Level 1:colcon.colcon_core.environment:checking '/home/akinsantos/minipulator_ws/install/open_manipulator_pro_gazebo/lib/pkgconfig/open_manipulator_pro_gazebo.pc'
[1.308s] Level 1:colcon.colcon_core.environment:checking '/home/akinsantos/minipulator_ws/install/open_manipulator_pro_gazebo/lib/python3.10/site-packages'
[1.308s] Level 1:colcon.colcon_core.environment:checking '/home/akinsantos/minipulator_ws/install/open_manipulator_pro_gazebo/bin'
[1.308s] INFO:colcon.colcon_core.shell:Creating package script '/home/akinsantos/minipulator_ws/install/open_manipulator_pro_gazebo/share/open_manipulator_pro_gazebo/package.ps1'
[1.309s] INFO:colcon.colcon_core.shell:Creating package descriptor '/home/akinsantos/minipulator_ws/install/open_manipulator_pro_gazebo/share/open_manipulator_pro_gazebo/package.dsv'
[1.309s] INFO:colcon.colcon_core.shell:Creating package script '/home/akinsantos/minipulator_ws/install/open_manipulator_pro_gazebo/share/open_manipulator_pro_gazebo/package.sh'
[1.310s] INFO:colcon.colcon_core.shell:Creating package script '/home/akinsantos/minipulator_ws/install/open_manipulator_pro_gazebo/share/open_manipulator_pro_gazebo/package.bash'
[1.310s] INFO:colcon.colcon_core.shell:Creating package script '/home/akinsantos/minipulator_ws/install/open_manipulator_pro_gazebo/share/open_manipulator_pro_gazebo/package.zsh'
[1.311s] Level 1:colcon.colcon_core.environment:create_file_with_runtime_dependencies(/home/akinsantos/minipulator_ws/install/open_manipulator_pro_gazebo/share/colcon-core/packages/open_manipulator_pro_gazebo)
[1.312s] DEBUG:colcon.colcon_core.event_handler.log_command:Invoked command in '/home/akinsantos/minipulator_ws/build/dynamixel_workbench_toolbox' returned '0': CMAKE_PREFIX_PATH=${CMAKE_PREFIX_PATH}:/home/akinsantos/ws_moveit/install/moveit_configs_utils:/home/akinsantos/ws_moveit/install/launch_param_builder:/opt/ros/humble /usr/bin/cmake --build /home/akinsantos/minipulator_ws/build/dynamixel_workbench_toolbox -- -j8 -l8
[1.314s] DEBUG:colcon.colcon_core.event_handler.log_command:Invoking command in '/home/akinsantos/minipulator_ws/build/dynamixel_workbench_toolbox': CMAKE_PREFIX_PATH=${CMAKE_PREFIX_PATH}:/home/akinsantos/ws_moveit/install/moveit_configs_utils:/home/akinsantos/ws_moveit/install/launch_param_builder:/opt/ros/humble /usr/bin/cmake --install /home/akinsantos/minipulator_ws/build/dynamixel_workbench_toolbox
[1.328s] Level 1:colcon.colcon_core.environment:create_environment_scripts_only(dynamixel_workbench_toolbox)
[1.329s] Level 1:colcon.colcon_core.environment:checking '/home/akinsantos/minipulator_ws/install/dynamixel_workbench_toolbox' for CMake module files
[1.329s] DEBUG:colcon.colcon_core.event_handler.log_command:Invoked command in '/home/akinsantos/minipulator_ws/build/dynamixel_workbench_toolbox' returned '0': CMAKE_PREFIX_PATH=${CMAKE_PREFIX_PATH}:/home/akinsantos/ws_moveit/install/moveit_configs_utils:/home/akinsantos/ws_moveit/install/launch_param_builder:/opt/ros/humble /usr/bin/cmake --install /home/akinsantos/minipulator_ws/build/dynamixel_workbench_toolbox
[1.329s] Level 1:colcon.colcon_core.environment:checking '/home/akinsantos/minipulator_ws/install/dynamixel_workbench_toolbox' for CMake config files
[1.329s] Level 1:colcon.colcon_core.shell:create_environment_hook('dynamixel_workbench_toolbox', 'cmake_prefix_path')
[1.330s] INFO:colcon.colcon_core.shell:Creating environment hook '/home/akinsantos/minipulator_ws/install/dynamixel_workbench_toolbox/share/dynamixel_workbench_toolbox/hook/cmake_prefix_path.ps1'
[1.330s] INFO:colcon.colcon_core.shell:Creating environment descriptor '/home/akinsantos/minipulator_ws/install/dynamixel_workbench_toolbox/share/dynamixel_workbench_toolbox/hook/cmake_prefix_path.dsv'
[1.330s] INFO:colcon.colcon_core.shell:Creating environment hook '/home/akinsantos/minipulator_ws/install/dynamixel_workbench_toolbox/share/dynamixel_workbench_toolbox/hook/cmake_prefix_path.sh'
[1.331s] Level 1:colcon.colcon_core.environment:checking '/home/akinsantos/minipulator_ws/install/dynamixel_workbench_toolbox/lib'
[1.331s] Level 1:colcon.colcon_core.shell:create_environment_hook('dynamixel_workbench_toolbox', 'ld_library_path_lib')
[1.331s] INFO:colcon.colcon_core.shell:Creating environment hook '/home/akinsantos/minipulator_ws/install/dynamixel_workbench_toolbox/share/dynamixel_workbench_toolbox/hook/ld_library_path_lib.ps1'
[1.331s] INFO:colcon.colcon_core.shell:Creating environment descriptor '/home/akinsantos/minipulator_ws/install/dynamixel_workbench_toolbox/share/dynamixel_workbench_toolbox/hook/ld_library_path_lib.dsv'
[1.332s] INFO:colcon.colcon_core.shell:Creating environment hook '/home/akinsantos/minipulator_ws/install/dynamixel_workbench_toolbox/share/dynamixel_workbench_toolbox/hook/ld_library_path_lib.sh'
[1.332s] Level 1:colcon.colcon_core.environment:checking '/home/akinsantos/minipulator_ws/install/dynamixel_workbench_toolbox/bin'
[1.332s] Level 1:colcon.colcon_core.environment:checking '/home/akinsantos/minipulator_ws/install/dynamixel_workbench_toolbox/lib/pkgconfig/dynamixel_workbench_toolbox.pc'
[1.332s] Level 1:colcon.colcon_core.environment:checking '/home/akinsantos/minipulator_ws/install/dynamixel_workbench_toolbox/lib/python3.10/site-packages'
[1.332s] Level 1:colcon.colcon_core.environment:checking '/home/akinsantos/minipulator_ws/install/dynamixel_workbench_toolbox/bin'
[1.333s] INFO:colcon.colcon_core.shell:Creating package script '/home/akinsantos/minipulator_ws/install/dynamixel_workbench_toolbox/share/dynamixel_workbench_toolbox/package.ps1'
[1.333s] INFO:colcon.colcon_core.shell:Creating package descriptor '/home/akinsantos/minipulator_ws/install/dynamixel_workbench_toolbox/share/dynamixel_workbench_toolbox/package.dsv'
[1.333s] INFO:colcon.colcon_core.shell:Creating package script '/home/akinsantos/minipulator_ws/install/dynamixel_workbench_toolbox/share/dynamixel_workbench_toolbox/package.sh'
[1.334s] INFO:colcon.colcon_core.shell:Creating package script '/home/akinsantos/minipulator_ws/install/dynamixel_workbench_toolbox/share/dynamixel_workbench_toolbox/package.bash'
[1.334s] INFO:colcon.colcon_core.shell:Creating package script '/home/akinsantos/minipulator_ws/install/dynamixel_workbench_toolbox/share/dynamixel_workbench_toolbox/package.zsh'
[1.334s] Level 1:colcon.colcon_core.environment:create_file_with_runtime_dependencies(/home/akinsantos/minipulator_ws/install/dynamixel_workbench_toolbox/share/colcon-core/packages/dynamixel_workbench_toolbox)
[1.335s] Level 1:colcon.colcon_core.environment:create_environment_scripts_only(dynamixel_workbench_toolbox)
[1.335s] Level 1:colcon.colcon_core.environment:checking '/home/akinsantos/minipulator_ws/install/dynamixel_workbench_toolbox' for CMake module files
[1.335s] Level 1:colcon.colcon_core.environment:checking '/home/akinsantos/minipulator_ws/install/dynamixel_workbench_toolbox' for CMake config files
[1.336s] Level 1:colcon.colcon_core.shell:create_environment_hook('dynamixel_workbench_toolbox', 'cmake_prefix_path')
[1.336s] INFO:colcon.colcon_core.shell:Creating environment hook '/home/akinsantos/minipulator_ws/install/dynamixel_workbench_toolbox/share/dynamixel_workbench_toolbox/hook/cmake_prefix_path.ps1'
[1.336s] INFO:colcon.colcon_core.shell:Creating environment descriptor '/home/akinsantos/minipulator_ws/install/dynamixel_workbench_toolbox/share/dynamixel_workbench_toolbox/hook/cmake_prefix_path.dsv'
[1.336s] INFO:colcon.colcon_core.shell:Creating environment hook '/home/akinsantos/minipulator_ws/install/dynamixel_workbench_toolbox/share/dynamixel_workbench_toolbox/hook/cmake_prefix_path.sh'
[1.337s] Level 1:colcon.colcon_core.environment:checking '/home/akinsantos/minipulator_ws/install/dynamixel_workbench_toolbox/lib'
[1.337s] Level 1:colcon.colcon_core.shell:create_environment_hook('dynamixel_workbench_toolbox', 'ld_library_path_lib')
[1.337s] INFO:colcon.colcon_core.shell:Creating environment hook '/home/akinsantos/minipulator_ws/install/dynamixel_workbench_toolbox/share/dynamixel_workbench_toolbox/hook/ld_library_path_lib.ps1'
[1.337s] INFO:colcon.colcon_core.shell:Creating environment descriptor '/home/akinsantos/minipulator_ws/install/dynamixel_workbench_toolbox/share/dynamixel_workbench_toolbox/hook/ld_library_path_lib.dsv'
[1.337s] INFO:colcon.colcon_core.shell:Creating environment hook '/home/akinsantos/minipulator_ws/install/dynamixel_workbench_toolbox/share/dynamixel_workbench_toolbox/hook/ld_library_path_lib.sh'
[1.338s] Level 1:colcon.colcon_core.environment:checking '/home/akinsantos/minipulator_ws/install/dynamixel_workbench_toolbox/bin'
[1.338s] Level 1:colcon.colcon_core.environment:checking '/home/akinsantos/minipulator_ws/install/dynamixel_workbench_toolbox/lib/pkgconfig/dynamixel_workbench_toolbox.pc'
[1.338s] Level 1:colcon.colcon_core.environment:checking '/home/akinsantos/minipulator_ws/install/dynamixel_workbench_toolbox/lib/python3.10/site-packages'
[1.338s] Level 1:colcon.colcon_core.environment:checking '/home/akinsantos/minipulator_ws/install/dynamixel_workbench_toolbox/bin'
[1.338s] INFO:colcon.colcon_core.shell:Creating package script '/home/akinsantos/minipulator_ws/install/dynamixel_workbench_toolbox/share/dynamixel_workbench_toolbox/package.ps1'
[1.339s] INFO:colcon.colcon_core.shell:Creating package descriptor '/home/akinsantos/minipulator_ws/install/dynamixel_workbench_toolbox/share/dynamixel_workbench_toolbox/package.dsv'
[1.339s] INFO:colcon.colcon_core.shell:Creating package script '/home/akinsantos/minipulator_ws/install/dynamixel_workbench_toolbox/share/dynamixel_workbench_toolbox/package.sh'
[1.339s] INFO:colcon.colcon_core.shell:Creating package script '/home/akinsantos/minipulator_ws/install/dynamixel_workbench_toolbox/share/dynamixel_workbench_toolbox/package.bash'
[1.340s] INFO:colcon.colcon_core.shell:Creating package script '/home/akinsantos/minipulator_ws/install/dynamixel_workbench_toolbox/share/dynamixel_workbench_toolbox/package.zsh'
[1.340s] Level 1:colcon.colcon_core.environment:create_file_with_runtime_dependencies(/home/akinsantos/minipulator_ws/install/dynamixel_workbench_toolbox/share/colcon-core/packages/dynamixel_workbench_toolbox)
[1.340s] INFO:colcon.colcon_ros.task.ament_cmake.build:Building ROS package in '/home/akinsantos/minipulator_ws/src/dynamixel_control/dynamixel_hardware' with build type 'ament_cmake'
[1.340s] INFO:colcon.colcon_cmake.task.cmake.build:Building CMake package in '/home/akinsantos/minipulator_ws/src/dynamixel_control/dynamixel_hardware'
[1.340s] INFO:colcon.colcon_core.shell:Skip shell extension 'powershell' for command environment: Not usable outside of PowerShell
[1.340s] DEBUG:colcon.colcon_core.shell:Skip shell extension 'dsv' for command environment
[1.346s] INFO:colcon.colcon_ros.task.ament_cmake.build:Building ROS package in '/home/akinsantos/minipulator_ws/src/dynamixel-workbench/dynamixel_workbench' with build type 'ament_cmake'
[1.346s] INFO:colcon.colcon_cmake.task.cmake.build:Building CMake package in '/home/akinsantos/minipulator_ws/src/dynamixel-workbench/dynamixel_workbench'
[1.346s] INFO:colcon.colcon_core.shell:Skip shell extension 'powershell' for command environment: Not usable outside of PowerShell
[1.346s] DEBUG:colcon.colcon_core.shell:Skip shell extension 'dsv' for command environment
[1.352s] DEBUG:colcon.colcon_core.event_handler.log_command:Invoked command in '/home/akinsantos/minipulator_ws/build/phantomx_reactor_arm_description' returned '0': CMAKE_PREFIX_PATH=${CMAKE_PREFIX_PATH}:/home/akinsantos/ws_moveit/install/moveit_configs_utils:/home/akinsantos/ws_moveit/install/launch_param_builder:/opt/ros/humble /usr/bin/cmake --build /home/akinsantos/minipulator_ws/build/phantomx_reactor_arm_description -- -j8 -l8
[1.353s] DEBUG:colcon.colcon_core.event_handler.log_command:Invoking command in '/home/akinsantos/minipulator_ws/build/phantomx_reactor_arm_description': CMAKE_PREFIX_PATH=${CMAKE_PREFIX_PATH}:/home/akinsantos/ws_moveit/install/moveit_configs_utils:/home/akinsantos/ws_moveit/install/launch_param_builder:/opt/ros/humble /usr/bin/cmake --install /home/akinsantos/minipulator_ws/build/phantomx_reactor_arm_description
[1.357s] DEBUG:colcon.colcon_core.event_handler.log_command:Invoking command in '/home/akinsantos/minipulator_ws/build/dynamixel_hardware': AMENT_PREFIX_PATH=/home/akinsantos/minipulator_ws/install/dynamixel_workbench_toolbox:${AMENT_PREFIX_PATH} CMAKE_PREFIX_PATH=/home/akinsantos/minipulator_ws/install/dynamixel_workbench_toolbox:/home/akinsantos/ws_moveit/install/pilz_industrial_motion_planner_testutils:/home/akinsantos/ws_moveit/install/moveit_runtime:/home/akinsantos/ws_moveit/install/moveit2_tutorials:/home/akinsantos/ws_moveit/install/moveit:/home/akinsantos/ws_moveit/install/moveit_planners:/home/akinsantos/ws_moveit/install/pilz_industrial_motion_planner:/home/akinsantos/ws_moveit/install/moveit_visual_tools:/home/akinsantos/ws_moveit/install/moveit_task_constructor_visualization:/home/akinsantos/ws_moveit/install/moveit_task_constructor_demo:/home/akinsantos/ws_moveit/install/moveit_task_constructor_capabilities:/home/akinsantos/ws_moveit/install/moveit_task_constructor_core:/home/akinsantos/ws_moveit/install/moveit_ros_control_interface:/home/akinsantos/ws_moveit/install/moveit_plugins:/home/akinsantos/ws_moveit/install/moveit_simple_controller_manager:/home/akinsantos/ws_moveit/install/moveit_setup_assistant:/home/akinsantos/ws_moveit/install/moveit_setup_srdf_plugins:/home/akinsantos/ws_moveit/install/moveit_setup_core_plugins:/home/akinsantos/ws_moveit/install/moveit_setup_controllers:/home/akinsantos/ws_moveit/install/moveit_setup_app_plugins:/home/akinsantos/ws_moveit/install/moveit_setup_framework:/home/akinsantos/ws_moveit/install/moveit_servo:/home/akinsantos/ws_moveit/install/moveit_ros:/home/akinsantos/ws_moveit/install/moveit_ros_visualization:/home/akinsantos/ws_moveit/install/moveit_hybrid_planning:/home/akinsantos/ws_moveit/install/moveit_ros_planning_interface:/home/akinsantos/ws_moveit/install/moveit_ros_benchmarks:/home/akinsantos/ws_moveit/install/moveit_ros_warehouse:/home/akinsantos/ws_moveit/install/moveit_ros_robot_interaction:/home/akinsantos/ws_moveit/install/moveit_ros_perception:/home/akinsantos/ws_moveit/install/moveit_resources_prbt_pg70_support:/home/akinsantos/ws_moveit/install/moveit_resources_prbt_moveit_config:/home/akinsantos/ws_moveit/install/moveit_ros_move_group:/home/akinsantos/ws_moveit/install/moveit_planners_ompl:/home/akinsantos/ws_moveit/install/moveit_ros_planning:/home/akinsantos/ws_moveit/install/moveit_ros_occupancy_map_monitor:/home/akinsantos/ws_moveit/install/moveit_resources_prbt_ikfast_manipulator_plugin:/home/akinsantos/ws_moveit/install/moveit_planners_chomp:/home/akinsantos/ws_moveit/install/moveit_kinematics:/home/akinsantos/ws_moveit/install/moveit_chomp_optimizer_adapter:/home/akinsantos/ws_moveit/install/chomp_motion_planner:/home/akinsantos/ws_moveit/install/moveit_core:/home/akinsantos/ws_moveit/install/srdfdom:/home/akinsantos/ws_moveit/install/rviz_marker_tools:/home/akinsantos/ws_moveit/install/rosparam_shortcuts:/home/akinsantos/ws_moveit/install/moveit_task_constructor_msgs:/home/akinsantos/ws_moveit/install/moveit_resources_prbt_support:/home/akinsantos/ws_moveit/install/moveit_resources:/home/akinsantos/ws_moveit/install/moveit_resources_pr2_description:/home/akinsantos/ws_moveit/install/moveit_resources_panda_moveit_config:/home/akinsantos/ws_moveit/install/moveit_resources_panda_description:/home/akinsantos/ws_moveit/install/moveit_resources_fanuc_moveit_config:/home/akinsantos/ws_moveit/install/moveit_resources_fanuc_description:/home/akinsantos/ws_moveit/install/moveit_common:/home/akinsantos/ws_moveit/install/moveit_configs_utils:/home/akinsantos/ws_moveit/install/launch_param_builder:/opt/ros/humble LD_LIBRARY_PATH=/home/akinsantos/minipulator_ws/install/dynamixel_workbench_toolbox/lib:${LD_LIBRARY_PATH} /usr/bin/cmake --build /home/akinsantos/minipulator_ws/build/dynamixel_hardware -- -j8 -l8
[1.359s] DEBUG:colcon.colcon_core.event_handler.log_command:Invoking command in '/home/akinsantos/minipulator_ws/build/dynamixel_workbench': AMENT_PREFIX_PATH=/home/akinsantos/minipulator_ws/install/dynamixel_workbench_toolbox:${AMENT_PREFIX_PATH} CMAKE_PREFIX_PATH=/home/akinsantos/minipulator_ws/install/dynamixel_workbench_toolbox:/home/akinsantos/ws_moveit/install/pilz_industrial_motion_planner_testutils:/home/akinsantos/ws_moveit/install/moveit_runtime:/home/akinsantos/ws_moveit/install/moveit2_tutorials:/home/akinsantos/ws_moveit/install/moveit:/home/akinsantos/ws_moveit/install/moveit_planners:/home/akinsantos/ws_moveit/install/pilz_industrial_motion_planner:/home/akinsantos/ws_moveit/install/moveit_visual_tools:/home/akinsantos/ws_moveit/install/moveit_task_constructor_visualization:/home/akinsantos/ws_moveit/install/moveit_task_constructor_demo:/home/akinsantos/ws_moveit/install/moveit_task_constructor_capabilities:/home/akinsantos/ws_moveit/install/moveit_task_constructor_core:/home/akinsantos/ws_moveit/install/moveit_ros_control_interface:/home/akinsantos/ws_moveit/install/moveit_plugins:/home/akinsantos/ws_moveit/install/moveit_simple_controller_manager:/home/akinsantos/ws_moveit/install/moveit_setup_assistant:/home/akinsantos/ws_moveit/install/moveit_setup_srdf_plugins:/home/akinsantos/ws_moveit/install/moveit_setup_core_plugins:/home/akinsantos/ws_moveit/install/moveit_setup_controllers:/home/akinsantos/ws_moveit/install/moveit_setup_app_plugins:/home/akinsantos/ws_moveit/install/moveit_setup_framework:/home/akinsantos/ws_moveit/install/moveit_servo:/home/akinsantos/ws_moveit/install/moveit_ros:/home/akinsantos/ws_moveit/install/moveit_ros_visualization:/home/akinsantos/ws_moveit/install/moveit_hybrid_planning:/home/akinsantos/ws_moveit/install/moveit_ros_planning_interface:/home/akinsantos/ws_moveit/install/moveit_ros_benchmarks:/home/akinsantos/ws_moveit/install/moveit_ros_warehouse:/home/akinsantos/ws_moveit/install/moveit_ros_robot_interaction:/home/akinsantos/ws_moveit/install/moveit_ros_perception:/home/akinsantos/ws_moveit/install/moveit_resources_prbt_pg70_support:/home/akinsantos/ws_moveit/install/moveit_resources_prbt_moveit_config:/home/akinsantos/ws_moveit/install/moveit_ros_move_group:/home/akinsantos/ws_moveit/install/moveit_planners_ompl:/home/akinsantos/ws_moveit/install/moveit_ros_planning:/home/akinsantos/ws_moveit/install/moveit_ros_occupancy_map_monitor:/home/akinsantos/ws_moveit/install/moveit_resources_prbt_ikfast_manipulator_plugin:/home/akinsantos/ws_moveit/install/moveit_planners_chomp:/home/akinsantos/ws_moveit/install/moveit_kinematics:/home/akinsantos/ws_moveit/install/moveit_chomp_optimizer_adapter:/home/akinsantos/ws_moveit/install/chomp_motion_planner:/home/akinsantos/ws_moveit/install/moveit_core:/home/akinsantos/ws_moveit/install/srdfdom:/home/akinsantos/ws_moveit/install/rviz_marker_tools:/home/akinsantos/ws_moveit/install/rosparam_shortcuts:/home/akinsantos/ws_moveit/install/moveit_task_constructor_msgs:/home/akinsantos/ws_moveit/install/moveit_resources_prbt_support:/home/akinsantos/ws_moveit/install/moveit_resources:/home/akinsantos/ws_moveit/install/moveit_resources_pr2_description:/home/akinsantos/ws_moveit/install/moveit_resources_panda_moveit_config:/home/akinsantos/ws_moveit/install/moveit_resources_panda_description:/home/akinsantos/ws_moveit/install/moveit_resources_fanuc_moveit_config:/home/akinsantos/ws_moveit/install/moveit_resources_fanuc_description:/home/akinsantos/ws_moveit/install/moveit_common:/home/akinsantos/ws_moveit/install/moveit_configs_utils:/home/akinsantos/ws_moveit/install/launch_param_builder:/opt/ros/humble LD_LIBRARY_PATH=/home/akinsantos/minipulator_ws/install/dynamixel_workbench_toolbox/lib:${LD_LIBRARY_PATH} /usr/bin/cmake --build /home/akinsantos/minipulator_ws/build/dynamixel_workbench -- -j8 -l8
[1.367s] Level 1:colcon.colcon_core.environment:create_environment_scripts_only(phantomx_reactor_arm_description)
[1.367s] Level 1:colcon.colcon_core.environment:checking '/home/akinsantos/minipulator_ws/install/phantomx_reactor_arm_description' for CMake module files
[1.368s] DEBUG:colcon.colcon_core.event_handler.log_command:Invoked command in '/home/akinsantos/minipulator_ws/build/phantomx_reactor_arm_description' returned '0': CMAKE_PREFIX_PATH=${CMAKE_PREFIX_PATH}:/home/akinsantos/ws_moveit/install/moveit_configs_utils:/home/akinsantos/ws_moveit/install/launch_param_builder:/opt/ros/humble /usr/bin/cmake --install /home/akinsantos/minipulator_ws/build/phantomx_reactor_arm_description
[1.368s] Level 1:colcon.colcon_core.environment:checking '/home/akinsantos/minipulator_ws/install/phantomx_reactor_arm_description' for CMake config files
[1.368s] Level 1:colcon.colcon_core.shell:create_environment_hook('phantomx_reactor_arm_description', 'cmake_prefix_path')
[1.368s] INFO:colcon.colcon_core.shell:Creating environment hook '/home/akinsantos/minipulator_ws/install/phantomx_reactor_arm_description/share/phantomx_reactor_arm_description/hook/cmake_prefix_path.ps1'
[1.369s] INFO:colcon.colcon_core.shell:Creating environment descriptor '/home/akinsantos/minipulator_ws/install/phantomx_reactor_arm_description/share/phantomx_reactor_arm_description/hook/cmake_prefix_path.dsv'
[1.369s] INFO:colcon.colcon_core.shell:Creating environment hook '/home/akinsantos/minipulator_ws/install/phantomx_reactor_arm_description/share/phantomx_reactor_arm_description/hook/cmake_prefix_path.sh'
[1.369s] Level 1:colcon.colcon_core.environment:checking '/home/akinsantos/minipulator_ws/install/phantomx_reactor_arm_description/bin'
[1.369s] Level 1:colcon.colcon_core.environment:checking '/home/akinsantos/minipulator_ws/install/phantomx_reactor_arm_description/lib/pkgconfig/phantomx_reactor_arm_description.pc'
[1.369s] Level 1:colcon.colcon_core.environment:checking '/home/akinsantos/minipulator_ws/install/phantomx_reactor_arm_description/lib/python3.10/site-packages'
[1.370s] Level 1:colcon.colcon_core.environment:checking '/home/akinsantos/minipulator_ws/install/phantomx_reactor_arm_description/bin'
[1.370s] INFO:colcon.colcon_core.shell:Creating package script '/home/akinsantos/minipulator_ws/install/phantomx_reactor_arm_description/share/phantomx_reactor_arm_description/package.ps1'
[1.370s] INFO:colcon.colcon_core.shell:Creating package descriptor '/home/akinsantos/minipulator_ws/install/phantomx_reactor_arm_description/share/phantomx_reactor_arm_description/package.dsv'
[1.371s] INFO:colcon.colcon_core.shell:Creating package script '/home/akinsantos/minipulator_ws/install/phantomx_reactor_arm_description/share/phantomx_reactor_arm_description/package.sh'
[1.371s] INFO:colcon.colcon_core.shell:Creating package script '/home/akinsantos/minipulator_ws/install/phantomx_reactor_arm_description/share/phantomx_reactor_arm_description/package.bash'
[1.371s] INFO:colcon.colcon_core.shell:Creating package script '/home/akinsantos/minipulator_ws/install/phantomx_reactor_arm_description/share/phantomx_reactor_arm_description/package.zsh'
[1.371s] Level 1:colcon.colcon_core.environment:create_file_with_runtime_dependencies(/home/akinsantos/minipulator_ws/install/phantomx_reactor_arm_description/share/colcon-core/packages/phantomx_reactor_arm_description)
[1.372s] Level 1:colcon.colcon_core.environment:create_environment_scripts_only(phantomx_reactor_arm_description)
[1.372s] Level 1:colcon.colcon_core.environment:checking '/home/akinsantos/minipulator_ws/install/phantomx_reactor_arm_description' for CMake module files
[1.373s] Level 1:colcon.colcon_core.environment:checking '/home/akinsantos/minipulator_ws/install/phantomx_reactor_arm_description' for CMake config files
[1.373s] Level 1:colcon.colcon_core.shell:create_environment_hook('phantomx_reactor_arm_description', 'cmake_prefix_path')
[1.373s] INFO:colcon.colcon_core.shell:Creating environment hook '/home/akinsantos/minipulator_ws/install/phantomx_reactor_arm_description/share/phantomx_reactor_arm_description/hook/cmake_prefix_path.ps1'
[1.373s] INFO:colcon.colcon_core.shell:Creating environment descriptor '/home/akinsantos/minipulator_ws/install/phantomx_reactor_arm_description/share/phantomx_reactor_arm_description/hook/cmake_prefix_path.dsv'
[1.373s] INFO:colcon.colcon_core.shell:Creating environment hook '/home/akinsantos/minipulator_ws/install/phantomx_reactor_arm_description/share/phantomx_reactor_arm_description/hook/cmake_prefix_path.sh'
[1.374s] Level 1:colcon.colcon_core.environment:checking '/home/akinsantos/minipulator_ws/install/phantomx_reactor_arm_description/bin'
[1.374s] Level 1:colcon.colcon_core.environment:checking '/home/akinsantos/minipulator_ws/install/phantomx_reactor_arm_description/lib/pkgconfig/phantomx_reactor_arm_description.pc'
[1.374s] Level 1:colcon.colcon_core.environment:checking '/home/akinsantos/minipulator_ws/install/phantomx_reactor_arm_description/lib/python3.10/site-packages'
[1.374s] Level 1:colcon.colcon_core.environment:checking '/home/akinsantos/minipulator_ws/install/phantomx_reactor_arm_description/bin'
[1.374s] INFO:colcon.colcon_core.shell:Creating package script '/home/akinsantos/minipulator_ws/install/phantomx_reactor_arm_description/share/phantomx_reactor_arm_description/package.ps1'
[1.375s] INFO:colcon.colcon_core.shell:Creating package descriptor '/home/akinsantos/minipulator_ws/install/phantomx_reactor_arm_description/share/phantomx_reactor_arm_description/package.dsv'
[1.375s] INFO:colcon.colcon_core.shell:Creating package script '/home/akinsantos/minipulator_ws/install/phantomx_reactor_arm_description/share/phantomx_reactor_arm_description/package.sh'
[1.375s] INFO:colcon.colcon_core.shell:Creating package script '/home/akinsantos/minipulator_ws/install/phantomx_reactor_arm_description/share/phantomx_reactor_arm_description/package.bash'
[1.376s] INFO:colcon.colcon_core.shell:Creating package script '/home/akinsantos/minipulator_ws/install/phantomx_reactor_arm_description/share/phantomx_reactor_arm_description/package.zsh'
[1.376s] Level 1:colcon.colcon_core.environment:create_file_with_runtime_dependencies(/home/akinsantos/minipulator_ws/install/phantomx_reactor_arm_description/share/colcon-core/packages/phantomx_reactor_arm_description)
[1.376s] INFO:colcon.colcon_ros.task.ament_cmake.build:Building ROS package in '/home/akinsantos/minipulator_ws/src/movevit2_test' with build type 'ament_cmake'
[1.376s] INFO:colcon.colcon_cmake.task.cmake.build:Building CMake package in '/home/akinsantos/minipulator_ws/src/movevit2_test'
[1.376s] INFO:colcon.colcon_core.shell:Skip shell extension 'powershell' for command environment: Not usable outside of PowerShell
[1.376s] DEBUG:colcon.colcon_core.shell:Skip shell extension 'dsv' for command environment
[1.382s] INFO:colcon.colcon_ros.task.ament_cmake.build:Building ROS package in '/home/akinsantos/minipulator_ws/src/phantomx_reactor_arm_moveit2_config' with build type 'ament_cmake'
[1.382s] INFO:colcon.colcon_cmake.task.cmake.build:Building CMake package in '/home/akinsantos/minipulator_ws/src/phantomx_reactor_arm_moveit2_config'
[1.382s] INFO:colcon.colcon_core.shell:Skip shell extension 'powershell' for command environment: Not usable outside of PowerShell
[1.382s] DEBUG:colcon.colcon_core.shell:Skip shell extension 'dsv' for command environment
[1.391s] DEBUG:colcon.colcon_core.event_handler.log_command:Invoking command in '/home/akinsantos/minipulator_ws/build/movevit2_test': AMENT_PREFIX_PATH=/home/akinsantos/minipulator_ws/install/phantomx_reactor_arm_description:${AMENT_PREFIX_PATH} CMAKE_PREFIX_PATH=/home/akinsantos/minipulator_ws/install/phantomx_reactor_arm_description:/home/akinsantos/ws_moveit/install/pilz_industrial_motion_planner_testutils:/home/akinsantos/ws_moveit/install/moveit_runtime:/home/akinsantos/ws_moveit/install/moveit2_tutorials:/home/akinsantos/ws_moveit/install/moveit:/home/akinsantos/ws_moveit/install/moveit_planners:/home/akinsantos/ws_moveit/install/pilz_industrial_motion_planner:/home/akinsantos/ws_moveit/install/moveit_visual_tools:/home/akinsantos/ws_moveit/install/moveit_task_constructor_visualization:/home/akinsantos/ws_moveit/install/moveit_task_constructor_demo:/home/akinsantos/ws_moveit/install/moveit_task_constructor_capabilities:/home/akinsantos/ws_moveit/install/moveit_task_constructor_core:/home/akinsantos/ws_moveit/install/moveit_ros_control_interface:/home/akinsantos/ws_moveit/install/moveit_plugins:/home/akinsantos/ws_moveit/install/moveit_simple_controller_manager:/home/akinsantos/ws_moveit/install/moveit_setup_assistant:/home/akinsantos/ws_moveit/install/moveit_setup_srdf_plugins:/home/akinsantos/ws_moveit/install/moveit_setup_core_plugins:/home/akinsantos/ws_moveit/install/moveit_setup_controllers:/home/akinsantos/ws_moveit/install/moveit_setup_app_plugins:/home/akinsantos/ws_moveit/install/moveit_setup_framework:/home/akinsantos/ws_moveit/install/moveit_servo:/home/akinsantos/ws_moveit/install/moveit_ros:/home/akinsantos/ws_moveit/install/moveit_ros_visualization:/home/akinsantos/ws_moveit/install/moveit_hybrid_planning:/home/akinsantos/ws_moveit/install/moveit_ros_planning_interface:/home/akinsantos/ws_moveit/install/moveit_ros_benchmarks:/home/akinsantos/ws_moveit/install/moveit_ros_warehouse:/home/akinsantos/ws_moveit/install/moveit_ros_robot_interaction:/home/akinsantos/ws_moveit/install/moveit_ros_perception:/home/akinsantos/ws_moveit/install/moveit_resources_prbt_pg70_support:/home/akinsantos/ws_moveit/install/moveit_resources_prbt_moveit_config:/home/akinsantos/ws_moveit/install/moveit_ros_move_group:/home/akinsantos/ws_moveit/install/moveit_planners_ompl:/home/akinsantos/ws_moveit/install/moveit_ros_planning:/home/akinsantos/ws_moveit/install/moveit_ros_occupancy_map_monitor:/home/akinsantos/ws_moveit/install/moveit_resources_prbt_ikfast_manipulator_plugin:/home/akinsantos/ws_moveit/install/moveit_planners_chomp:/home/akinsantos/ws_moveit/install/moveit_kinematics:/home/akinsantos/ws_moveit/install/moveit_chomp_optimizer_adapter:/home/akinsantos/ws_moveit/install/chomp_motion_planner:/home/akinsantos/ws_moveit/install/moveit_core:/home/akinsantos/ws_moveit/install/srdfdom:/home/akinsantos/ws_moveit/install/rviz_marker_tools:/home/akinsantos/ws_moveit/install/rosparam_shortcuts:/home/akinsantos/ws_moveit/install/moveit_task_constructor_msgs:/home/akinsantos/ws_moveit/install/moveit_resources_prbt_support:/home/akinsantos/ws_moveit/install/moveit_resources:/home/akinsantos/ws_moveit/install/moveit_resources_pr2_description:/home/akinsantos/ws_moveit/install/moveit_resources_panda_moveit_config:/home/akinsantos/ws_moveit/install/moveit_resources_panda_description:/home/akinsantos/ws_moveit/install/moveit_resources_fanuc_moveit_config:/home/akinsantos/ws_moveit/install/moveit_resources_fanuc_description:/home/akinsantos/ws_moveit/install/moveit_common:/home/akinsantos/ws_moveit/install/moveit_configs_utils:/home/akinsantos/ws_moveit/install/launch_param_builder:/opt/ros/humble /usr/bin/cmake --build /home/akinsantos/minipulator_ws/build/movevit2_test -- -j8 -l8
[1.394s] DEBUG:colcon.colcon_core.event_handler.log_command:Invoking command in '/home/akinsantos/minipulator_ws/build/phantomx_reactor_arm_moveit2_config': AMENT_PREFIX_PATH=/home/akinsantos/minipulator_ws/install/phantomx_reactor_arm_description:${AMENT_PREFIX_PATH} CMAKE_PREFIX_PATH=/home/akinsantos/minipulator_ws/install/phantomx_reactor_arm_description:/home/akinsantos/ws_moveit/install/pilz_industrial_motion_planner_testutils:/home/akinsantos/ws_moveit/install/moveit_runtime:/home/akinsantos/ws_moveit/install/moveit2_tutorials:/home/akinsantos/ws_moveit/install/moveit:/home/akinsantos/ws_moveit/install/moveit_planners:/home/akinsantos/ws_moveit/install/pilz_industrial_motion_planner:/home/akinsantos/ws_moveit/install/moveit_visual_tools:/home/akinsantos/ws_moveit/install/moveit_task_constructor_visualization:/home/akinsantos/ws_moveit/install/moveit_task_constructor_demo:/home/akinsantos/ws_moveit/install/moveit_task_constructor_capabilities:/home/akinsantos/ws_moveit/install/moveit_task_constructor_core:/home/akinsantos/ws_moveit/install/moveit_ros_control_interface:/home/akinsantos/ws_moveit/install/moveit_plugins:/home/akinsantos/ws_moveit/install/moveit_simple_controller_manager:/home/akinsantos/ws_moveit/install/moveit_setup_assistant:/home/akinsantos/ws_moveit/install/moveit_setup_srdf_plugins:/home/akinsantos/ws_moveit/install/moveit_setup_core_plugins:/home/akinsantos/ws_moveit/install/moveit_setup_controllers:/home/akinsantos/ws_moveit/install/moveit_setup_app_plugins:/home/akinsantos/ws_moveit/install/moveit_setup_framework:/home/akinsantos/ws_moveit/install/moveit_servo:/home/akinsantos/ws_moveit/install/moveit_ros:/home/akinsantos/ws_moveit/install/moveit_ros_visualization:/home/akinsantos/ws_moveit/install/moveit_hybrid_planning:/home/akinsantos/ws_moveit/install/moveit_ros_planning_interface:/home/akinsantos/ws_moveit/install/moveit_ros_benchmarks:/home/akinsantos/ws_moveit/install/moveit_ros_warehouse:/home/akinsantos/ws_moveit/install/moveit_ros_robot_interaction:/home/akinsantos/ws_moveit/install/moveit_ros_perception:/home/akinsantos/ws_moveit/install/moveit_resources_prbt_pg70_support:/home/akinsantos/ws_moveit/install/moveit_resources_prbt_moveit_config:/home/akinsantos/ws_moveit/install/moveit_ros_move_group:/home/akinsantos/ws_moveit/install/moveit_planners_ompl:/home/akinsantos/ws_moveit/install/moveit_ros_planning:/home/akinsantos/ws_moveit/install/moveit_ros_occupancy_map_monitor:/home/akinsantos/ws_moveit/install/moveit_resources_prbt_ikfast_manipulator_plugin:/home/akinsantos/ws_moveit/install/moveit_planners_chomp:/home/akinsantos/ws_moveit/install/moveit_kinematics:/home/akinsantos/ws_moveit/install/moveit_chomp_optimizer_adapter:/home/akinsantos/ws_moveit/install/chomp_motion_planner:/home/akinsantos/ws_moveit/install/moveit_core:/home/akinsantos/ws_moveit/install/srdfdom:/home/akinsantos/ws_moveit/install/rviz_marker_tools:/home/akinsantos/ws_moveit/install/rosparam_shortcuts:/home/akinsantos/ws_moveit/install/moveit_task_constructor_msgs:/home/akinsantos/ws_moveit/install/moveit_resources_prbt_support:/home/akinsantos/ws_moveit/install/moveit_resources:/home/akinsantos/ws_moveit/install/moveit_resources_pr2_description:/home/akinsantos/ws_moveit/install/moveit_resources_panda_moveit_config:/home/akinsantos/ws_moveit/install/moveit_resources_panda_description:/home/akinsantos/ws_moveit/install/moveit_resources_fanuc_moveit_config:/home/akinsantos/ws_moveit/install/moveit_resources_fanuc_description:/home/akinsantos/ws_moveit/install/moveit_common:/home/akinsantos/ws_moveit/install/moveit_configs_utils:/home/akinsantos/ws_moveit/install/launch_param_builder:/opt/ros/humble /usr/bin/cmake --build /home/akinsantos/minipulator_ws/build/phantomx_reactor_arm_moveit2_config -- -j8 -l8
[1.397s] DEBUG:colcon.colcon_core.event_handler.log_command:Invoked command in '/home/akinsantos/minipulator_ws/build/dynamixel_workbench' returned '0': AMENT_PREFIX_PATH=/home/akinsantos/minipulator_ws/install/dynamixel_workbench_toolbox:${AMENT_PREFIX_PATH} CMAKE_PREFIX_PATH=/home/akinsantos/minipulator_ws/install/dynamixel_workbench_toolbox:/home/akinsantos/ws_moveit/install/pilz_industrial_motion_planner_testutils:/home/akinsantos/ws_moveit/install/moveit_runtime:/home/akinsantos/ws_moveit/install/moveit2_tutorials:/home/akinsantos/ws_moveit/install/moveit:/home/akinsantos/ws_moveit/install/moveit_planners:/home/akinsantos/ws_moveit/install/pilz_industrial_motion_planner:/home/akinsantos/ws_moveit/install/moveit_visual_tools:/home/akinsantos/ws_moveit/install/moveit_task_constructor_visualization:/home/akinsantos/ws_moveit/install/moveit_task_constructor_demo:/home/akinsantos/ws_moveit/install/moveit_task_constructor_capabilities:/home/akinsantos/ws_moveit/install/moveit_task_constructor_core:/home/akinsantos/ws_moveit/install/moveit_ros_control_interface:/home/akinsantos/ws_moveit/install/moveit_plugins:/home/akinsantos/ws_moveit/install/moveit_simple_controller_manager:/home/akinsantos/ws_moveit/install/moveit_setup_assistant:/home/akinsantos/ws_moveit/install/moveit_setup_srdf_plugins:/home/akinsantos/ws_moveit/install/moveit_setup_core_plugins:/home/akinsantos/ws_moveit/install/moveit_setup_controllers:/home/akinsantos/ws_moveit/install/moveit_setup_app_plugins:/home/akinsantos/ws_moveit/install/moveit_setup_framework:/home/akinsantos/ws_moveit/install/moveit_servo:/home/akinsantos/ws_moveit/install/moveit_ros:/home/akinsantos/ws_moveit/install/moveit_ros_visualization:/home/akinsantos/ws_moveit/install/moveit_hybrid_planning:/home/akinsantos/ws_moveit/install/moveit_ros_planning_interface:/home/akinsantos/ws_moveit/install/moveit_ros_benchmarks:/home/akinsantos/ws_moveit/install/moveit_ros_warehouse:/home/akinsantos/ws_moveit/install/moveit_ros_robot_interaction:/home/akinsantos/ws_moveit/install/moveit_ros_perception:/home/akinsantos/ws_moveit/install/moveit_resources_prbt_pg70_support:/home/akinsantos/ws_moveit/install/moveit_resources_prbt_moveit_config:/home/akinsantos/ws_moveit/install/moveit_ros_move_group:/home/akinsantos/ws_moveit/install/moveit_planners_ompl:/home/akinsantos/ws_moveit/install/moveit_ros_planning:/home/akinsantos/ws_moveit/install/moveit_ros_occupancy_map_monitor:/home/akinsantos/ws_moveit/install/moveit_resources_prbt_ikfast_manipulator_plugin:/home/akinsantos/ws_moveit/install/moveit_planners_chomp:/home/akinsantos/ws_moveit/install/moveit_kinematics:/home/akinsantos/ws_moveit/install/moveit_chomp_optimizer_adapter:/home/akinsantos/ws_moveit/install/chomp_motion_planner:/home/akinsantos/ws_moveit/install/moveit_core:/home/akinsantos/ws_moveit/install/srdfdom:/home/akinsantos/ws_moveit/install/rviz_marker_tools:/home/akinsantos/ws_moveit/install/rosparam_shortcuts:/home/akinsantos/ws_moveit/install/moveit_task_constructor_msgs:/home/akinsantos/ws_moveit/install/moveit_resources_prbt_support:/home/akinsantos/ws_moveit/install/moveit_resources:/home/akinsantos/ws_moveit/install/moveit_resources_pr2_description:/home/akinsantos/ws_moveit/install/moveit_resources_panda_moveit_config:/home/akinsantos/ws_moveit/install/moveit_resources_panda_description:/home/akinsantos/ws_moveit/install/moveit_resources_fanuc_moveit_config:/home/akinsantos/ws_moveit/install/moveit_resources_fanuc_description:/home/akinsantos/ws_moveit/install/moveit_common:/home/akinsantos/ws_moveit/install/moveit_configs_utils:/home/akinsantos/ws_moveit/install/launch_param_builder:/opt/ros/humble LD_LIBRARY_PATH=/home/akinsantos/minipulator_ws/install/dynamixel_workbench_toolbox/lib:${LD_LIBRARY_PATH} /usr/bin/cmake --build /home/akinsantos/minipulator_ws/build/dynamixel_workbench -- -j8 -l8
[1.401s] DEBUG:colcon.colcon_core.event_handler.log_command:Invoking command in '/home/akinsantos/minipulator_ws/build/dynamixel_workbench': AMENT_PREFIX_PATH=/home/akinsantos/minipulator_ws/install/dynamixel_workbench_toolbox:${AMENT_PREFIX_PATH} CMAKE_PREFIX_PATH=/home/akinsantos/minipulator_ws/install/dynamixel_workbench_toolbox:/home/akinsantos/ws_moveit/install/pilz_industrial_motion_planner_testutils:/home/akinsantos/ws_moveit/install/moveit_runtime:/home/akinsantos/ws_moveit/install/moveit2_tutorials:/home/akinsantos/ws_moveit/install/moveit:/home/akinsantos/ws_moveit/install/moveit_planners:/home/akinsantos/ws_moveit/install/pilz_industrial_motion_planner:/home/akinsantos/ws_moveit/install/moveit_visual_tools:/home/akinsantos/ws_moveit/install/moveit_task_constructor_visualization:/home/akinsantos/ws_moveit/install/moveit_task_constructor_demo:/home/akinsantos/ws_moveit/install/moveit_task_constructor_capabilities:/home/akinsantos/ws_moveit/install/moveit_task_constructor_core:/home/akinsantos/ws_moveit/install/moveit_ros_control_interface:/home/akinsantos/ws_moveit/install/moveit_plugins:/home/akinsantos/ws_moveit/install/moveit_simple_controller_manager:/home/akinsantos/ws_moveit/install/moveit_setup_assistant:/home/akinsantos/ws_moveit/install/moveit_setup_srdf_plugins:/home/akinsantos/ws_moveit/install/moveit_setup_core_plugins:/home/akinsantos/ws_moveit/install/moveit_setup_controllers:/home/akinsantos/ws_moveit/install/moveit_setup_app_plugins:/home/akinsantos/ws_moveit/install/moveit_setup_framework:/home/akinsantos/ws_moveit/install/moveit_servo:/home/akinsantos/ws_moveit/install/moveit_ros:/home/akinsantos/ws_moveit/install/moveit_ros_visualization:/home/akinsantos/ws_moveit/install/moveit_hybrid_planning:/home/akinsantos/ws_moveit/install/moveit_ros_planning_interface:/home/akinsantos/ws_moveit/install/moveit_ros_benchmarks:/home/akinsantos/ws_moveit/install/moveit_ros_warehouse:/home/akinsantos/ws_moveit/install/moveit_ros_robot_interaction:/home/akinsantos/ws_moveit/install/moveit_ros_perception:/home/akinsantos/ws_moveit/install/moveit_resources_prbt_pg70_support:/home/akinsantos/ws_moveit/install/moveit_resources_prbt_moveit_config:/home/akinsantos/ws_moveit/install/moveit_ros_move_group:/home/akinsantos/ws_moveit/install/moveit_planners_ompl:/home/akinsantos/ws_moveit/install/moveit_ros_planning:/home/akinsantos/ws_moveit/install/moveit_ros_occupancy_map_monitor:/home/akinsantos/ws_moveit/install/moveit_resources_prbt_ikfast_manipulator_plugin:/home/akinsantos/ws_moveit/install/moveit_planners_chomp:/home/akinsantos/ws_moveit/install/moveit_kinematics:/home/akinsantos/ws_moveit/install/moveit_chomp_optimizer_adapter:/home/akinsantos/ws_moveit/install/chomp_motion_planner:/home/akinsantos/ws_moveit/install/moveit_core:/home/akinsantos/ws_moveit/install/srdfdom:/home/akinsantos/ws_moveit/install/rviz_marker_tools:/home/akinsantos/ws_moveit/install/rosparam_shortcuts:/home/akinsantos/ws_moveit/install/moveit_task_constructor_msgs:/home/akinsantos/ws_moveit/install/moveit_resources_prbt_support:/home/akinsantos/ws_moveit/install/moveit_resources:/home/akinsantos/ws_moveit/install/moveit_resources_pr2_description:/home/akinsantos/ws_moveit/install/moveit_resources_panda_moveit_config:/home/akinsantos/ws_moveit/install/moveit_resources_panda_description:/home/akinsantos/ws_moveit/install/moveit_resources_fanuc_moveit_config:/home/akinsantos/ws_moveit/install/moveit_resources_fanuc_description:/home/akinsantos/ws_moveit/install/moveit_common:/home/akinsantos/ws_moveit/install/moveit_configs_utils:/home/akinsantos/ws_moveit/install/launch_param_builder:/opt/ros/humble LD_LIBRARY_PATH=/home/akinsantos/minipulator_ws/install/dynamixel_workbench_toolbox/lib:${LD_LIBRARY_PATH} /usr/bin/cmake --install /home/akinsantos/minipulator_ws/build/dynamixel_workbench
[1.414s] Level 1:colcon.colcon_core.environment:create_environment_scripts_only(dynamixel_workbench)
[1.415s] Level 1:colcon.colcon_core.environment:checking '/home/akinsantos/minipulator_ws/install/dynamixel_workbench' for CMake module files
[1.415s] Level 1:colcon.colcon_core.environment:checking '/home/akinsantos/minipulator_ws/install/dynamixel_workbench' for CMake config files
[1.415s] DEBUG:colcon.colcon_core.event_handler.log_command:Invoked command in '/home/akinsantos/minipulator_ws/build/dynamixel_workbench' returned '0': AMENT_PREFIX_PATH=/home/akinsantos/minipulator_ws/install/dynamixel_workbench_toolbox:${AMENT_PREFIX_PATH} CMAKE_PREFIX_PATH=/home/akinsantos/minipulator_ws/install/dynamixel_workbench_toolbox:/home/akinsantos/ws_moveit/install/pilz_industrial_motion_planner_testutils:/home/akinsantos/ws_moveit/install/moveit_runtime:/home/akinsantos/ws_moveit/install/moveit2_tutorials:/home/akinsantos/ws_moveit/install/moveit:/home/akinsantos/ws_moveit/install/moveit_planners:/home/akinsantos/ws_moveit/install/pilz_industrial_motion_planner:/home/akinsantos/ws_moveit/install/moveit_visual_tools:/home/akinsantos/ws_moveit/install/moveit_task_constructor_visualization:/home/akinsantos/ws_moveit/install/moveit_task_constructor_demo:/home/akinsantos/ws_moveit/install/moveit_task_constructor_capabilities:/home/akinsantos/ws_moveit/install/moveit_task_constructor_core:/home/akinsantos/ws_moveit/install/moveit_ros_control_interface:/home/akinsantos/ws_moveit/install/moveit_plugins:/home/akinsantos/ws_moveit/install/moveit_simple_controller_manager:/home/akinsantos/ws_moveit/install/moveit_setup_assistant:/home/akinsantos/ws_moveit/install/moveit_setup_srdf_plugins:/home/akinsantos/ws_moveit/install/moveit_setup_core_plugins:/home/akinsantos/ws_moveit/install/moveit_setup_controllers:/home/akinsantos/ws_moveit/install/moveit_setup_app_plugins:/home/akinsantos/ws_moveit/install/moveit_setup_framework:/home/akinsantos/ws_moveit/install/moveit_servo:/home/akinsantos/ws_moveit/install/moveit_ros:/home/akinsantos/ws_moveit/install/moveit_ros_visualization:/home/akinsantos/ws_moveit/install/moveit_hybrid_planning:/home/akinsantos/ws_moveit/install/moveit_ros_planning_interface:/home/akinsantos/ws_moveit/install/moveit_ros_benchmarks:/home/akinsantos/ws_moveit/install/moveit_ros_warehouse:/home/akinsantos/ws_moveit/install/moveit_ros_robot_interaction:/home/akinsantos/ws_moveit/install/moveit_ros_perception:/home/akinsantos/ws_moveit/install/moveit_resources_prbt_pg70_support:/home/akinsantos/ws_moveit/install/moveit_resources_prbt_moveit_config:/home/akinsantos/ws_moveit/install/moveit_ros_move_group:/home/akinsantos/ws_moveit/install/moveit_planners_ompl:/home/akinsantos/ws_moveit/install/moveit_ros_planning:/home/akinsantos/ws_moveit/install/moveit_ros_occupancy_map_monitor:/home/akinsantos/ws_moveit/install/moveit_resources_prbt_ikfast_manipulator_plugin:/home/akinsantos/ws_moveit/install/moveit_planners_chomp:/home/akinsantos/ws_moveit/install/moveit_kinematics:/home/akinsantos/ws_moveit/install/moveit_chomp_optimizer_adapter:/home/akinsantos/ws_moveit/install/chomp_motion_planner:/home/akinsantos/ws_moveit/install/moveit_core:/home/akinsantos/ws_moveit/install/srdfdom:/home/akinsantos/ws_moveit/install/rviz_marker_tools:/home/akinsantos/ws_moveit/install/rosparam_shortcuts:/home/akinsantos/ws_moveit/install/moveit_task_constructor_msgs:/home/akinsantos/ws_moveit/install/moveit_resources_prbt_support:/home/akinsantos/ws_moveit/install/moveit_resources:/home/akinsantos/ws_moveit/install/moveit_resources_pr2_description:/home/akinsantos/ws_moveit/install/moveit_resources_panda_moveit_config:/home/akinsantos/ws_moveit/install/moveit_resources_panda_description:/home/akinsantos/ws_moveit/install/moveit_resources_fanuc_moveit_config:/home/akinsantos/ws_moveit/install/moveit_resources_fanuc_description:/home/akinsantos/ws_moveit/install/moveit_common:/home/akinsantos/ws_moveit/install/moveit_configs_utils:/home/akinsantos/ws_moveit/install/launch_param_builder:/opt/ros/humble LD_LIBRARY_PATH=/home/akinsantos/minipulator_ws/install/dynamixel_workbench_toolbox/lib:${LD_LIBRARY_PATH} /usr/bin/cmake --install /home/akinsantos/minipulator_ws/build/dynamixel_workbench
[1.416s] Level 1:colcon.colcon_core.shell:create_environment_hook('dynamixel_workbench', 'cmake_prefix_path')
[1.416s] INFO:colcon.colcon_core.shell:Creating environment hook '/home/akinsantos/minipulator_ws/install/dynamixel_workbench/share/dynamixel_workbench/hook/cmake_prefix_path.ps1'
[1.417s] INFO:colcon.colcon_core.shell:Creating environment descriptor '/home/akinsantos/minipulator_ws/install/dynamixel_workbench/share/dynamixel_workbench/hook/cmake_prefix_path.dsv'
[1.417s] INFO:colcon.colcon_core.shell:Creating environment hook '/home/akinsantos/minipulator_ws/install/dynamixel_workbench/share/dynamixel_workbench/hook/cmake_prefix_path.sh'
[1.417s] Level 1:colcon.colcon_core.environment:checking '/home/akinsantos/minipulator_ws/install/dynamixel_workbench/bin'
[1.417s] Level 1:colcon.colcon_core.environment:checking '/home/akinsantos/minipulator_ws/install/dynamixel_workbench/lib/pkgconfig/dynamixel_workbench.pc'
[1.418s] Level 1:colcon.colcon_core.environment:checking '/home/akinsantos/minipulator_ws/install/dynamixel_workbench/lib/python3.10/site-packages'
[1.418s] Level 1:colcon.colcon_core.environment:checking '/home/akinsantos/minipulator_ws/install/dynamixel_workbench/bin'
[1.418s] INFO:colcon.colcon_core.shell:Creating package script '/home/akinsantos/minipulator_ws/install/dynamixel_workbench/share/dynamixel_workbench/package.ps1'
[1.418s] INFO:colcon.colcon_core.shell:Creating package descriptor '/home/akinsantos/minipulator_ws/install/dynamixel_workbench/share/dynamixel_workbench/package.dsv'
[1.419s] INFO:colcon.colcon_core.shell:Creating package script '/home/akinsantos/minipulator_ws/install/dynamixel_workbench/share/dynamixel_workbench/package.sh'
[1.419s] INFO:colcon.colcon_core.shell:Creating package script '/home/akinsantos/minipulator_ws/install/dynamixel_workbench/share/dynamixel_workbench/package.bash'
[1.419s] INFO:colcon.colcon_core.shell:Creating package script '/home/akinsantos/minipulator_ws/install/dynamixel_workbench/share/dynamixel_workbench/package.zsh'
[1.419s] Level 1:colcon.colcon_core.environment:create_file_with_runtime_dependencies(/home/akinsantos/minipulator_ws/install/dynamixel_workbench/share/colcon-core/packages/dynamixel_workbench)
[1.420s] Level 1:colcon.colcon_core.environment:create_environment_scripts_only(dynamixel_workbench)
[1.420s] Level 1:colcon.colcon_core.environment:checking '/home/akinsantos/minipulator_ws/install/dynamixel_workbench' for CMake module files
[1.420s] Level 1:colcon.colcon_core.environment:checking '/home/akinsantos/minipulator_ws/install/dynamixel_workbench' for CMake config files
[1.420s] Level 1:colcon.colcon_core.shell:create_environment_hook('dynamixel_workbench', 'cmake_prefix_path')
[1.421s] INFO:colcon.colcon_core.shell:Creating environment hook '/home/akinsantos/minipulator_ws/install/dynamixel_workbench/share/dynamixel_workbench/hook/cmake_prefix_path.ps1'
[1.421s] INFO:colcon.colcon_core.shell:Creating environment descriptor '/home/akinsantos/minipulator_ws/install/dynamixel_workbench/share/dynamixel_workbench/hook/cmake_prefix_path.dsv'
[1.421s] INFO:colcon.colcon_core.shell:Creating environment hook '/home/akinsantos/minipulator_ws/install/dynamixel_workbench/share/dynamixel_workbench/hook/cmake_prefix_path.sh'
[1.422s] Level 1:colcon.colcon_core.environment:checking '/home/akinsantos/minipulator_ws/install/dynamixel_workbench/bin'
[1.422s] Level 1:colcon.colcon_core.environment:checking '/home/akinsantos/minipulator_ws/install/dynamixel_workbench/lib/pkgconfig/dynamixel_workbench.pc'
[1.422s] Level 1:colcon.colcon_core.environment:checking '/home/akinsantos/minipulator_ws/install/dynamixel_workbench/lib/python3.10/site-packages'
[1.422s] Level 1:colcon.colcon_core.environment:checking '/home/akinsantos/minipulator_ws/install/dynamixel_workbench/bin'
[1.422s] INFO:colcon.colcon_core.shell:Creating package script '/home/akinsantos/minipulator_ws/install/dynamixel_workbench/share/dynamixel_workbench/package.ps1'
[1.423s] INFO:colcon.colcon_core.shell:Creating package descriptor '/home/akinsantos/minipulator_ws/install/dynamixel_workbench/share/dynamixel_workbench/package.dsv'
[1.423s] INFO:colcon.colcon_core.shell:Creating package script '/home/akinsantos/minipulator_ws/install/dynamixel_workbench/share/dynamixel_workbench/package.sh'
[1.423s] INFO:colcon.colcon_core.shell:Creating package script '/home/akinsantos/minipulator_ws/install/dynamixel_workbench/share/dynamixel_workbench/package.bash'
[1.423s] INFO:colcon.colcon_core.shell:Creating package script '/home/akinsantos/minipulator_ws/install/dynamixel_workbench/share/dynamixel_workbench/package.zsh'
[1.424s] Level 1:colcon.colcon_core.environment:create_file_with_runtime_dependencies(/home/akinsantos/minipulator_ws/install/dynamixel_workbench/share/colcon-core/packages/dynamixel_workbench)
[1.429s] DEBUG:colcon.colcon_core.event_handler.log_command:Invoked command in '/home/akinsantos/minipulator_ws/build/movevit2_test' returned '0': AMENT_PREFIX_PATH=/home/akinsantos/minipulator_ws/install/phantomx_reactor_arm_description:${AMENT_PREFIX_PATH} CMAKE_PREFIX_PATH=/home/akinsantos/minipulator_ws/install/phantomx_reactor_arm_description:/home/akinsantos/ws_moveit/install/pilz_industrial_motion_planner_testutils:/home/akinsantos/ws_moveit/install/moveit_runtime:/home/akinsantos/ws_moveit/install/moveit2_tutorials:/home/akinsantos/ws_moveit/install/moveit:/home/akinsantos/ws_moveit/install/moveit_planners:/home/akinsantos/ws_moveit/install/pilz_industrial_motion_planner:/home/akinsantos/ws_moveit/install/moveit_visual_tools:/home/akinsantos/ws_moveit/install/moveit_task_constructor_visualization:/home/akinsantos/ws_moveit/install/moveit_task_constructor_demo:/home/akinsantos/ws_moveit/install/moveit_task_constructor_capabilities:/home/akinsantos/ws_moveit/install/moveit_task_constructor_core:/home/akinsantos/ws_moveit/install/moveit_ros_control_interface:/home/akinsantos/ws_moveit/install/moveit_plugins:/home/akinsantos/ws_moveit/install/moveit_simple_controller_manager:/home/akinsantos/ws_moveit/install/moveit_setup_assistant:/home/akinsantos/ws_moveit/install/moveit_setup_srdf_plugins:/home/akinsantos/ws_moveit/install/moveit_setup_core_plugins:/home/akinsantos/ws_moveit/install/moveit_setup_controllers:/home/akinsantos/ws_moveit/install/moveit_setup_app_plugins:/home/akinsantos/ws_moveit/install/moveit_setup_framework:/home/akinsantos/ws_moveit/install/moveit_servo:/home/akinsantos/ws_moveit/install/moveit_ros:/home/akinsantos/ws_moveit/install/moveit_ros_visualization:/home/akinsantos/ws_moveit/install/moveit_hybrid_planning:/home/akinsantos/ws_moveit/install/moveit_ros_planning_interface:/home/akinsantos/ws_moveit/install/moveit_ros_benchmarks:/home/akinsantos/ws_moveit/install/moveit_ros_warehouse:/home/akinsantos/ws_moveit/install/moveit_ros_robot_interaction:/home/akinsantos/ws_moveit/install/moveit_ros_perception:/home/akinsantos/ws_moveit/install/moveit_resources_prbt_pg70_support:/home/akinsantos/ws_moveit/install/moveit_resources_prbt_moveit_config:/home/akinsantos/ws_moveit/install/moveit_ros_move_group:/home/akinsantos/ws_moveit/install/moveit_planners_ompl:/home/akinsantos/ws_moveit/install/moveit_ros_planning:/home/akinsantos/ws_moveit/install/moveit_ros_occupancy_map_monitor:/home/akinsantos/ws_moveit/install/moveit_resources_prbt_ikfast_manipulator_plugin:/home/akinsantos/ws_moveit/install/moveit_planners_chomp:/home/akinsantos/ws_moveit/install/moveit_kinematics:/home/akinsantos/ws_moveit/install/moveit_chomp_optimizer_adapter:/home/akinsantos/ws_moveit/install/chomp_motion_planner:/home/akinsantos/ws_moveit/install/moveit_core:/home/akinsantos/ws_moveit/install/srdfdom:/home/akinsantos/ws_moveit/install/rviz_marker_tools:/home/akinsantos/ws_moveit/install/rosparam_shortcuts:/home/akinsantos/ws_moveit/install/moveit_task_constructor_msgs:/home/akinsantos/ws_moveit/install/moveit_resources_prbt_support:/home/akinsantos/ws_moveit/install/moveit_resources:/home/akinsantos/ws_moveit/install/moveit_resources_pr2_description:/home/akinsantos/ws_moveit/install/moveit_resources_panda_moveit_config:/home/akinsantos/ws_moveit/install/moveit_resources_panda_description:/home/akinsantos/ws_moveit/install/moveit_resources_fanuc_moveit_config:/home/akinsantos/ws_moveit/install/moveit_resources_fanuc_description:/home/akinsantos/ws_moveit/install/moveit_common:/home/akinsantos/ws_moveit/install/moveit_configs_utils:/home/akinsantos/ws_moveit/install/launch_param_builder:/opt/ros/humble /usr/bin/cmake --build /home/akinsantos/minipulator_ws/build/movevit2_test -- -j8 -l8
[1.431s] DEBUG:colcon.colcon_core.event_handler.log_command:Invoking command in '/home/akinsantos/minipulator_ws/build/movevit2_test': AMENT_PREFIX_PATH=/home/akinsantos/minipulator_ws/install/phantomx_reactor_arm_description:${AMENT_PREFIX_PATH} CMAKE_PREFIX_PATH=/home/akinsantos/minipulator_ws/install/phantomx_reactor_arm_description:/home/akinsantos/ws_moveit/install/pilz_industrial_motion_planner_testutils:/home/akinsantos/ws_moveit/install/moveit_runtime:/home/akinsantos/ws_moveit/install/moveit2_tutorials:/home/akinsantos/ws_moveit/install/moveit:/home/akinsantos/ws_moveit/install/moveit_planners:/home/akinsantos/ws_moveit/install/pilz_industrial_motion_planner:/home/akinsantos/ws_moveit/install/moveit_visual_tools:/home/akinsantos/ws_moveit/install/moveit_task_constructor_visualization:/home/akinsantos/ws_moveit/install/moveit_task_constructor_demo:/home/akinsantos/ws_moveit/install/moveit_task_constructor_capabilities:/home/akinsantos/ws_moveit/install/moveit_task_constructor_core:/home/akinsantos/ws_moveit/install/moveit_ros_control_interface:/home/akinsantos/ws_moveit/install/moveit_plugins:/home/akinsantos/ws_moveit/install/moveit_simple_controller_manager:/home/akinsantos/ws_moveit/install/moveit_setup_assistant:/home/akinsantos/ws_moveit/install/moveit_setup_srdf_plugins:/home/akinsantos/ws_moveit/install/moveit_setup_core_plugins:/home/akinsantos/ws_moveit/install/moveit_setup_controllers:/home/akinsantos/ws_moveit/install/moveit_setup_app_plugins:/home/akinsantos/ws_moveit/install/moveit_setup_framework:/home/akinsantos/ws_moveit/install/moveit_servo:/home/akinsantos/ws_moveit/install/moveit_ros:/home/akinsantos/ws_moveit/install/moveit_ros_visualization:/home/akinsantos/ws_moveit/install/moveit_hybrid_planning:/home/akinsantos/ws_moveit/install/moveit_ros_planning_interface:/home/akinsantos/ws_moveit/install/moveit_ros_benchmarks:/home/akinsantos/ws_moveit/install/moveit_ros_warehouse:/home/akinsantos/ws_moveit/install/moveit_ros_robot_interaction:/home/akinsantos/ws_moveit/install/moveit_ros_perception:/home/akinsantos/ws_moveit/install/moveit_resources_prbt_pg70_support:/home/akinsantos/ws_moveit/install/moveit_resources_prbt_moveit_config:/home/akinsantos/ws_moveit/install/moveit_ros_move_group:/home/akinsantos/ws_moveit/install/moveit_planners_ompl:/home/akinsantos/ws_moveit/install/moveit_ros_planning:/home/akinsantos/ws_moveit/install/moveit_ros_occupancy_map_monitor:/home/akinsantos/ws_moveit/install/moveit_resources_prbt_ikfast_manipulator_plugin:/home/akinsantos/ws_moveit/install/moveit_planners_chomp:/home/akinsantos/ws_moveit/install/moveit_kinematics:/home/akinsantos/ws_moveit/install/moveit_chomp_optimizer_adapter:/home/akinsantos/ws_moveit/install/chomp_motion_planner:/home/akinsantos/ws_moveit/install/moveit_core:/home/akinsantos/ws_moveit/install/srdfdom:/home/akinsantos/ws_moveit/install/rviz_marker_tools:/home/akinsantos/ws_moveit/install/rosparam_shortcuts:/home/akinsantos/ws_moveit/install/moveit_task_constructor_msgs:/home/akinsantos/ws_moveit/install/moveit_resources_prbt_support:/home/akinsantos/ws_moveit/install/moveit_resources:/home/akinsantos/ws_moveit/install/moveit_resources_pr2_description:/home/akinsantos/ws_moveit/install/moveit_resources_panda_moveit_config:/home/akinsantos/ws_moveit/install/moveit_resources_panda_description:/home/akinsantos/ws_moveit/install/moveit_resources_fanuc_moveit_config:/home/akinsantos/ws_moveit/install/moveit_resources_fanuc_description:/home/akinsantos/ws_moveit/install/moveit_common:/home/akinsantos/ws_moveit/install/moveit_configs_utils:/home/akinsantos/ws_moveit/install/launch_param_builder:/opt/ros/humble /usr/bin/cmake --install /home/akinsantos/minipulator_ws/build/movevit2_test
[1.434s] DEBUG:colcon.colcon_core.event_handler.log_command:Invoked command in '/home/akinsantos/minipulator_ws/build/dynamixel_hardware' returned '0': AMENT_PREFIX_PATH=/home/akinsantos/minipulator_ws/install/dynamixel_workbench_toolbox:${AMENT_PREFIX_PATH} CMAKE_PREFIX_PATH=/home/akinsantos/minipulator_ws/install/dynamixel_workbench_toolbox:/home/akinsantos/ws_moveit/install/pilz_industrial_motion_planner_testutils:/home/akinsantos/ws_moveit/install/moveit_runtime:/home/akinsantos/ws_moveit/install/moveit2_tutorials:/home/akinsantos/ws_moveit/install/moveit:/home/akinsantos/ws_moveit/install/moveit_planners:/home/akinsantos/ws_moveit/install/pilz_industrial_motion_planner:/home/akinsantos/ws_moveit/install/moveit_visual_tools:/home/akinsantos/ws_moveit/install/moveit_task_constructor_visualization:/home/akinsantos/ws_moveit/install/moveit_task_constructor_demo:/home/akinsantos/ws_moveit/install/moveit_task_constructor_capabilities:/home/akinsantos/ws_moveit/install/moveit_task_constructor_core:/home/akinsantos/ws_moveit/install/moveit_ros_control_interface:/home/akinsantos/ws_moveit/install/moveit_plugins:/home/akinsantos/ws_moveit/install/moveit_simple_controller_manager:/home/akinsantos/ws_moveit/install/moveit_setup_assistant:/home/akinsantos/ws_moveit/install/moveit_setup_srdf_plugins:/home/akinsantos/ws_moveit/install/moveit_setup_core_plugins:/home/akinsantos/ws_moveit/install/moveit_setup_controllers:/home/akinsantos/ws_moveit/install/moveit_setup_app_plugins:/home/akinsantos/ws_moveit/install/moveit_setup_framework:/home/akinsantos/ws_moveit/install/moveit_servo:/home/akinsantos/ws_moveit/install/moveit_ros:/home/akinsantos/ws_moveit/install/moveit_ros_visualization:/home/akinsantos/ws_moveit/install/moveit_hybrid_planning:/home/akinsantos/ws_moveit/install/moveit_ros_planning_interface:/home/akinsantos/ws_moveit/install/moveit_ros_benchmarks:/home/akinsantos/ws_moveit/install/moveit_ros_warehouse:/home/akinsantos/ws_moveit/install/moveit_ros_robot_interaction:/home/akinsantos/ws_moveit/install/moveit_ros_perception:/home/akinsantos/ws_moveit/install/moveit_resources_prbt_pg70_support:/home/akinsantos/ws_moveit/install/moveit_resources_prbt_moveit_config:/home/akinsantos/ws_moveit/install/moveit_ros_move_group:/home/akinsantos/ws_moveit/install/moveit_planners_ompl:/home/akinsantos/ws_moveit/install/moveit_ros_planning:/home/akinsantos/ws_moveit/install/moveit_ros_occupancy_map_monitor:/home/akinsantos/ws_moveit/install/moveit_resources_prbt_ikfast_manipulator_plugin:/home/akinsantos/ws_moveit/install/moveit_planners_chomp:/home/akinsantos/ws_moveit/install/moveit_kinematics:/home/akinsantos/ws_moveit/install/moveit_chomp_optimizer_adapter:/home/akinsantos/ws_moveit/install/chomp_motion_planner:/home/akinsantos/ws_moveit/install/moveit_core:/home/akinsantos/ws_moveit/install/srdfdom:/home/akinsantos/ws_moveit/install/rviz_marker_tools:/home/akinsantos/ws_moveit/install/rosparam_shortcuts:/home/akinsantos/ws_moveit/install/moveit_task_constructor_msgs:/home/akinsantos/ws_moveit/install/moveit_resources_prbt_support:/home/akinsantos/ws_moveit/install/moveit_resources:/home/akinsantos/ws_moveit/install/moveit_resources_pr2_description:/home/akinsantos/ws_moveit/install/moveit_resources_panda_moveit_config:/home/akinsantos/ws_moveit/install/moveit_resources_panda_description:/home/akinsantos/ws_moveit/install/moveit_resources_fanuc_moveit_config:/home/akinsantos/ws_moveit/install/moveit_resources_fanuc_description:/home/akinsantos/ws_moveit/install/moveit_common:/home/akinsantos/ws_moveit/install/moveit_configs_utils:/home/akinsantos/ws_moveit/install/launch_param_builder:/opt/ros/humble LD_LIBRARY_PATH=/home/akinsantos/minipulator_ws/install/dynamixel_workbench_toolbox/lib:${LD_LIBRARY_PATH} /usr/bin/cmake --build /home/akinsantos/minipulator_ws/build/dynamixel_hardware -- -j8 -l8
[1.436s] DEBUG:colcon.colcon_core.event_handler.log_command:Invoking command in '/home/akinsantos/minipulator_ws/build/dynamixel_hardware': AMENT_PREFIX_PATH=/home/akinsantos/minipulator_ws/install/dynamixel_workbench_toolbox:${AMENT_PREFIX_PATH} CMAKE_PREFIX_PATH=/home/akinsantos/minipulator_ws/install/dynamixel_workbench_toolbox:/home/akinsantos/ws_moveit/install/pilz_industrial_motion_planner_testutils:/home/akinsantos/ws_moveit/install/moveit_runtime:/home/akinsantos/ws_moveit/install/moveit2_tutorials:/home/akinsantos/ws_moveit/install/moveit:/home/akinsantos/ws_moveit/install/moveit_planners:/home/akinsantos/ws_moveit/install/pilz_industrial_motion_planner:/home/akinsantos/ws_moveit/install/moveit_visual_tools:/home/akinsantos/ws_moveit/install/moveit_task_constructor_visualization:/home/akinsantos/ws_moveit/install/moveit_task_constructor_demo:/home/akinsantos/ws_moveit/install/moveit_task_constructor_capabilities:/home/akinsantos/ws_moveit/install/moveit_task_constructor_core:/home/akinsantos/ws_moveit/install/moveit_ros_control_interface:/home/akinsantos/ws_moveit/install/moveit_plugins:/home/akinsantos/ws_moveit/install/moveit_simple_controller_manager:/home/akinsantos/ws_moveit/install/moveit_setup_assistant:/home/akinsantos/ws_moveit/install/moveit_setup_srdf_plugins:/home/akinsantos/ws_moveit/install/moveit_setup_core_plugins:/home/akinsantos/ws_moveit/install/moveit_setup_controllers:/home/akinsantos/ws_moveit/install/moveit_setup_app_plugins:/home/akinsantos/ws_moveit/install/moveit_setup_framework:/home/akinsantos/ws_moveit/install/moveit_servo:/home/akinsantos/ws_moveit/install/moveit_ros:/home/akinsantos/ws_moveit/install/moveit_ros_visualization:/home/akinsantos/ws_moveit/install/moveit_hybrid_planning:/home/akinsantos/ws_moveit/install/moveit_ros_planning_interface:/home/akinsantos/ws_moveit/install/moveit_ros_benchmarks:/home/akinsantos/ws_moveit/install/moveit_ros_warehouse:/home/akinsantos/ws_moveit/install/moveit_ros_robot_interaction:/home/akinsantos/ws_moveit/install/moveit_ros_perception:/home/akinsantos/ws_moveit/install/moveit_resources_prbt_pg70_support:/home/akinsantos/ws_moveit/install/moveit_resources_prbt_moveit_config:/home/akinsantos/ws_moveit/install/moveit_ros_move_group:/home/akinsantos/ws_moveit/install/moveit_planners_ompl:/home/akinsantos/ws_moveit/install/moveit_ros_planning:/home/akinsantos/ws_moveit/install/moveit_ros_occupancy_map_monitor:/home/akinsantos/ws_moveit/install/moveit_resources_prbt_ikfast_manipulator_plugin:/home/akinsantos/ws_moveit/install/moveit_planners_chomp:/home/akinsantos/ws_moveit/install/moveit_kinematics:/home/akinsantos/ws_moveit/install/moveit_chomp_optimizer_adapter:/home/akinsantos/ws_moveit/install/chomp_motion_planner:/home/akinsantos/ws_moveit/install/moveit_core:/home/akinsantos/ws_moveit/install/srdfdom:/home/akinsantos/ws_moveit/install/rviz_marker_tools:/home/akinsantos/ws_moveit/install/rosparam_shortcuts:/home/akinsantos/ws_moveit/install/moveit_task_constructor_msgs:/home/akinsantos/ws_moveit/install/moveit_resources_prbt_support:/home/akinsantos/ws_moveit/install/moveit_resources:/home/akinsantos/ws_moveit/install/moveit_resources_pr2_description:/home/akinsantos/ws_moveit/install/moveit_resources_panda_moveit_config:/home/akinsantos/ws_moveit/install/moveit_resources_panda_description:/home/akinsantos/ws_moveit/install/moveit_resources_fanuc_moveit_config:/home/akinsantos/ws_moveit/install/moveit_resources_fanuc_description:/home/akinsantos/ws_moveit/install/moveit_common:/home/akinsantos/ws_moveit/install/moveit_configs_utils:/home/akinsantos/ws_moveit/install/launch_param_builder:/opt/ros/humble LD_LIBRARY_PATH=/home/akinsantos/minipulator_ws/install/dynamixel_workbench_toolbox/lib:${LD_LIBRARY_PATH} /usr/bin/cmake --install /home/akinsantos/minipulator_ws/build/dynamixel_hardware
[1.437s] DEBUG:colcon.colcon_core.event_handler.log_command:Invoked command in '/home/akinsantos/minipulator_ws/build/phantomx_reactor_arm_moveit2_config' returned '0': AMENT_PREFIX_PATH=/home/akinsantos/minipulator_ws/install/phantomx_reactor_arm_description:${AMENT_PREFIX_PATH} CMAKE_PREFIX_PATH=/home/akinsantos/minipulator_ws/install/phantomx_reactor_arm_description:/home/akinsantos/ws_moveit/install/pilz_industrial_motion_planner_testutils:/home/akinsantos/ws_moveit/install/moveit_runtime:/home/akinsantos/ws_moveit/install/moveit2_tutorials:/home/akinsantos/ws_moveit/install/moveit:/home/akinsantos/ws_moveit/install/moveit_planners:/home/akinsantos/ws_moveit/install/pilz_industrial_motion_planner:/home/akinsantos/ws_moveit/install/moveit_visual_tools:/home/akinsantos/ws_moveit/install/moveit_task_constructor_visualization:/home/akinsantos/ws_moveit/install/moveit_task_constructor_demo:/home/akinsantos/ws_moveit/install/moveit_task_constructor_capabilities:/home/akinsantos/ws_moveit/install/moveit_task_constructor_core:/home/akinsantos/ws_moveit/install/moveit_ros_control_interface:/home/akinsantos/ws_moveit/install/moveit_plugins:/home/akinsantos/ws_moveit/install/moveit_simple_controller_manager:/home/akinsantos/ws_moveit/install/moveit_setup_assistant:/home/akinsantos/ws_moveit/install/moveit_setup_srdf_plugins:/home/akinsantos/ws_moveit/install/moveit_setup_core_plugins:/home/akinsantos/ws_moveit/install/moveit_setup_controllers:/home/akinsantos/ws_moveit/install/moveit_setup_app_plugins:/home/akinsantos/ws_moveit/install/moveit_setup_framework:/home/akinsantos/ws_moveit/install/moveit_servo:/home/akinsantos/ws_moveit/install/moveit_ros:/home/akinsantos/ws_moveit/install/moveit_ros_visualization:/home/akinsantos/ws_moveit/install/moveit_hybrid_planning:/home/akinsantos/ws_moveit/install/moveit_ros_planning_interface:/home/akinsantos/ws_moveit/install/moveit_ros_benchmarks:/home/akinsantos/ws_moveit/install/moveit_ros_warehouse:/home/akinsantos/ws_moveit/install/moveit_ros_robot_interaction:/home/akinsantos/ws_moveit/install/moveit_ros_perception:/home/akinsantos/ws_moveit/install/moveit_resources_prbt_pg70_support:/home/akinsantos/ws_moveit/install/moveit_resources_prbt_moveit_config:/home/akinsantos/ws_moveit/install/moveit_ros_move_group:/home/akinsantos/ws_moveit/install/moveit_planners_ompl:/home/akinsantos/ws_moveit/install/moveit_ros_planning:/home/akinsantos/ws_moveit/install/moveit_ros_occupancy_map_monitor:/home/akinsantos/ws_moveit/install/moveit_resources_prbt_ikfast_manipulator_plugin:/home/akinsantos/ws_moveit/install/moveit_planners_chomp:/home/akinsantos/ws_moveit/install/moveit_kinematics:/home/akinsantos/ws_moveit/install/moveit_chomp_optimizer_adapter:/home/akinsantos/ws_moveit/install/chomp_motion_planner:/home/akinsantos/ws_moveit/install/moveit_core:/home/akinsantos/ws_moveit/install/srdfdom:/home/akinsantos/ws_moveit/install/rviz_marker_tools:/home/akinsantos/ws_moveit/install/rosparam_shortcuts:/home/akinsantos/ws_moveit/install/moveit_task_constructor_msgs:/home/akinsantos/ws_moveit/install/moveit_resources_prbt_support:/home/akinsantos/ws_moveit/install/moveit_resources:/home/akinsantos/ws_moveit/install/moveit_resources_pr2_description:/home/akinsantos/ws_moveit/install/moveit_resources_panda_moveit_config:/home/akinsantos/ws_moveit/install/moveit_resources_panda_description:/home/akinsantos/ws_moveit/install/moveit_resources_fanuc_moveit_config:/home/akinsantos/ws_moveit/install/moveit_resources_fanuc_description:/home/akinsantos/ws_moveit/install/moveit_common:/home/akinsantos/ws_moveit/install/moveit_configs_utils:/home/akinsantos/ws_moveit/install/launch_param_builder:/opt/ros/humble /usr/bin/cmake --build /home/akinsantos/minipulator_ws/build/phantomx_reactor_arm_moveit2_config -- -j8 -l8
[1.439s] DEBUG:colcon.colcon_core.event_handler.log_command:Invoking command in '/home/akinsantos/minipulator_ws/build/phantomx_reactor_arm_moveit2_config': AMENT_PREFIX_PATH=/home/akinsantos/minipulator_ws/install/phantomx_reactor_arm_description:${AMENT_PREFIX_PATH} CMAKE_PREFIX_PATH=/home/akinsantos/minipulator_ws/install/phantomx_reactor_arm_description:/home/akinsantos/ws_moveit/install/pilz_industrial_motion_planner_testutils:/home/akinsantos/ws_moveit/install/moveit_runtime:/home/akinsantos/ws_moveit/install/moveit2_tutorials:/home/akinsantos/ws_moveit/install/moveit:/home/akinsantos/ws_moveit/install/moveit_planners:/home/akinsantos/ws_moveit/install/pilz_industrial_motion_planner:/home/akinsantos/ws_moveit/install/moveit_visual_tools:/home/akinsantos/ws_moveit/install/moveit_task_constructor_visualization:/home/akinsantos/ws_moveit/install/moveit_task_constructor_demo:/home/akinsantos/ws_moveit/install/moveit_task_constructor_capabilities:/home/akinsantos/ws_moveit/install/moveit_task_constructor_core:/home/akinsantos/ws_moveit/install/moveit_ros_control_interface:/home/akinsantos/ws_moveit/install/moveit_plugins:/home/akinsantos/ws_moveit/install/moveit_simple_controller_manager:/home/akinsantos/ws_moveit/install/moveit_setup_assistant:/home/akinsantos/ws_moveit/install/moveit_setup_srdf_plugins:/home/akinsantos/ws_moveit/install/moveit_setup_core_plugins:/home/akinsantos/ws_moveit/install/moveit_setup_controllers:/home/akinsantos/ws_moveit/install/moveit_setup_app_plugins:/home/akinsantos/ws_moveit/install/moveit_setup_framework:/home/akinsantos/ws_moveit/install/moveit_servo:/home/akinsantos/ws_moveit/install/moveit_ros:/home/akinsantos/ws_moveit/install/moveit_ros_visualization:/home/akinsantos/ws_moveit/install/moveit_hybrid_planning:/home/akinsantos/ws_moveit/install/moveit_ros_planning_interface:/home/akinsantos/ws_moveit/install/moveit_ros_benchmarks:/home/akinsantos/ws_moveit/install/moveit_ros_warehouse:/home/akinsantos/ws_moveit/install/moveit_ros_robot_interaction:/home/akinsantos/ws_moveit/install/moveit_ros_perception:/home/akinsantos/ws_moveit/install/moveit_resources_prbt_pg70_support:/home/akinsantos/ws_moveit/install/moveit_resources_prbt_moveit_config:/home/akinsantos/ws_moveit/install/moveit_ros_move_group:/home/akinsantos/ws_moveit/install/moveit_planners_ompl:/home/akinsantos/ws_moveit/install/moveit_ros_planning:/home/akinsantos/ws_moveit/install/moveit_ros_occupancy_map_monitor:/home/akinsantos/ws_moveit/install/moveit_resources_prbt_ikfast_manipulator_plugin:/home/akinsantos/ws_moveit/install/moveit_planners_chomp:/home/akinsantos/ws_moveit/install/moveit_kinematics:/home/akinsantos/ws_moveit/install/moveit_chomp_optimizer_adapter:/home/akinsantos/ws_moveit/install/chomp_motion_planner:/home/akinsantos/ws_moveit/install/moveit_core:/home/akinsantos/ws_moveit/install/srdfdom:/home/akinsantos/ws_moveit/install/rviz_marker_tools:/home/akinsantos/ws_moveit/install/rosparam_shortcuts:/home/akinsantos/ws_moveit/install/moveit_task_constructor_msgs:/home/akinsantos/ws_moveit/install/moveit_resources_prbt_support:/home/akinsantos/ws_moveit/install/moveit_resources:/home/akinsantos/ws_moveit/install/moveit_resources_pr2_description:/home/akinsantos/ws_moveit/install/moveit_resources_panda_moveit_config:/home/akinsantos/ws_moveit/install/moveit_resources_panda_description:/home/akinsantos/ws_moveit/install/moveit_resources_fanuc_moveit_config:/home/akinsantos/ws_moveit/install/moveit_resources_fanuc_description:/home/akinsantos/ws_moveit/install/moveit_common:/home/akinsantos/ws_moveit/install/moveit_configs_utils:/home/akinsantos/ws_moveit/install/launch_param_builder:/opt/ros/humble /usr/bin/cmake --install /home/akinsantos/minipulator_ws/build/phantomx_reactor_arm_moveit2_config
[1.448s] Level 1:colcon.colcon_core.environment:create_environment_scripts_only(movevit2_test)
[1.449s] Level 1:colcon.colcon_core.environment:checking '/home/akinsantos/minipulator_ws/install/movevit2_test' for CMake module files
[1.450s] DEBUG:colcon.colcon_core.event_handler.log_command:Invoked command in '/home/akinsantos/minipulator_ws/build/movevit2_test' returned '0': AMENT_PREFIX_PATH=/home/akinsantos/minipulator_ws/install/phantomx_reactor_arm_description:${AMENT_PREFIX_PATH} CMAKE_PREFIX_PATH=/home/akinsantos/minipulator_ws/install/phantomx_reactor_arm_description:/home/akinsantos/ws_moveit/install/pilz_industrial_motion_planner_testutils:/home/akinsantos/ws_moveit/install/moveit_runtime:/home/akinsantos/ws_moveit/install/moveit2_tutorials:/home/akinsantos/ws_moveit/install/moveit:/home/akinsantos/ws_moveit/install/moveit_planners:/home/akinsantos/ws_moveit/install/pilz_industrial_motion_planner:/home/akinsantos/ws_moveit/install/moveit_visual_tools:/home/akinsantos/ws_moveit/install/moveit_task_constructor_visualization:/home/akinsantos/ws_moveit/install/moveit_task_constructor_demo:/home/akinsantos/ws_moveit/install/moveit_task_constructor_capabilities:/home/akinsantos/ws_moveit/install/moveit_task_constructor_core:/home/akinsantos/ws_moveit/install/moveit_ros_control_interface:/home/akinsantos/ws_moveit/install/moveit_plugins:/home/akinsantos/ws_moveit/install/moveit_simple_controller_manager:/home/akinsantos/ws_moveit/install/moveit_setup_assistant:/home/akinsantos/ws_moveit/install/moveit_setup_srdf_plugins:/home/akinsantos/ws_moveit/install/moveit_setup_core_plugins:/home/akinsantos/ws_moveit/install/moveit_setup_controllers:/home/akinsantos/ws_moveit/install/moveit_setup_app_plugins:/home/akinsantos/ws_moveit/install/moveit_setup_framework:/home/akinsantos/ws_moveit/install/moveit_servo:/home/akinsantos/ws_moveit/install/moveit_ros:/home/akinsantos/ws_moveit/install/moveit_ros_visualization:/home/akinsantos/ws_moveit/install/moveit_hybrid_planning:/home/akinsantos/ws_moveit/install/moveit_ros_planning_interface:/home/akinsantos/ws_moveit/install/moveit_ros_benchmarks:/home/akinsantos/ws_moveit/install/moveit_ros_warehouse:/home/akinsantos/ws_moveit/install/moveit_ros_robot_interaction:/home/akinsantos/ws_moveit/install/moveit_ros_perception:/home/akinsantos/ws_moveit/install/moveit_resources_prbt_pg70_support:/home/akinsantos/ws_moveit/install/moveit_resources_prbt_moveit_config:/home/akinsantos/ws_moveit/install/moveit_ros_move_group:/home/akinsantos/ws_moveit/install/moveit_planners_ompl:/home/akinsantos/ws_moveit/install/moveit_ros_planning:/home/akinsantos/ws_moveit/install/moveit_ros_occupancy_map_monitor:/home/akinsantos/ws_moveit/install/moveit_resources_prbt_ikfast_manipulator_plugin:/home/akinsantos/ws_moveit/install/moveit_planners_chomp:/home/akinsantos/ws_moveit/install/moveit_kinematics:/home/akinsantos/ws_moveit/install/moveit_chomp_optimizer_adapter:/home/akinsantos/ws_moveit/install/chomp_motion_planner:/home/akinsantos/ws_moveit/install/moveit_core:/home/akinsantos/ws_moveit/install/srdfdom:/home/akinsantos/ws_moveit/install/rviz_marker_tools:/home/akinsantos/ws_moveit/install/rosparam_shortcuts:/home/akinsantos/ws_moveit/install/moveit_task_constructor_msgs:/home/akinsantos/ws_moveit/install/moveit_resources_prbt_support:/home/akinsantos/ws_moveit/install/moveit_resources:/home/akinsantos/ws_moveit/install/moveit_resources_pr2_description:/home/akinsantos/ws_moveit/install/moveit_resources_panda_moveit_config:/home/akinsantos/ws_moveit/install/moveit_resources_panda_description:/home/akinsantos/ws_moveit/install/moveit_resources_fanuc_moveit_config:/home/akinsantos/ws_moveit/install/moveit_resources_fanuc_description:/home/akinsantos/ws_moveit/install/moveit_common:/home/akinsantos/ws_moveit/install/moveit_configs_utils:/home/akinsantos/ws_moveit/install/launch_param_builder:/opt/ros/humble /usr/bin/cmake --install /home/akinsantos/minipulator_ws/build/movevit2_test
[1.451s] Level 1:colcon.colcon_core.environment:checking '/home/akinsantos/minipulator_ws/install/movevit2_test' for CMake config files
[1.452s] Level 1:colcon.colcon_core.shell:create_environment_hook('movevit2_test', 'cmake_prefix_path')
[1.452s] INFO:colcon.colcon_core.shell:Creating environment hook '/home/akinsantos/minipulator_ws/install/movevit2_test/share/movevit2_test/hook/cmake_prefix_path.ps1'
[1.452s] INFO:colcon.colcon_core.shell:Creating environment descriptor '/home/akinsantos/minipulator_ws/install/movevit2_test/share/movevit2_test/hook/cmake_prefix_path.dsv'
[1.453s] INFO:colcon.colcon_core.shell:Creating environment hook '/home/akinsantos/minipulator_ws/install/movevit2_test/share/movevit2_test/hook/cmake_prefix_path.sh'
[1.453s] Level 1:colcon.colcon_core.environment:checking '/home/akinsantos/minipulator_ws/install/movevit2_test/bin'
[1.453s] Level 1:colcon.colcon_core.environment:checking '/home/akinsantos/minipulator_ws/install/movevit2_test/lib/pkgconfig/movevit2_test.pc'
[1.453s] Level 1:colcon.colcon_core.environment:checking '/home/akinsantos/minipulator_ws/install/movevit2_test/lib/python3.10/site-packages'
[1.453s] Level 1:colcon.colcon_core.environment:checking '/home/akinsantos/minipulator_ws/install/movevit2_test/bin'
[1.454s] INFO:colcon.colcon_core.shell:Creating package script '/home/akinsantos/minipulator_ws/install/movevit2_test/share/movevit2_test/package.ps1'
[1.454s] INFO:colcon.colcon_core.shell:Creating package descriptor '/home/akinsantos/minipulator_ws/install/movevit2_test/share/movevit2_test/package.dsv'
[1.454s] INFO:colcon.colcon_core.shell:Creating package script '/home/akinsantos/minipulator_ws/install/movevit2_test/share/movevit2_test/package.sh'
[1.454s] INFO:colcon.colcon_core.shell:Creating package script '/home/akinsantos/minipulator_ws/install/movevit2_test/share/movevit2_test/package.bash'
[1.455s] INFO:colcon.colcon_core.shell:Creating package script '/home/akinsantos/minipulator_ws/install/movevit2_test/share/movevit2_test/package.zsh'
[1.455s] Level 1:colcon.colcon_core.environment:create_file_with_runtime_dependencies(/home/akinsantos/minipulator_ws/install/movevit2_test/share/colcon-core/packages/movevit2_test)
[1.455s] Level 1:colcon.colcon_core.environment:create_environment_scripts_only(movevit2_test)
[1.455s] Level 1:colcon.colcon_core.environment:checking '/home/akinsantos/minipulator_ws/install/movevit2_test' for CMake module files
[1.456s] Level 1:colcon.colcon_core.environment:checking '/home/akinsantos/minipulator_ws/install/movevit2_test' for CMake config files
[1.456s] Level 1:colcon.colcon_core.shell:create_environment_hook('movevit2_test', 'cmake_prefix_path')
[1.456s] INFO:colcon.colcon_core.shell:Creating environment hook '/home/akinsantos/minipulator_ws/install/movevit2_test/share/movevit2_test/hook/cmake_prefix_path.ps1'
[1.456s] INFO:colcon.colcon_core.shell:Creating environment descriptor '/home/akinsantos/minipulator_ws/install/movevit2_test/share/movevit2_test/hook/cmake_prefix_path.dsv'
[1.456s] INFO:colcon.colcon_core.shell:Creating environment hook '/home/akinsantos/minipulator_ws/install/movevit2_test/share/movevit2_test/hook/cmake_prefix_path.sh'
[1.457s] Level 1:colcon.colcon_core.environment:checking '/home/akinsantos/minipulator_ws/install/movevit2_test/bin'
[1.457s] Level 1:colcon.colcon_core.environment:checking '/home/akinsantos/minipulator_ws/install/movevit2_test/lib/pkgconfig/movevit2_test.pc'
[1.457s] Level 1:colcon.colcon_core.environment:checking '/home/akinsantos/minipulator_ws/install/movevit2_test/lib/python3.10/site-packages'
[1.457s] Level 1:colcon.colcon_core.environment:checking '/home/akinsantos/minipulator_ws/install/movevit2_test/bin'
[1.457s] INFO:colcon.colcon_core.shell:Creating package script '/home/akinsantos/minipulator_ws/install/movevit2_test/share/movevit2_test/package.ps1'
[1.458s] INFO:colcon.colcon_core.shell:Creating package descriptor '/home/akinsantos/minipulator_ws/install/movevit2_test/share/movevit2_test/package.dsv'
[1.458s] INFO:colcon.colcon_core.shell:Creating package script '/home/akinsantos/minipulator_ws/install/movevit2_test/share/movevit2_test/package.sh'
[1.458s] INFO:colcon.colcon_core.shell:Creating package script '/home/akinsantos/minipulator_ws/install/movevit2_test/share/movevit2_test/package.bash'
[1.459s] INFO:colcon.colcon_core.shell:Creating package script '/home/akinsantos/minipulator_ws/install/movevit2_test/share/movevit2_test/package.zsh'
[1.459s] Level 1:colcon.colcon_core.environment:create_file_with_runtime_dependencies(/home/akinsantos/minipulator_ws/install/movevit2_test/share/colcon-core/packages/movevit2_test)
[1.460s] Level 1:colcon.colcon_core.environment:create_environment_scripts_only(dynamixel_hardware)
[1.460s] Level 1:colcon.colcon_core.environment:checking '/home/akinsantos/minipulator_ws/install/dynamixel_hardware' for CMake module files
[1.460s] DEBUG:colcon.colcon_core.event_handler.log_command:Invoked command in '/home/akinsantos/minipulator_ws/build/dynamixel_hardware' returned '0': AMENT_PREFIX_PATH=/home/akinsantos/minipulator_ws/install/dynamixel_workbench_toolbox:${AMENT_PREFIX_PATH} CMAKE_PREFIX_PATH=/home/akinsantos/minipulator_ws/install/dynamixel_workbench_toolbox:/home/akinsantos/ws_moveit/install/pilz_industrial_motion_planner_testutils:/home/akinsantos/ws_moveit/install/moveit_runtime:/home/akinsantos/ws_moveit/install/moveit2_tutorials:/home/akinsantos/ws_moveit/install/moveit:/home/akinsantos/ws_moveit/install/moveit_planners:/home/akinsantos/ws_moveit/install/pilz_industrial_motion_planner:/home/akinsantos/ws_moveit/install/moveit_visual_tools:/home/akinsantos/ws_moveit/install/moveit_task_constructor_visualization:/home/akinsantos/ws_moveit/install/moveit_task_constructor_demo:/home/akinsantos/ws_moveit/install/moveit_task_constructor_capabilities:/home/akinsantos/ws_moveit/install/moveit_task_constructor_core:/home/akinsantos/ws_moveit/install/moveit_ros_control_interface:/home/akinsantos/ws_moveit/install/moveit_plugins:/home/akinsantos/ws_moveit/install/moveit_simple_controller_manager:/home/akinsantos/ws_moveit/install/moveit_setup_assistant:/home/akinsantos/ws_moveit/install/moveit_setup_srdf_plugins:/home/akinsantos/ws_moveit/install/moveit_setup_core_plugins:/home/akinsantos/ws_moveit/install/moveit_setup_controllers:/home/akinsantos/ws_moveit/install/moveit_setup_app_plugins:/home/akinsantos/ws_moveit/install/moveit_setup_framework:/home/akinsantos/ws_moveit/install/moveit_servo:/home/akinsantos/ws_moveit/install/moveit_ros:/home/akinsantos/ws_moveit/install/moveit_ros_visualization:/home/akinsantos/ws_moveit/install/moveit_hybrid_planning:/home/akinsantos/ws_moveit/install/moveit_ros_planning_interface:/home/akinsantos/ws_moveit/install/moveit_ros_benchmarks:/home/akinsantos/ws_moveit/install/moveit_ros_warehouse:/home/akinsantos/ws_moveit/install/moveit_ros_robot_interaction:/home/akinsantos/ws_moveit/install/moveit_ros_perception:/home/akinsantos/ws_moveit/install/moveit_resources_prbt_pg70_support:/home/akinsantos/ws_moveit/install/moveit_resources_prbt_moveit_config:/home/akinsantos/ws_moveit/install/moveit_ros_move_group:/home/akinsantos/ws_moveit/install/moveit_planners_ompl:/home/akinsantos/ws_moveit/install/moveit_ros_planning:/home/akinsantos/ws_moveit/install/moveit_ros_occupancy_map_monitor:/home/akinsantos/ws_moveit/install/moveit_resources_prbt_ikfast_manipulator_plugin:/home/akinsantos/ws_moveit/install/moveit_planners_chomp:/home/akinsantos/ws_moveit/install/moveit_kinematics:/home/akinsantos/ws_moveit/install/moveit_chomp_optimizer_adapter:/home/akinsantos/ws_moveit/install/chomp_motion_planner:/home/akinsantos/ws_moveit/install/moveit_core:/home/akinsantos/ws_moveit/install/srdfdom:/home/akinsantos/ws_moveit/install/rviz_marker_tools:/home/akinsantos/ws_moveit/install/rosparam_shortcuts:/home/akinsantos/ws_moveit/install/moveit_task_constructor_msgs:/home/akinsantos/ws_moveit/install/moveit_resources_prbt_support:/home/akinsantos/ws_moveit/install/moveit_resources:/home/akinsantos/ws_moveit/install/moveit_resources_pr2_description:/home/akinsantos/ws_moveit/install/moveit_resources_panda_moveit_config:/home/akinsantos/ws_moveit/install/moveit_resources_panda_description:/home/akinsantos/ws_moveit/install/moveit_resources_fanuc_moveit_config:/home/akinsantos/ws_moveit/install/moveit_resources_fanuc_description:/home/akinsantos/ws_moveit/install/moveit_common:/home/akinsantos/ws_moveit/install/moveit_configs_utils:/home/akinsantos/ws_moveit/install/launch_param_builder:/opt/ros/humble LD_LIBRARY_PATH=/home/akinsantos/minipulator_ws/install/dynamixel_workbench_toolbox/lib:${LD_LIBRARY_PATH} /usr/bin/cmake --install /home/akinsantos/minipulator_ws/build/dynamixel_hardware
[1.461s] Level 1:colcon.colcon_core.environment:checking '/home/akinsantos/minipulator_ws/install/dynamixel_hardware' for CMake config files
[1.461s] Level 1:colcon.colcon_core.shell:create_environment_hook('dynamixel_hardware', 'cmake_prefix_path')
[1.461s] INFO:colcon.colcon_core.shell:Creating environment hook '/home/akinsantos/minipulator_ws/install/dynamixel_hardware/share/dynamixel_hardware/hook/cmake_prefix_path.ps1'
[1.462s] INFO:colcon.colcon_core.shell:Creating environment descriptor '/home/akinsantos/minipulator_ws/install/dynamixel_hardware/share/dynamixel_hardware/hook/cmake_prefix_path.dsv'
[1.462s] INFO:colcon.colcon_core.shell:Creating environment hook '/home/akinsantos/minipulator_ws/install/dynamixel_hardware/share/dynamixel_hardware/hook/cmake_prefix_path.sh'
[1.463s] Level 1:colcon.colcon_core.environment:checking '/home/akinsantos/minipulator_ws/install/dynamixel_hardware/lib'
[1.463s] Level 1:colcon.colcon_core.shell:create_environment_hook('dynamixel_hardware', 'ld_library_path_lib')
[1.463s] INFO:colcon.colcon_core.shell:Creating environment hook '/home/akinsantos/minipulator_ws/install/dynamixel_hardware/share/dynamixel_hardware/hook/ld_library_path_lib.ps1'
[1.463s] INFO:colcon.colcon_core.shell:Creating environment descriptor '/home/akinsantos/minipulator_ws/install/dynamixel_hardware/share/dynamixel_hardware/hook/ld_library_path_lib.dsv'
[1.463s] INFO:colcon.colcon_core.shell:Creating environment hook '/home/akinsantos/minipulator_ws/install/dynamixel_hardware/share/dynamixel_hardware/hook/ld_library_path_lib.sh'
[1.464s] Level 1:colcon.colcon_core.environment:checking '/home/akinsantos/minipulator_ws/install/dynamixel_hardware/bin'
[1.464s] Level 1:colcon.colcon_core.environment:checking '/home/akinsantos/minipulator_ws/install/dynamixel_hardware/lib/pkgconfig/dynamixel_hardware.pc'
[1.464s] Level 1:colcon.colcon_core.environment:checking '/home/akinsantos/minipulator_ws/install/dynamixel_hardware/lib/python3.10/site-packages'
[1.464s] Level 1:colcon.colcon_core.environment:checking '/home/akinsantos/minipulator_ws/install/dynamixel_hardware/bin'
[1.464s] INFO:colcon.colcon_core.shell:Creating package script '/home/akinsantos/minipulator_ws/install/dynamixel_hardware/share/dynamixel_hardware/package.ps1'
[1.464s] INFO:colcon.colcon_core.shell:Creating package descriptor '/home/akinsantos/minipulator_ws/install/dynamixel_hardware/share/dynamixel_hardware/package.dsv'
[1.465s] INFO:colcon.colcon_core.shell:Creating package script '/home/akinsantos/minipulator_ws/install/dynamixel_hardware/share/dynamixel_hardware/package.sh'
[1.465s] INFO:colcon.colcon_core.shell:Creating package script '/home/akinsantos/minipulator_ws/install/dynamixel_hardware/share/dynamixel_hardware/package.bash'
[1.465s] INFO:colcon.colcon_core.shell:Creating package script '/home/akinsantos/minipulator_ws/install/dynamixel_hardware/share/dynamixel_hardware/package.zsh'
[1.466s] Level 1:colcon.colcon_core.environment:create_file_with_runtime_dependencies(/home/akinsantos/minipulator_ws/install/dynamixel_hardware/share/colcon-core/packages/dynamixel_hardware)
[1.467s] Level 1:colcon.colcon_core.environment:create_environment_scripts_only(dynamixel_hardware)
[1.467s] Level 1:colcon.colcon_core.environment:checking '/home/akinsantos/minipulator_ws/install/dynamixel_hardware' for CMake module files
[1.467s] Level 1:colcon.colcon_core.environment:checking '/home/akinsantos/minipulator_ws/install/dynamixel_hardware' for CMake config files
[1.467s] Level 1:colcon.colcon_core.shell:create_environment_hook('dynamixel_hardware', 'cmake_prefix_path')
[1.468s] INFO:colcon.colcon_core.shell:Creating environment hook '/home/akinsantos/minipulator_ws/install/dynamixel_hardware/share/dynamixel_hardware/hook/cmake_prefix_path.ps1'
[1.468s] INFO:colcon.colcon_core.shell:Creating environment descriptor '/home/akinsantos/minipulator_ws/install/dynamixel_hardware/share/dynamixel_hardware/hook/cmake_prefix_path.dsv'
[1.468s] INFO:colcon.colcon_core.shell:Creating environment hook '/home/akinsantos/minipulator_ws/install/dynamixel_hardware/share/dynamixel_hardware/hook/cmake_prefix_path.sh'
[1.468s] Level 1:colcon.colcon_core.environment:checking '/home/akinsantos/minipulator_ws/install/dynamixel_hardware/lib'
[1.468s] Level 1:colcon.colcon_core.shell:create_environment_hook('dynamixel_hardware', 'ld_library_path_lib')
[1.469s] INFO:colcon.colcon_core.shell:Creating environment hook '/home/akinsantos/minipulator_ws/install/dynamixel_hardware/share/dynamixel_hardware/hook/ld_library_path_lib.ps1'
[1.469s] INFO:colcon.colcon_core.shell:Creating environment descriptor '/home/akinsantos/minipulator_ws/install/dynamixel_hardware/share/dynamixel_hardware/hook/ld_library_path_lib.dsv'
[1.469s] INFO:colcon.colcon_core.shell:Creating environment hook '/home/akinsantos/minipulator_ws/install/dynamixel_hardware/share/dynamixel_hardware/hook/ld_library_path_lib.sh'
[1.469s] Level 1:colcon.colcon_core.environment:checking '/home/akinsantos/minipulator_ws/install/dynamixel_hardware/bin'
[1.469s] Level 1:colcon.colcon_core.environment:checking '/home/akinsantos/minipulator_ws/install/dynamixel_hardware/lib/pkgconfig/dynamixel_hardware.pc'
[1.470s] Level 1:colcon.colcon_core.environment:checking '/home/akinsantos/minipulator_ws/install/dynamixel_hardware/lib/python3.10/site-packages'
[1.470s] Level 1:colcon.colcon_core.environment:checking '/home/akinsantos/minipulator_ws/install/dynamixel_hardware/bin'
[1.470s] INFO:colcon.colcon_core.shell:Creating package script '/home/akinsantos/minipulator_ws/install/dynamixel_hardware/share/dynamixel_hardware/package.ps1'
[1.470s] INFO:colcon.colcon_core.shell:Creating package descriptor '/home/akinsantos/minipulator_ws/install/dynamixel_hardware/share/dynamixel_hardware/package.dsv'
[1.471s] INFO:colcon.colcon_core.shell:Creating package script '/home/akinsantos/minipulator_ws/install/dynamixel_hardware/share/dynamixel_hardware/package.sh'
[1.471s] INFO:colcon.colcon_core.shell:Creating package script '/home/akinsantos/minipulator_ws/install/dynamixel_hardware/share/dynamixel_hardware/package.bash'
[1.471s] INFO:colcon.colcon_core.shell:Creating package script '/home/akinsantos/minipulator_ws/install/dynamixel_hardware/share/dynamixel_hardware/package.zsh'
[1.472s] Level 1:colcon.colcon_core.environment:create_file_with_runtime_dependencies(/home/akinsantos/minipulator_ws/install/dynamixel_hardware/share/colcon-core/packages/dynamixel_hardware)
[1.472s] Level 1:colcon.colcon_core.environment:create_environment_scripts_only(phantomx_reactor_arm_moveit2_config)
[1.472s] Level 1:colcon.colcon_core.environment:checking '/home/akinsantos/minipulator_ws/install/phantomx_reactor_arm_moveit2_config' for CMake module files
[1.473s] DEBUG:colcon.colcon_core.event_handler.log_command:Invoked command in '/home/akinsantos/minipulator_ws/build/phantomx_reactor_arm_moveit2_config' returned '0': AMENT_PREFIX_PATH=/home/akinsantos/minipulator_ws/install/phantomx_reactor_arm_description:${AMENT_PREFIX_PATH} CMAKE_PREFIX_PATH=/home/akinsantos/minipulator_ws/install/phantomx_reactor_arm_description:/home/akinsantos/ws_moveit/install/pilz_industrial_motion_planner_testutils:/home/akinsantos/ws_moveit/install/moveit_runtime:/home/akinsantos/ws_moveit/install/moveit2_tutorials:/home/akinsantos/ws_moveit/install/moveit:/home/akinsantos/ws_moveit/install/moveit_planners:/home/akinsantos/ws_moveit/install/pilz_industrial_motion_planner:/home/akinsantos/ws_moveit/install/moveit_visual_tools:/home/akinsantos/ws_moveit/install/moveit_task_constructor_visualization:/home/akinsantos/ws_moveit/install/moveit_task_constructor_demo:/home/akinsantos/ws_moveit/install/moveit_task_constructor_capabilities:/home/akinsantos/ws_moveit/install/moveit_task_constructor_core:/home/akinsantos/ws_moveit/install/moveit_ros_control_interface:/home/akinsantos/ws_moveit/install/moveit_plugins:/home/akinsantos/ws_moveit/install/moveit_simple_controller_manager:/home/akinsantos/ws_moveit/install/moveit_setup_assistant:/home/akinsantos/ws_moveit/install/moveit_setup_srdf_plugins:/home/akinsantos/ws_moveit/install/moveit_setup_core_plugins:/home/akinsantos/ws_moveit/install/moveit_setup_controllers:/home/akinsantos/ws_moveit/install/moveit_setup_app_plugins:/home/akinsantos/ws_moveit/install/moveit_setup_framework:/home/akinsantos/ws_moveit/install/moveit_servo:/home/akinsantos/ws_moveit/install/moveit_ros:/home/akinsantos/ws_moveit/install/moveit_ros_visualization:/home/akinsantos/ws_moveit/install/moveit_hybrid_planning:/home/akinsantos/ws_moveit/install/moveit_ros_planning_interface:/home/akinsantos/ws_moveit/install/moveit_ros_benchmarks:/home/akinsantos/ws_moveit/install/moveit_ros_warehouse:/home/akinsantos/ws_moveit/install/moveit_ros_robot_interaction:/home/akinsantos/ws_moveit/install/moveit_ros_perception:/home/akinsantos/ws_moveit/install/moveit_resources_prbt_pg70_support:/home/akinsantos/ws_moveit/install/moveit_resources_prbt_moveit_config:/home/akinsantos/ws_moveit/install/moveit_ros_move_group:/home/akinsantos/ws_moveit/install/moveit_planners_ompl:/home/akinsantos/ws_moveit/install/moveit_ros_planning:/home/akinsantos/ws_moveit/install/moveit_ros_occupancy_map_monitor:/home/akinsantos/ws_moveit/install/moveit_resources_prbt_ikfast_manipulator_plugin:/home/akinsantos/ws_moveit/install/moveit_planners_chomp:/home/akinsantos/ws_moveit/install/moveit_kinematics:/home/akinsantos/ws_moveit/install/moveit_chomp_optimizer_adapter:/home/akinsantos/ws_moveit/install/chomp_motion_planner:/home/akinsantos/ws_moveit/install/moveit_core:/home/akinsantos/ws_moveit/install/srdfdom:/home/akinsantos/ws_moveit/install/rviz_marker_tools:/home/akinsantos/ws_moveit/install/rosparam_shortcuts:/home/akinsantos/ws_moveit/install/moveit_task_constructor_msgs:/home/akinsantos/ws_moveit/install/moveit_resources_prbt_support:/home/akinsantos/ws_moveit/install/moveit_resources:/home/akinsantos/ws_moveit/install/moveit_resources_pr2_description:/home/akinsantos/ws_moveit/install/moveit_resources_panda_moveit_config:/home/akinsantos/ws_moveit/install/moveit_resources_panda_description:/home/akinsantos/ws_moveit/install/moveit_resources_fanuc_moveit_config:/home/akinsantos/ws_moveit/install/moveit_resources_fanuc_description:/home/akinsantos/ws_moveit/install/moveit_common:/home/akinsantos/ws_moveit/install/moveit_configs_utils:/home/akinsantos/ws_moveit/install/launch_param_builder:/opt/ros/humble /usr/bin/cmake --install /home/akinsantos/minipulator_ws/build/phantomx_reactor_arm_moveit2_config
[1.473s] Level 1:colcon.colcon_core.environment:checking '/home/akinsantos/minipulator_ws/install/phantomx_reactor_arm_moveit2_config' for CMake config files
[1.473s] Level 1:colcon.colcon_core.shell:create_environment_hook('phantomx_reactor_arm_moveit2_config', 'cmake_prefix_path')
[1.473s] INFO:colcon.colcon_core.shell:Creating environment hook '/home/akinsantos/minipulator_ws/install/phantomx_reactor_arm_moveit2_config/share/phantomx_reactor_arm_moveit2_config/hook/cmake_prefix_path.ps1'
[1.474s] INFO:colcon.colcon_core.shell:Creating environment descriptor '/home/akinsantos/minipulator_ws/install/phantomx_reactor_arm_moveit2_config/share/phantomx_reactor_arm_moveit2_config/hook/cmake_prefix_path.dsv'
[1.474s] INFO:colcon.colcon_core.shell:Creating environment hook '/home/akinsantos/minipulator_ws/install/phantomx_reactor_arm_moveit2_config/share/phantomx_reactor_arm_moveit2_config/hook/cmake_prefix_path.sh'
[1.474s] Level 1:colcon.colcon_core.environment:checking '/home/akinsantos/minipulator_ws/install/phantomx_reactor_arm_moveit2_config/bin'
[1.474s] Level 1:colcon.colcon_core.environment:checking '/home/akinsantos/minipulator_ws/install/phantomx_reactor_arm_moveit2_config/lib/pkgconfig/phantomx_reactor_arm_moveit2_config.pc'
[1.474s] Level 1:colcon.colcon_core.environment:checking '/home/akinsantos/minipulator_ws/install/phantomx_reactor_arm_moveit2_config/lib/python3.10/site-packages'
[1.475s] Level 1:colcon.colcon_core.environment:checking '/home/akinsantos/minipulator_ws/install/phantomx_reactor_arm_moveit2_config/bin'
[1.475s] INFO:colcon.colcon_core.shell:Creating package script '/home/akinsantos/minipulator_ws/install/phantomx_reactor_arm_moveit2_config/share/phantomx_reactor_arm_moveit2_config/package.ps1'
[1.475s] INFO:colcon.colcon_core.shell:Creating package descriptor '/home/akinsantos/minipulator_ws/install/phantomx_reactor_arm_moveit2_config/share/phantomx_reactor_arm_moveit2_config/package.dsv'
[1.475s] INFO:colcon.colcon_core.shell:Creating package script '/home/akinsantos/minipulator_ws/install/phantomx_reactor_arm_moveit2_config/share/phantomx_reactor_arm_moveit2_config/package.sh'
[1.476s] INFO:colcon.colcon_core.shell:Creating package script '/home/akinsantos/minipulator_ws/install/phantomx_reactor_arm_moveit2_config/share/phantomx_reactor_arm_moveit2_config/package.bash'
[1.476s] INFO:colcon.colcon_core.shell:Creating package script '/home/akinsantos/minipulator_ws/install/phantomx_reactor_arm_moveit2_config/share/phantomx_reactor_arm_moveit2_config/package.zsh'
[1.476s] Level 1:colcon.colcon_core.environment:create_file_with_runtime_dependencies(/home/akinsantos/minipulator_ws/install/phantomx_reactor_arm_moveit2_config/share/colcon-core/packages/phantomx_reactor_arm_moveit2_config)
[1.477s] Level 1:colcon.colcon_core.environment:create_environment_scripts_only(phantomx_reactor_arm_moveit2_config)
[1.477s] Level 1:colcon.colcon_core.environment:checking '/home/akinsantos/minipulator_ws/install/phantomx_reactor_arm_moveit2_config' for CMake module files
[1.477s] Level 1:colcon.colcon_core.environment:checking '/home/akinsantos/minipulator_ws/install/phantomx_reactor_arm_moveit2_config' for CMake config files
[1.477s] Level 1:colcon.colcon_core.shell:create_environment_hook('phantomx_reactor_arm_moveit2_config', 'cmake_prefix_path')
[1.478s] INFO:colcon.colcon_core.shell:Creating environment hook '/home/akinsantos/minipulator_ws/install/phantomx_reactor_arm_moveit2_config/share/phantomx_reactor_arm_moveit2_config/hook/cmake_prefix_path.ps1'
[1.478s] INFO:colcon.colcon_core.shell:Creating environment descriptor '/home/akinsantos/minipulator_ws/install/phantomx_reactor_arm_moveit2_config/share/phantomx_reactor_arm_moveit2_config/hook/cmake_prefix_path.dsv'
[1.478s] INFO:colcon.colcon_core.shell:Creating environment hook '/home/akinsantos/minipulator_ws/install/phantomx_reactor_arm_moveit2_config/share/phantomx_reactor_arm_moveit2_config/hook/cmake_prefix_path.sh'
[1.478s] Level 1:colcon.colcon_core.environment:checking '/home/akinsantos/minipulator_ws/install/phantomx_reactor_arm_moveit2_config/bin'
[1.479s] Level 1:colcon.colcon_core.environment:checking '/home/akinsantos/minipulator_ws/install/phantomx_reactor_arm_moveit2_config/lib/pkgconfig/phantomx_reactor_arm_moveit2_config.pc'
[1.479s] Level 1:colcon.colcon_core.environment:checking '/home/akinsantos/minipulator_ws/install/phantomx_reactor_arm_moveit2_config/lib/python3.10/site-packages'
[1.479s] Level 1:colcon.colcon_core.environment:checking '/home/akinsantos/minipulator_ws/install/phantomx_reactor_arm_moveit2_config/bin'
[1.479s] INFO:colcon.colcon_core.shell:Creating package script '/home/akinsantos/minipulator_ws/install/phantomx_reactor_arm_moveit2_config/share/phantomx_reactor_arm_moveit2_config/package.ps1'
[1.479s] INFO:colcon.colcon_core.shell:Creating package descriptor '/home/akinsantos/minipulator_ws/install/phantomx_reactor_arm_moveit2_config/share/phantomx_reactor_arm_moveit2_config/package.dsv'
[1.480s] INFO:colcon.colcon_core.shell:Creating package script '/home/akinsantos/minipulator_ws/install/phantomx_reactor_arm_moveit2_config/share/phantomx_reactor_arm_moveit2_config/package.sh'
[1.480s] INFO:colcon.colcon_core.shell:Creating package script '/home/akinsantos/minipulator_ws/install/phantomx_reactor_arm_moveit2_config/share/phantomx_reactor_arm_moveit2_config/package.bash'
[1.480s] INFO:colcon.colcon_core.shell:Creating package script '/home/akinsantos/minipulator_ws/install/phantomx_reactor_arm_moveit2_config/share/phantomx_reactor_arm_moveit2_config/package.zsh'
[1.481s] Level 1:colcon.colcon_core.environment:create_file_with_runtime_dependencies(/home/akinsantos/minipulator_ws/install/phantomx_reactor_arm_moveit2_config/share/colcon-core/packages/phantomx_reactor_arm_moveit2_config)
[1.559s] DEBUG:colcon.colcon_core.event_handler.log_command:Invoked command in '/home/akinsantos/minipulator_ws/build/dynamixel_workbench_msgs' returned '0': CMAKE_PREFIX_PATH=${CMAKE_PREFIX_PATH}:/home/akinsantos/ws_moveit/install/moveit_configs_utils:/home/akinsantos/ws_moveit/install/launch_param_builder:/opt/ros/humble /usr/bin/cmake --build /home/akinsantos/minipulator_ws/build/dynamixel_workbench_msgs -- -j8 -l8
[1.562s] DEBUG:colcon.colcon_core.event_handler.log_command:Invoking command in '/home/akinsantos/minipulator_ws/build/dynamixel_workbench_msgs': CMAKE_PREFIX_PATH=${CMAKE_PREFIX_PATH}:/home/akinsantos/ws_moveit/install/moveit_configs_utils:/home/akinsantos/ws_moveit/install/launch_param_builder:/opt/ros/humble /usr/bin/cmake --install /home/akinsantos/minipulator_ws/build/dynamixel_workbench_msgs
[1.634s] Level 1:colcon.colcon_core.environment:create_environment_scripts_only(dynamixel_workbench_msgs)
[1.634s] Level 1:colcon.colcon_core.environment:checking '/home/akinsantos/minipulator_ws/install/dynamixel_workbench_msgs' for CMake module files
[1.635s] DEBUG:colcon.colcon_core.event_handler.log_command:Invoked command in '/home/akinsantos/minipulator_ws/build/dynamixel_workbench_msgs' returned '0': CMAKE_PREFIX_PATH=${CMAKE_PREFIX_PATH}:/home/akinsantos/ws_moveit/install/moveit_configs_utils:/home/akinsantos/ws_moveit/install/launch_param_builder:/opt/ros/humble /usr/bin/cmake --install /home/akinsantos/minipulator_ws/build/dynamixel_workbench_msgs
[1.635s] Level 1:colcon.colcon_core.environment:checking '/home/akinsantos/minipulator_ws/install/dynamixel_workbench_msgs' for CMake config files
[1.637s] Level 1:colcon.colcon_core.shell:create_environment_hook('dynamixel_workbench_msgs', 'cmake_prefix_path')
[1.637s] INFO:colcon.colcon_core.shell:Creating environment hook '/home/akinsantos/minipulator_ws/install/dynamixel_workbench_msgs/share/dynamixel_workbench_msgs/hook/cmake_prefix_path.ps1'
[1.637s] INFO:colcon.colcon_core.shell:Creating environment descriptor '/home/akinsantos/minipulator_ws/install/dynamixel_workbench_msgs/share/dynamixel_workbench_msgs/hook/cmake_prefix_path.dsv'
[1.638s] INFO:colcon.colcon_core.shell:Creating environment hook '/home/akinsantos/minipulator_ws/install/dynamixel_workbench_msgs/share/dynamixel_workbench_msgs/hook/cmake_prefix_path.sh'
[1.638s] Level 1:colcon.colcon_core.environment:checking '/home/akinsantos/minipulator_ws/install/dynamixel_workbench_msgs/lib'
[1.638s] Level 1:colcon.colcon_core.shell:create_environment_hook('dynamixel_workbench_msgs', 'ld_library_path_lib')
[1.638s] INFO:colcon.colcon_core.shell:Creating environment hook '/home/akinsantos/minipulator_ws/install/dynamixel_workbench_msgs/share/dynamixel_workbench_msgs/hook/ld_library_path_lib.ps1'
[1.639s] INFO:colcon.colcon_core.shell:Creating environment descriptor '/home/akinsantos/minipulator_ws/install/dynamixel_workbench_msgs/share/dynamixel_workbench_msgs/hook/ld_library_path_lib.dsv'
[1.639s] INFO:colcon.colcon_core.shell:Creating environment hook '/home/akinsantos/minipulator_ws/install/dynamixel_workbench_msgs/share/dynamixel_workbench_msgs/hook/ld_library_path_lib.sh'
[1.639s] Level 1:colcon.colcon_core.environment:checking '/home/akinsantos/minipulator_ws/install/dynamixel_workbench_msgs/bin'
[1.639s] Level 1:colcon.colcon_core.environment:checking '/home/akinsantos/minipulator_ws/install/dynamixel_workbench_msgs/lib/pkgconfig/dynamixel_workbench_msgs.pc'
[1.639s] Level 1:colcon.colcon_core.environment:checking '/home/akinsantos/minipulator_ws/install/dynamixel_workbench_msgs/lib/python3.10/site-packages'
[1.639s] Level 1:colcon.colcon_core.environment:checking '/home/akinsantos/minipulator_ws/install/dynamixel_workbench_msgs/bin'
[1.640s] INFO:colcon.colcon_core.shell:Creating package script '/home/akinsantos/minipulator_ws/install/dynamixel_workbench_msgs/share/dynamixel_workbench_msgs/package.ps1'
[1.640s] INFO:colcon.colcon_core.shell:Creating package descriptor '/home/akinsantos/minipulator_ws/install/dynamixel_workbench_msgs/share/dynamixel_workbench_msgs/package.dsv'
[1.640s] INFO:colcon.colcon_core.shell:Creating package script '/home/akinsantos/minipulator_ws/install/dynamixel_workbench_msgs/share/dynamixel_workbench_msgs/package.sh'
[1.641s] INFO:colcon.colcon_core.shell:Creating package script '/home/akinsantos/minipulator_ws/install/dynamixel_workbench_msgs/share/dynamixel_workbench_msgs/package.bash'
[1.641s] INFO:colcon.colcon_core.shell:Creating package script '/home/akinsantos/minipulator_ws/install/dynamixel_workbench_msgs/share/dynamixel_workbench_msgs/package.zsh'
[1.641s] Level 1:colcon.colcon_core.environment:create_file_with_runtime_dependencies(/home/akinsantos/minipulator_ws/install/dynamixel_workbench_msgs/share/colcon-core/packages/dynamixel_workbench_msgs)
[1.641s] Level 1:colcon.colcon_core.environment:create_environment_scripts_only(dynamixel_workbench_msgs)
[1.642s] Level 1:colcon.colcon_core.environment:checking '/home/akinsantos/minipulator_ws/install/dynamixel_workbench_msgs' for CMake module files
[1.642s] Level 1:colcon.colcon_core.environment:checking '/home/akinsantos/minipulator_ws/install/dynamixel_workbench_msgs' for CMake config files
[1.643s] Level 1:colcon.colcon_core.shell:create_environment_hook('dynamixel_workbench_msgs', 'cmake_prefix_path')
[1.643s] INFO:colcon.colcon_core.shell:Creating environment hook '/home/akinsantos/minipulator_ws/install/dynamixel_workbench_msgs/share/dynamixel_workbench_msgs/hook/cmake_prefix_path.ps1'
[1.643s] INFO:colcon.colcon_core.shell:Creating environment descriptor '/home/akinsantos/minipulator_ws/install/dynamixel_workbench_msgs/share/dynamixel_workbench_msgs/hook/cmake_prefix_path.dsv'
[1.643s] INFO:colcon.colcon_core.shell:Creating environment hook '/home/akinsantos/minipulator_ws/install/dynamixel_workbench_msgs/share/dynamixel_workbench_msgs/hook/cmake_prefix_path.sh'
[1.644s] Level 1:colcon.colcon_core.environment:checking '/home/akinsantos/minipulator_ws/install/dynamixel_workbench_msgs/lib'
[1.644s] Level 1:colcon.colcon_core.shell:create_environment_hook('dynamixel_workbench_msgs', 'ld_library_path_lib')
[1.644s] INFO:colcon.colcon_core.shell:Creating environment hook '/home/akinsantos/minipulator_ws/install/dynamixel_workbench_msgs/share/dynamixel_workbench_msgs/hook/ld_library_path_lib.ps1'
[1.644s] INFO:colcon.colcon_core.shell:Creating environment descriptor '/home/akinsantos/minipulator_ws/install/dynamixel_workbench_msgs/share/dynamixel_workbench_msgs/hook/ld_library_path_lib.dsv'
[1.644s] INFO:colcon.colcon_core.shell:Creating environment hook '/home/akinsantos/minipulator_ws/install/dynamixel_workbench_msgs/share/dynamixel_workbench_msgs/hook/ld_library_path_lib.sh'
[1.645s] Level 1:colcon.colcon_core.environment:checking '/home/akinsantos/minipulator_ws/install/dynamixel_workbench_msgs/bin'
[1.645s] Level 1:colcon.colcon_core.environment:checking '/home/akinsantos/minipulator_ws/install/dynamixel_workbench_msgs/lib/pkgconfig/dynamixel_workbench_msgs.pc'
[1.645s] Level 1:colcon.colcon_core.environment:checking '/home/akinsantos/minipulator_ws/install/dynamixel_workbench_msgs/lib/python3.10/site-packages'
[1.645s] Level 1:colcon.colcon_core.environment:checking '/home/akinsantos/minipulator_ws/install/dynamixel_workbench_msgs/bin'
[1.645s] INFO:colcon.colcon_core.shell:Creating package script '/home/akinsantos/minipulator_ws/install/dynamixel_workbench_msgs/share/dynamixel_workbench_msgs/package.ps1'
[1.646s] INFO:colcon.colcon_core.shell:Creating package descriptor '/home/akinsantos/minipulator_ws/install/dynamixel_workbench_msgs/share/dynamixel_workbench_msgs/package.dsv'
[1.646s] INFO:colcon.colcon_core.shell:Creating package script '/home/akinsantos/minipulator_ws/install/dynamixel_workbench_msgs/share/dynamixel_workbench_msgs/package.sh'
[1.646s] INFO:colcon.colcon_core.shell:Creating package script '/home/akinsantos/minipulator_ws/install/dynamixel_workbench_msgs/share/dynamixel_workbench_msgs/package.bash'
[1.647s] INFO:colcon.colcon_core.shell:Creating package script '/home/akinsantos/minipulator_ws/install/dynamixel_workbench_msgs/share/dynamixel_workbench_msgs/package.zsh'
[1.647s] Level 1:colcon.colcon_core.environment:create_file_with_runtime_dependencies(/home/akinsantos/minipulator_ws/install/dynamixel_workbench_msgs/share/colcon-core/packages/dynamixel_workbench_msgs)
[1.647s] DEBUG:colcon.colcon_parallel_executor.executor.parallel:closing loop
[1.647s] DEBUG:colcon.colcon_parallel_executor.executor.parallel:loop closed
[1.647s] DEBUG:colcon.colcon_parallel_executor.executor.parallel:run_until_complete finished with '0'
[1.647s] DEBUG:colcon.colcon_core.event_reactor:joining thread
[1.652s] INFO:colcon.colcon_core.plugin_system:Skipping extension 'colcon_notification.desktop_notification.terminal_notifier': Not used on non-Darwin systems
[1.652s] INFO:colcon.colcon_core.plugin_system:Skipping extension 'colcon_notification.desktop_notification.win32': Not used on non-Windows systems
[1.652s] INFO:colcon.colcon_notification.desktop_notification:Sending desktop notification using 'notify2'
[1.666s] DEBUG:colcon.colcon_core.event_reactor:joined thread
[1.666s] INFO:colcon.colcon_core.shell:Creating prefix script '/home/akinsantos/minipulator_ws/install/local_setup.ps1'
[1.667s] INFO:colcon.colcon_core.shell:Creating prefix util module '/home/akinsantos/minipulator_ws/install/_local_setup_util_ps1.py'
[1.669s] INFO:colcon.colcon_core.shell:Creating prefix chain script '/home/akinsantos/minipulator_ws/install/setup.ps1'
[1.673s] INFO:colcon.colcon_core.shell:Creating prefix script '/home/akinsantos/minipulator_ws/install/local_setup.sh'
[1.674s] INFO:colcon.colcon_core.shell:Creating prefix util module '/home/akinsantos/minipulator_ws/install/_local_setup_util_sh.py'
[1.674s] INFO:colcon.colcon_core.shell:Creating prefix chain script '/home/akinsantos/minipulator_ws/install/setup.sh'
[1.677s] INFO:colcon.colcon_core.shell:Creating prefix script '/home/akinsantos/minipulator_ws/install/local_setup.bash'
[1.678s] INFO:colcon.colcon_core.shell:Creating prefix chain script '/home/akinsantos/minipulator_ws/install/setup.bash'
[1.681s] INFO:colcon.colcon_core.shell:Creating prefix script '/home/akinsantos/minipulator_ws/install/local_setup.zsh'
[1.683s] INFO:colcon.colcon_core.shell:Creating prefix chain script '/home/akinsantos/minipulator_ws/install/setup.zsh'
