[0.253s] DEBUG:colcon:Command line arguments: ['/usr/bin/colcon', 'build']
[0.253s] DEBUG:colcon:Parsed command line arguments: Namespace(log_base=None, log_level=None, verb_name='build', build_base='build', install_base='install', merge_install=False, symlink_install=False, test_result_base=None, continue_on_error=False, executor='parallel', parallel_workers=8, event_handlers=None, ignore_user_meta=False, metas=['./colcon.meta'], base_paths=['.'], packages_ignore=None, packages_ignore_regex=None, paths=None, packages_up_to=None, packages_up_to_regex=None, packages_above=None, packages_above_and_dependencies=None, packages_above_depth=None, packages_select_by_dep=None, packages_skip_by_dep=None, packages_skip_up_to=None, packages_select_build_failed=False, packages_skip_build_finished=False, packages_select_test_failures=False, packages_skip_test_passed=False, packages_select=None, packages_skip=None, packages_select_regex=None, packages_skip_regex=None, packages_start=None, packages_end=None, allow_overriding=[], cmake_args=None, cmake_target=None, cmake_target_skip_unavailable=False, cmake_clean_cache=False, cmake_clean_first=False, cmake_force_configure=False, ament_cmake_args=None, catkin_cmake_args=None, catkin_skip_building_tests=False, mixin_files=None, mixin=None, verb_parser=<colcon_mixin.mixin.mixin_argument.MixinArgumentDecorator object at 0x7ff49d967640>, verb_extension=<colcon_core.verb.build.BuildVerb object at 0x7ff49d967040>, main=<bound method BuildVerb.main of <colcon_core.verb.build.BuildVerb object at 0x7ff49d967040>>, mixin_verb=('build',))
[0.417s] Level 1:colcon.colcon_core.package_discovery:discover_packages(colcon_meta) check parameters
[0.417s] Level 1:colcon.colcon_core.package_discovery:discover_packages(recursive) check parameters
[0.417s] Level 1:colcon.colcon_core.package_discovery:discover_packages(ignore) check parameters
[0.417s] Level 1:colcon.colcon_core.package_discovery:discover_packages(path) check parameters
[0.417s] Level 1:colcon.colcon_core.package_discovery:discover_packages(colcon_meta) discover
[0.418s] Level 1:colcon.colcon_core.package_discovery:discover_packages(recursive) discover
[0.418s] INFO:colcon.colcon_core.package_discovery:Crawling recursively for packages in '/home/akinsantos/minipulator_ws'
[0.418s] Level 1:colcon.colcon_core.package_identification:_identify(.) by extensions ['ignore', 'ignore_ament_install']
[0.418s] Level 1:colcon.colcon_core.package_identification:_identify(.) by extension 'ignore'
[0.418s] Level 1:colcon.colcon_core.package_identification:_identify(.) by extension 'ignore_ament_install'
[0.418s] Level 1:colcon.colcon_core.package_identification:_identify(.) by extensions ['colcon_pkg']
[0.418s] Level 1:colcon.colcon_core.package_identification:_identify(.) by extension 'colcon_pkg'
[0.418s] Level 1:colcon.colcon_core.package_identification:_identify(.) by extensions ['colcon_meta']
[0.418s] Level 1:colcon.colcon_core.package_identification:_identify(.) by extension 'colcon_meta'
[0.418s] Level 1:colcon.colcon_core.package_identification:_identify(.) by extensions ['ros']
[0.418s] Level 1:colcon.colcon_core.package_identification:_identify(.) by extension 'ros'
[0.430s] Level 1:colcon.colcon_core.package_identification:_identify(.) by extensions ['cmake', 'python']
[0.430s] Level 1:colcon.colcon_core.package_identification:_identify(.) by extension 'cmake'
[0.430s] Level 1:colcon.colcon_core.package_identification:_identify(.) by extension 'python'
[0.430s] Level 1:colcon.colcon_core.package_identification:_identify(.) by extensions ['python_setup_py']
[0.430s] Level 1:colcon.colcon_core.package_identification:_identify(.) by extension 'python_setup_py'
[0.431s] Level 1:colcon.colcon_core.package_identification:_identify(build) by extensions ['ignore', 'ignore_ament_install']
[0.431s] Level 1:colcon.colcon_core.package_identification:_identify(build) by extension 'ignore'
[0.431s] Level 1:colcon.colcon_core.package_identification:_identify(build) ignored
[0.431s] Level 1:colcon.colcon_core.package_identification:_identify(install) by extensions ['ignore', 'ignore_ament_install']
[0.431s] Level 1:colcon.colcon_core.package_identification:_identify(install) by extension 'ignore'
[0.431s] Level 1:colcon.colcon_core.package_identification:_identify(install) ignored
[0.431s] Level 1:colcon.colcon_core.package_identification:_identify(log) by extensions ['ignore', 'ignore_ament_install']
[0.431s] Level 1:colcon.colcon_core.package_identification:_identify(log) by extension 'ignore'
[0.431s] Level 1:colcon.colcon_core.package_identification:_identify(log) ignored
[0.431s] Level 1:colcon.colcon_core.package_identification:_identify(src) by extensions ['ignore', 'ignore_ament_install']
[0.431s] Level 1:colcon.colcon_core.package_identification:_identify(src) by extension 'ignore'
[0.431s] Level 1:colcon.colcon_core.package_identification:_identify(src) by extension 'ignore_ament_install'
[0.431s] Level 1:colcon.colcon_core.package_identification:_identify(src) by extensions ['colcon_pkg']
[0.431s] Level 1:colcon.colcon_core.package_identification:_identify(src) by extension 'colcon_pkg'
[0.431s] Level 1:colcon.colcon_core.package_identification:_identify(src) by extensions ['colcon_meta']
[0.431s] Level 1:colcon.colcon_core.package_identification:_identify(src) by extension 'colcon_meta'
[0.431s] Level 1:colcon.colcon_core.package_identification:_identify(src) by extensions ['ros']
[0.431s] Level 1:colcon.colcon_core.package_identification:_identify(src) by extension 'ros'
[0.432s] Level 1:colcon.colcon_core.package_identification:_identify(src) by extensions ['cmake', 'python']
[0.432s] Level 1:colcon.colcon_core.package_identification:_identify(src) by extension 'cmake'
[0.432s] Level 1:colcon.colcon_core.package_identification:_identify(src) by extension 'python'
[0.432s] Level 1:colcon.colcon_core.package_identification:_identify(src) by extensions ['python_setup_py']
[0.432s] Level 1:colcon.colcon_core.package_identification:_identify(src) by extension 'python_setup_py'
[0.433s] Level 1:colcon.colcon_core.package_identification:_identify(src/dynamixel-workbench) by extensions ['ignore', 'ignore_ament_install']
[0.433s] Level 1:colcon.colcon_core.package_identification:_identify(src/dynamixel-workbench) by extension 'ignore'
[0.433s] Level 1:colcon.colcon_core.package_identification:_identify(src/dynamixel-workbench) by extension 'ignore_ament_install'
[0.433s] Level 1:colcon.colcon_core.package_identification:_identify(src/dynamixel-workbench) by extensions ['colcon_pkg']
[0.433s] Level 1:colcon.colcon_core.package_identification:_identify(src/dynamixel-workbench) by extension 'colcon_pkg'
[0.433s] Level 1:colcon.colcon_core.package_identification:_identify(src/dynamixel-workbench) by extensions ['colcon_meta']
[0.433s] Level 1:colcon.colcon_core.package_identification:_identify(src/dynamixel-workbench) by extension 'colcon_meta'
[0.433s] Level 1:colcon.colcon_core.package_identification:_identify(src/dynamixel-workbench) by extensions ['ros']
[0.433s] Level 1:colcon.colcon_core.package_identification:_identify(src/dynamixel-workbench) by extension 'ros'
[0.433s] Level 1:colcon.colcon_core.package_identification:_identify(src/dynamixel-workbench) by extensions ['cmake', 'python']
[0.433s] Level 1:colcon.colcon_core.package_identification:_identify(src/dynamixel-workbench) by extension 'cmake'
[0.433s] Level 1:colcon.colcon_core.package_identification:_identify(src/dynamixel-workbench) by extension 'python'
[0.433s] Level 1:colcon.colcon_core.package_identification:_identify(src/dynamixel-workbench) by extensions ['python_setup_py']
[0.433s] Level 1:colcon.colcon_core.package_identification:_identify(src/dynamixel-workbench) by extension 'python_setup_py'
[0.434s] Level 1:colcon.colcon_core.package_identification:_identify(src/dynamixel-workbench/dynamixel_workbench) by extensions ['ignore', 'ignore_ament_install']
[0.434s] Level 1:colcon.colcon_core.package_identification:_identify(src/dynamixel-workbench/dynamixel_workbench) by extension 'ignore'
[0.434s] Level 1:colcon.colcon_core.package_identification:_identify(src/dynamixel-workbench/dynamixel_workbench) by extension 'ignore_ament_install'
[0.434s] Level 1:colcon.colcon_core.package_identification:_identify(src/dynamixel-workbench/dynamixel_workbench) by extensions ['colcon_pkg']
[0.434s] Level 1:colcon.colcon_core.package_identification:_identify(src/dynamixel-workbench/dynamixel_workbench) by extension 'colcon_pkg'
[0.434s] Level 1:colcon.colcon_core.package_identification:_identify(src/dynamixel-workbench/dynamixel_workbench) by extensions ['colcon_meta']
[0.434s] Level 1:colcon.colcon_core.package_identification:_identify(src/dynamixel-workbench/dynamixel_workbench) by extension 'colcon_meta'
[0.434s] Level 1:colcon.colcon_core.package_identification:_identify(src/dynamixel-workbench/dynamixel_workbench) by extensions ['ros']
[0.434s] Level 1:colcon.colcon_core.package_identification:_identify(src/dynamixel-workbench/dynamixel_workbench) by extension 'ros'
[0.439s] DEBUG:colcon.colcon_core.package_identification:Package 'src/dynamixel-workbench/dynamixel_workbench' with type 'ros.ament_cmake' and name 'dynamixel_workbench'
[0.440s] Level 1:colcon.colcon_core.package_identification:_identify(src/dynamixel-workbench/dynamixel_workbench_toolbox) by extensions ['ignore', 'ignore_ament_install']
[0.440s] Level 1:colcon.colcon_core.package_identification:_identify(src/dynamixel-workbench/dynamixel_workbench_toolbox) by extension 'ignore'
[0.440s] Level 1:colcon.colcon_core.package_identification:_identify(src/dynamixel-workbench/dynamixel_workbench_toolbox) by extension 'ignore_ament_install'
[0.440s] Level 1:colcon.colcon_core.package_identification:_identify(src/dynamixel-workbench/dynamixel_workbench_toolbox) by extensions ['colcon_pkg']
[0.440s] Level 1:colcon.colcon_core.package_identification:_identify(src/dynamixel-workbench/dynamixel_workbench_toolbox) by extension 'colcon_pkg'
[0.440s] Level 1:colcon.colcon_core.package_identification:_identify(src/dynamixel-workbench/dynamixel_workbench_toolbox) by extensions ['colcon_meta']
[0.440s] Level 1:colcon.colcon_core.package_identification:_identify(src/dynamixel-workbench/dynamixel_workbench_toolbox) by extension 'colcon_meta'
[0.440s] Level 1:colcon.colcon_core.package_identification:_identify(src/dynamixel-workbench/dynamixel_workbench_toolbox) by extensions ['ros']
[0.440s] Level 1:colcon.colcon_core.package_identification:_identify(src/dynamixel-workbench/dynamixel_workbench_toolbox) by extension 'ros'
[0.441s] DEBUG:colcon.colcon_core.package_identification:Package 'src/dynamixel-workbench/dynamixel_workbench_toolbox' with type 'ros.ament_cmake' and name 'dynamixel_workbench_toolbox'
[0.447s] Level 1:colcon.colcon_core.package_identification:_identify(src/dynamixel-workbench-msgs) by extensions ['ignore', 'ignore_ament_install']
[0.448s] Level 1:colcon.colcon_core.package_identification:_identify(src/dynamixel-workbench-msgs) by extension 'ignore'
[0.448s] Level 1:colcon.colcon_core.package_identification:_identify(src/dynamixel-workbench-msgs) by extension 'ignore_ament_install'
[0.448s] Level 1:colcon.colcon_core.package_identification:_identify(src/dynamixel-workbench-msgs) by extensions ['colcon_pkg']
[0.448s] Level 1:colcon.colcon_core.package_identification:_identify(src/dynamixel-workbench-msgs) by extension 'colcon_pkg'
[0.448s] Level 1:colcon.colcon_core.package_identification:_identify(src/dynamixel-workbench-msgs) by extensions ['colcon_meta']
[0.448s] Level 1:colcon.colcon_core.package_identification:_identify(src/dynamixel-workbench-msgs) by extension 'colcon_meta'
[0.448s] Level 1:colcon.colcon_core.package_identification:_identify(src/dynamixel-workbench-msgs) by extensions ['ros']
[0.448s] Level 1:colcon.colcon_core.package_identification:_identify(src/dynamixel-workbench-msgs) by extension 'ros'
[0.448s] Level 1:colcon.colcon_core.package_identification:_identify(src/dynamixel-workbench-msgs) by extensions ['cmake', 'python']
[0.448s] Level 1:colcon.colcon_core.package_identification:_identify(src/dynamixel-workbench-msgs) by extension 'cmake'
[0.448s] Level 1:colcon.colcon_core.package_identification:_identify(src/dynamixel-workbench-msgs) by extension 'python'
[0.448s] Level 1:colcon.colcon_core.package_identification:_identify(src/dynamixel-workbench-msgs) by extensions ['python_setup_py']
[0.448s] Level 1:colcon.colcon_core.package_identification:_identify(src/dynamixel-workbench-msgs) by extension 'python_setup_py'
[0.449s] Level 1:colcon.colcon_core.package_identification:_identify(src/dynamixel-workbench-msgs/dynamixel_workbench_msgs) by extensions ['ignore', 'ignore_ament_install']
[0.450s] Level 1:colcon.colcon_core.package_identification:_identify(src/dynamixel-workbench-msgs/dynamixel_workbench_msgs) by extension 'ignore'
[0.450s] Level 1:colcon.colcon_core.package_identification:_identify(src/dynamixel-workbench-msgs/dynamixel_workbench_msgs) by extension 'ignore_ament_install'
[0.450s] Level 1:colcon.colcon_core.package_identification:_identify(src/dynamixel-workbench-msgs/dynamixel_workbench_msgs) by extensions ['colcon_pkg']
[0.450s] Level 1:colcon.colcon_core.package_identification:_identify(src/dynamixel-workbench-msgs/dynamixel_workbench_msgs) by extension 'colcon_pkg'
[0.450s] Level 1:colcon.colcon_core.package_identification:_identify(src/dynamixel-workbench-msgs/dynamixel_workbench_msgs) by extensions ['colcon_meta']
[0.450s] Level 1:colcon.colcon_core.package_identification:_identify(src/dynamixel-workbench-msgs/dynamixel_workbench_msgs) by extension 'colcon_meta'
[0.450s] Level 1:colcon.colcon_core.package_identification:_identify(src/dynamixel-workbench-msgs/dynamixel_workbench_msgs) by extensions ['ros']
[0.450s] Level 1:colcon.colcon_core.package_identification:_identify(src/dynamixel-workbench-msgs/dynamixel_workbench_msgs) by extension 'ros'
[0.452s] DEBUG:colcon.colcon_core.package_identification:Package 'src/dynamixel-workbench-msgs/dynamixel_workbench_msgs' with type 'ros.ament_cmake' and name 'dynamixel_workbench_msgs'
[0.452s] Level 1:colcon.colcon_core.package_identification:_identify(src/dynamixel_control) by extensions ['ignore', 'ignore_ament_install']
[0.452s] Level 1:colcon.colcon_core.package_identification:_identify(src/dynamixel_control) by extension 'ignore'
[0.452s] Level 1:colcon.colcon_core.package_identification:_identify(src/dynamixel_control) by extension 'ignore_ament_install'
[0.452s] Level 1:colcon.colcon_core.package_identification:_identify(src/dynamixel_control) by extensions ['colcon_pkg']
[0.452s] Level 1:colcon.colcon_core.package_identification:_identify(src/dynamixel_control) by extension 'colcon_pkg'
[0.452s] Level 1:colcon.colcon_core.package_identification:_identify(src/dynamixel_control) by extensions ['colcon_meta']
[0.452s] Level 1:colcon.colcon_core.package_identification:_identify(src/dynamixel_control) by extension 'colcon_meta'
[0.452s] Level 1:colcon.colcon_core.package_identification:_identify(src/dynamixel_control) by extensions ['ros']
[0.453s] Level 1:colcon.colcon_core.package_identification:_identify(src/dynamixel_control) by extension 'ros'
[0.453s] Level 1:colcon.colcon_core.package_identification:_identify(src/dynamixel_control) by extensions ['cmake', 'python']
[0.453s] Level 1:colcon.colcon_core.package_identification:_identify(src/dynamixel_control) by extension 'cmake'
[0.453s] Level 1:colcon.colcon_core.package_identification:_identify(src/dynamixel_control) by extension 'python'
[0.453s] Level 1:colcon.colcon_core.package_identification:_identify(src/dynamixel_control) by extensions ['python_setup_py']
[0.453s] Level 1:colcon.colcon_core.package_identification:_identify(src/dynamixel_control) by extension 'python_setup_py'
[0.453s] Level 1:colcon.colcon_core.package_identification:_identify(src/dynamixel_control/dynamixel_hardware) by extensions ['ignore', 'ignore_ament_install']
[0.453s] Level 1:colcon.colcon_core.package_identification:_identify(src/dynamixel_control/dynamixel_hardware) by extension 'ignore'
[0.454s] Level 1:colcon.colcon_core.package_identification:_identify(src/dynamixel_control/dynamixel_hardware) by extension 'ignore_ament_install'
[0.454s] Level 1:colcon.colcon_core.package_identification:_identify(src/dynamixel_control/dynamixel_hardware) by extensions ['colcon_pkg']
[0.454s] Level 1:colcon.colcon_core.package_identification:_identify(src/dynamixel_control/dynamixel_hardware) by extension 'colcon_pkg'
[0.454s] Level 1:colcon.colcon_core.package_identification:_identify(src/dynamixel_control/dynamixel_hardware) by extensions ['colcon_meta']
[0.454s] Level 1:colcon.colcon_core.package_identification:_identify(src/dynamixel_control/dynamixel_hardware) by extension 'colcon_meta'
[0.454s] Level 1:colcon.colcon_core.package_identification:_identify(src/dynamixel_control/dynamixel_hardware) by extensions ['ros']
[0.454s] Level 1:colcon.colcon_core.package_identification:_identify(src/dynamixel_control/dynamixel_hardware) by extension 'ros'
[0.455s] DEBUG:colcon.colcon_core.package_identification:Package 'src/dynamixel_control/dynamixel_hardware' with type 'ros.ament_cmake' and name 'dynamixel_hardware'
[0.455s] Level 1:colcon.colcon_core.package_identification:_identify(src/moveit2_final_test) by extensions ['ignore', 'ignore_ament_install']
[0.455s] Level 1:colcon.colcon_core.package_identification:_identify(src/moveit2_final_test) by extension 'ignore'
[0.455s] Level 1:colcon.colcon_core.package_identification:_identify(src/moveit2_final_test) by extension 'ignore_ament_install'
[0.455s] Level 1:colcon.colcon_core.package_identification:_identify(src/moveit2_final_test) by extensions ['colcon_pkg']
[0.455s] Level 1:colcon.colcon_core.package_identification:_identify(src/moveit2_final_test) by extension 'colcon_pkg'
[0.455s] Level 1:colcon.colcon_core.package_identification:_identify(src/moveit2_final_test) by extensions ['colcon_meta']
[0.455s] Level 1:colcon.colcon_core.package_identification:_identify(src/moveit2_final_test) by extension 'colcon_meta'
[0.455s] Level 1:colcon.colcon_core.package_identification:_identify(src/moveit2_final_test) by extensions ['ros']
[0.455s] Level 1:colcon.colcon_core.package_identification:_identify(src/moveit2_final_test) by extension 'ros'
[0.456s] Level 1:colcon.colcon_core.package_identification:_identify(src/moveit2_final_test) by extensions ['cmake', 'python']
[0.456s] Level 1:colcon.colcon_core.package_identification:_identify(src/moveit2_final_test) by extension 'cmake'
[0.456s] Level 1:colcon.colcon_core.package_identification:_identify(src/moveit2_final_test) by extension 'python'
[0.456s] Level 1:colcon.colcon_core.package_identification:_identify(src/moveit2_final_test) by extensions ['python_setup_py']
[0.456s] Level 1:colcon.colcon_core.package_identification:_identify(src/moveit2_final_test) by extension 'python_setup_py'
[0.456s] Level 1:colcon.colcon_core.package_identification:_identify(src/movevit2_test) by extensions ['ignore', 'ignore_ament_install']
[0.456s] Level 1:colcon.colcon_core.package_identification:_identify(src/movevit2_test) by extension 'ignore'
[0.456s] Level 1:colcon.colcon_core.package_identification:_identify(src/movevit2_test) by extension 'ignore_ament_install'
[0.456s] Level 1:colcon.colcon_core.package_identification:_identify(src/movevit2_test) by extensions ['colcon_pkg']
[0.456s] Level 1:colcon.colcon_core.package_identification:_identify(src/movevit2_test) by extension 'colcon_pkg'
[0.456s] Level 1:colcon.colcon_core.package_identification:_identify(src/movevit2_test) by extensions ['colcon_meta']
[0.456s] Level 1:colcon.colcon_core.package_identification:_identify(src/movevit2_test) by extension 'colcon_meta'
[0.456s] Level 1:colcon.colcon_core.package_identification:_identify(src/movevit2_test) by extensions ['ros']
[0.456s] Level 1:colcon.colcon_core.package_identification:_identify(src/movevit2_test) by extension 'ros'
[0.457s] DEBUG:colcon.colcon_core.package_identification:Package 'src/movevit2_test' with type 'ros.ament_cmake' and name 'movevit2_test'
[0.458s] Level 1:colcon.colcon_core.package_identification:_identify(src/open_manipulator_pro_gazebo) by extensions ['ignore', 'ignore_ament_install']
[0.458s] Level 1:colcon.colcon_core.package_identification:_identify(src/open_manipulator_pro_gazebo) by extension 'ignore'
[0.458s] Level 1:colcon.colcon_core.package_identification:_identify(src/open_manipulator_pro_gazebo) by extension 'ignore_ament_install'
[0.458s] Level 1:colcon.colcon_core.package_identification:_identify(src/open_manipulator_pro_gazebo) by extensions ['colcon_pkg']
[0.458s] Level 1:colcon.colcon_core.package_identification:_identify(src/open_manipulator_pro_gazebo) by extension 'colcon_pkg'
[0.458s] Level 1:colcon.colcon_core.package_identification:_identify(src/open_manipulator_pro_gazebo) by extensions ['colcon_meta']
[0.458s] Level 1:colcon.colcon_core.package_identification:_identify(src/open_manipulator_pro_gazebo) by extension 'colcon_meta'
[0.458s] Level 1:colcon.colcon_core.package_identification:_identify(src/open_manipulator_pro_gazebo) by extensions ['ros']
[0.458s] Level 1:colcon.colcon_core.package_identification:_identify(src/open_manipulator_pro_gazebo) by extension 'ros'
[0.459s] DEBUG:colcon.colcon_core.package_identification:Package 'src/open_manipulator_pro_gazebo' with type 'ros.ament_cmake' and name 'open_manipulator_pro_gazebo'
[0.459s] Level 1:colcon.colcon_core.package_identification:_identify(src/phantomx_reactor_arm_description) by extensions ['ignore', 'ignore_ament_install']
[0.460s] Level 1:colcon.colcon_core.package_identification:_identify(src/phantomx_reactor_arm_description) by extension 'ignore'
[0.460s] Level 1:colcon.colcon_core.package_identification:_identify(src/phantomx_reactor_arm_description) by extension 'ignore_ament_install'
[0.460s] Level 1:colcon.colcon_core.package_identification:_identify(src/phantomx_reactor_arm_description) by extensions ['colcon_pkg']
[0.460s] Level 1:colcon.colcon_core.package_identification:_identify(src/phantomx_reactor_arm_description) by extension 'colcon_pkg'
[0.460s] Level 1:colcon.colcon_core.package_identification:_identify(src/phantomx_reactor_arm_description) by extensions ['colcon_meta']
[0.460s] Level 1:colcon.colcon_core.package_identification:_identify(src/phantomx_reactor_arm_description) by extension 'colcon_meta'
[0.460s] Level 1:colcon.colcon_core.package_identification:_identify(src/phantomx_reactor_arm_description) by extensions ['ros']
[0.460s] Level 1:colcon.colcon_core.package_identification:_identify(src/phantomx_reactor_arm_description) by extension 'ros'
[0.468s] DEBUG:colcon.colcon_core.package_identification:Package 'src/phantomx_reactor_arm_description' with type 'ros.ament_cmake' and name 'phantomx_reactor_arm_description'
[0.468s] Level 1:colcon.colcon_core.package_identification:_identify(src/phantomx_reactor_arm_moveit2_config) by extensions ['ignore', 'ignore_ament_install']
[0.468s] Level 1:colcon.colcon_core.package_identification:_identify(src/phantomx_reactor_arm_moveit2_config) by extension 'ignore'
[0.468s] Level 1:colcon.colcon_core.package_identification:_identify(src/phantomx_reactor_arm_moveit2_config) by extension 'ignore_ament_install'
[0.468s] Level 1:colcon.colcon_core.package_identification:_identify(src/phantomx_reactor_arm_moveit2_config) by extensions ['colcon_pkg']
[0.468s] Level 1:colcon.colcon_core.package_identification:_identify(src/phantomx_reactor_arm_moveit2_config) by extension 'colcon_pkg'
[0.468s] Level 1:colcon.colcon_core.package_identification:_identify(src/phantomx_reactor_arm_moveit2_config) by extensions ['colcon_meta']
[0.468s] Level 1:colcon.colcon_core.package_identification:_identify(src/phantomx_reactor_arm_moveit2_config) by extension 'colcon_meta'
[0.468s] Level 1:colcon.colcon_core.package_identification:_identify(src/phantomx_reactor_arm_moveit2_config) by extensions ['ros']
[0.468s] Level 1:colcon.colcon_core.package_identification:_identify(src/phantomx_reactor_arm_moveit2_config) by extension 'ros'
[0.469s] DEBUG:colcon.colcon_core.package_identification:Package 'src/phantomx_reactor_arm_moveit2_config' with type 'ros.ament_cmake' and name 'phantomx_reactor_arm_moveit2_config'
[0.469s] Level 1:colcon.colcon_core.package_discovery:discover_packages(recursive) using defaults
[0.469s] Level 1:colcon.colcon_core.package_discovery:discover_packages(ignore) discover
[0.469s] Level 1:colcon.colcon_core.package_discovery:discover_packages(ignore) using defaults
[0.469s] Level 1:colcon.colcon_core.package_discovery:discover_packages(path) discover
[0.469s] Level 1:colcon.colcon_core.package_discovery:discover_packages(path) using defaults
[0.508s] Level 1:colcon.colcon_core.package_discovery:discover_packages(prefix_path) check parameters
[0.508s] Level 1:colcon.colcon_core.package_discovery:discover_packages(prefix_path) discover
[0.537s] DEBUG:colcon.colcon_installed_package_information.package_discovery:Found 55 installed packages in /home/akinsantos/ws_moveit/install
[0.539s] DEBUG:colcon.colcon_installed_package_information.package_discovery:Found 374 installed packages in /opt/ros/humble
[0.541s] Level 1:colcon.colcon_core.package_discovery:discover_packages(prefix_path) using defaults
[0.596s] Level 5:colcon.colcon_core.verb:set package 'dynamixel_workbench_msgs' build argument 'cmake_args' from command line to 'None'
[0.596s] Level 5:colcon.colcon_core.verb:set package 'dynamixel_workbench_msgs' build argument 'cmake_target' from command line to 'None'
[0.596s] Level 5:colcon.colcon_core.verb:set package 'dynamixel_workbench_msgs' build argument 'cmake_target_skip_unavailable' from command line to 'False'
[0.596s] Level 5:colcon.colcon_core.verb:set package 'dynamixel_workbench_msgs' build argument 'cmake_clean_cache' from command line to 'False'
[0.596s] Level 5:colcon.colcon_core.verb:set package 'dynamixel_workbench_msgs' build argument 'cmake_clean_first' from command line to 'False'
[0.596s] Level 5:colcon.colcon_core.verb:set package 'dynamixel_workbench_msgs' build argument 'cmake_force_configure' from command line to 'False'
[0.596s] Level 5:colcon.colcon_core.verb:set package 'dynamixel_workbench_msgs' build argument 'ament_cmake_args' from command line to 'None'
[0.596s] Level 5:colcon.colcon_core.verb:set package 'dynamixel_workbench_msgs' build argument 'catkin_cmake_args' from command line to 'None'
[0.596s] Level 5:colcon.colcon_core.verb:set package 'dynamixel_workbench_msgs' build argument 'catkin_skip_building_tests' from command line to 'False'
[0.596s] DEBUG:colcon.colcon_core.verb:Building package 'dynamixel_workbench_msgs' with the following arguments: {'ament_cmake_args': None, 'build_base': '/home/akinsantos/minipulator_ws/build/dynamixel_workbench_msgs', 'catkin_cmake_args': None, 'catkin_skip_building_tests': False, 'cmake_args': None, 'cmake_clean_cache': False, 'cmake_clean_first': False, 'cmake_force_configure': False, 'cmake_target': None, 'cmake_target_skip_unavailable': False, 'install_base': '/home/akinsantos/minipulator_ws/install/dynamixel_workbench_msgs', 'merge_install': False, 'path': '/home/akinsantos/minipulator_ws/src/dynamixel-workbench-msgs/dynamixel_workbench_msgs', 'symlink_install': False, 'test_result_base': None}
[0.597s] Level 5:colcon.colcon_core.verb:set package 'dynamixel_workbench_toolbox' build argument 'cmake_args' from command line to 'None'
[0.597s] Level 5:colcon.colcon_core.verb:set package 'dynamixel_workbench_toolbox' build argument 'cmake_target' from command line to 'None'
[0.597s] Level 5:colcon.colcon_core.verb:set package 'dynamixel_workbench_toolbox' build argument 'cmake_target_skip_unavailable' from command line to 'False'
[0.597s] Level 5:colcon.colcon_core.verb:set package 'dynamixel_workbench_toolbox' build argument 'cmake_clean_cache' from command line to 'False'
[0.597s] Level 5:colcon.colcon_core.verb:set package 'dynamixel_workbench_toolbox' build argument 'cmake_clean_first' from command line to 'False'
[0.597s] Level 5:colcon.colcon_core.verb:set package 'dynamixel_workbench_toolbox' build argument 'cmake_force_configure' from command line to 'False'
[0.597s] Level 5:colcon.colcon_core.verb:set package 'dynamixel_workbench_toolbox' build argument 'ament_cmake_args' from command line to 'None'
[0.597s] Level 5:colcon.colcon_core.verb:set package 'dynamixel_workbench_toolbox' build argument 'catkin_cmake_args' from command line to 'None'
[0.597s] Level 5:colcon.colcon_core.verb:set package 'dynamixel_workbench_toolbox' build argument 'catkin_skip_building_tests' from command line to 'False'
[0.597s] DEBUG:colcon.colcon_core.verb:Building package 'dynamixel_workbench_toolbox' with the following arguments: {'ament_cmake_args': None, 'build_base': '/home/akinsantos/minipulator_ws/build/dynamixel_workbench_toolbox', 'catkin_cmake_args': None, 'catkin_skip_building_tests': False, 'cmake_args': None, 'cmake_clean_cache': False, 'cmake_clean_first': False, 'cmake_force_configure': False, 'cmake_target': None, 'cmake_target_skip_unavailable': False, 'install_base': '/home/akinsantos/minipulator_ws/install/dynamixel_workbench_toolbox', 'merge_install': False, 'path': '/home/akinsantos/minipulator_ws/src/dynamixel-workbench/dynamixel_workbench_toolbox', 'symlink_install': False, 'test_result_base': None}
[0.597s] Level 5:colcon.colcon_core.verb:set package 'open_manipulator_pro_gazebo' build argument 'cmake_args' from command line to 'None'
[0.597s] Level 5:colcon.colcon_core.verb:set package 'open_manipulator_pro_gazebo' build argument 'cmake_target' from command line to 'None'
[0.597s] Level 5:colcon.colcon_core.verb:set package 'open_manipulator_pro_gazebo' build argument 'cmake_target_skip_unavailable' from command line to 'False'
[0.597s] Level 5:colcon.colcon_core.verb:set package 'open_manipulator_pro_gazebo' build argument 'cmake_clean_cache' from command line to 'False'
[0.597s] Level 5:colcon.colcon_core.verb:set package 'open_manipulator_pro_gazebo' build argument 'cmake_clean_first' from command line to 'False'
[0.597s] Level 5:colcon.colcon_core.verb:set package 'open_manipulator_pro_gazebo' build argument 'cmake_force_configure' from command line to 'False'
[0.597s] Level 5:colcon.colcon_core.verb:set package 'open_manipulator_pro_gazebo' build argument 'ament_cmake_args' from command line to 'None'
[0.597s] Level 5:colcon.colcon_core.verb:set package 'open_manipulator_pro_gazebo' build argument 'catkin_cmake_args' from command line to 'None'
[0.597s] Level 5:colcon.colcon_core.verb:set package 'open_manipulator_pro_gazebo' build argument 'catkin_skip_building_tests' from command line to 'False'
[0.597s] DEBUG:colcon.colcon_core.verb:Building package 'open_manipulator_pro_gazebo' with the following arguments: {'ament_cmake_args': None, 'build_base': '/home/akinsantos/minipulator_ws/build/open_manipulator_pro_gazebo', 'catkin_cmake_args': None, 'catkin_skip_building_tests': False, 'cmake_args': None, 'cmake_clean_cache': False, 'cmake_clean_first': False, 'cmake_force_configure': False, 'cmake_target': None, 'cmake_target_skip_unavailable': False, 'install_base': '/home/akinsantos/minipulator_ws/install/open_manipulator_pro_gazebo', 'merge_install': False, 'path': '/home/akinsantos/minipulator_ws/src/open_manipulator_pro_gazebo', 'symlink_install': False, 'test_result_base': None}
[0.598s] Level 5:colcon.colcon_core.verb:set package 'phantomx_reactor_arm_description' build argument 'cmake_args' from command line to 'None'
[0.598s] Level 5:colcon.colcon_core.verb:set package 'phantomx_reactor_arm_description' build argument 'cmake_target' from command line to 'None'
[0.598s] Level 5:colcon.colcon_core.verb:set package 'phantomx_reactor_arm_description' build argument 'cmake_target_skip_unavailable' from command line to 'False'
[0.598s] Level 5:colcon.colcon_core.verb:set package 'phantomx_reactor_arm_description' build argument 'cmake_clean_cache' from command line to 'False'
[0.598s] Level 5:colcon.colcon_core.verb:set package 'phantomx_reactor_arm_description' build argument 'cmake_clean_first' from command line to 'False'
[0.598s] Level 5:colcon.colcon_core.verb:set package 'phantomx_reactor_arm_description' build argument 'cmake_force_configure' from command line to 'False'
[0.598s] Level 5:colcon.colcon_core.verb:set package 'phantomx_reactor_arm_description' build argument 'ament_cmake_args' from command line to 'None'
[0.598s] Level 5:colcon.colcon_core.verb:set package 'phantomx_reactor_arm_description' build argument 'catkin_cmake_args' from command line to 'None'
[0.598s] Level 5:colcon.colcon_core.verb:set package 'phantomx_reactor_arm_description' build argument 'catkin_skip_building_tests' from command line to 'False'
[0.598s] DEBUG:colcon.colcon_core.verb:Building package 'phantomx_reactor_arm_description' with the following arguments: {'ament_cmake_args': None, 'build_base': '/home/akinsantos/minipulator_ws/build/phantomx_reactor_arm_description', 'catkin_cmake_args': None, 'catkin_skip_building_tests': False, 'cmake_args': None, 'cmake_clean_cache': False, 'cmake_clean_first': False, 'cmake_force_configure': False, 'cmake_target': None, 'cmake_target_skip_unavailable': False, 'install_base': '/home/akinsantos/minipulator_ws/install/phantomx_reactor_arm_description', 'merge_install': False, 'path': '/home/akinsantos/minipulator_ws/src/phantomx_reactor_arm_description', 'symlink_install': False, 'test_result_base': None}
[0.598s] Level 5:colcon.colcon_core.verb:set package 'dynamixel_hardware' build argument 'cmake_args' from command line to 'None'
[0.598s] Level 5:colcon.colcon_core.verb:set package 'dynamixel_hardware' build argument 'cmake_target' from command line to 'None'
[0.598s] Level 5:colcon.colcon_core.verb:set package 'dynamixel_hardware' build argument 'cmake_target_skip_unavailable' from command line to 'False'
[0.598s] Level 5:colcon.colcon_core.verb:set package 'dynamixel_hardware' build argument 'cmake_clean_cache' from command line to 'False'
[0.598s] Level 5:colcon.colcon_core.verb:set package 'dynamixel_hardware' build argument 'cmake_clean_first' from command line to 'False'
[0.598s] Level 5:colcon.colcon_core.verb:set package 'dynamixel_hardware' build argument 'cmake_force_configure' from command line to 'False'
[0.598s] Level 5:colcon.colcon_core.verb:set package 'dynamixel_hardware' build argument 'ament_cmake_args' from command line to 'None'
[0.598s] Level 5:colcon.colcon_core.verb:set package 'dynamixel_hardware' build argument 'catkin_cmake_args' from command line to 'None'
[0.598s] Level 5:colcon.colcon_core.verb:set package 'dynamixel_hardware' build argument 'catkin_skip_building_tests' from command line to 'False'
[0.598s] DEBUG:colcon.colcon_core.verb:Building package 'dynamixel_hardware' with the following arguments: {'ament_cmake_args': None, 'build_base': '/home/akinsantos/minipulator_ws/build/dynamixel_hardware', 'catkin_cmake_args': None, 'catkin_skip_building_tests': False, 'cmake_args': None, 'cmake_clean_cache': False, 'cmake_clean_first': False, 'cmake_force_configure': False, 'cmake_target': None, 'cmake_target_skip_unavailable': False, 'install_base': '/home/akinsantos/minipulator_ws/install/dynamixel_hardware', 'merge_install': False, 'path': '/home/akinsantos/minipulator_ws/src/dynamixel_control/dynamixel_hardware', 'symlink_install': False, 'test_result_base': None}
[0.599s] Level 5:colcon.colcon_core.verb:set package 'dynamixel_workbench' build argument 'cmake_args' from command line to 'None'
[0.599s] Level 5:colcon.colcon_core.verb:set package 'dynamixel_workbench' build argument 'cmake_target' from command line to 'None'
[0.599s] Level 5:colcon.colcon_core.verb:set package 'dynamixel_workbench' build argument 'cmake_target_skip_unavailable' from command line to 'False'
[0.599s] Level 5:colcon.colcon_core.verb:set package 'dynamixel_workbench' build argument 'cmake_clean_cache' from command line to 'False'
[0.599s] Level 5:colcon.colcon_core.verb:set package 'dynamixel_workbench' build argument 'cmake_clean_first' from command line to 'False'
[0.599s] Level 5:colcon.colcon_core.verb:set package 'dynamixel_workbench' build argument 'cmake_force_configure' from command line to 'False'
[0.599s] Level 5:colcon.colcon_core.verb:set package 'dynamixel_workbench' build argument 'ament_cmake_args' from command line to 'None'
[0.599s] Level 5:colcon.colcon_core.verb:set package 'dynamixel_workbench' build argument 'catkin_cmake_args' from command line to 'None'
[0.599s] Level 5:colcon.colcon_core.verb:set package 'dynamixel_workbench' build argument 'catkin_skip_building_tests' from command line to 'False'
[0.599s] DEBUG:colcon.colcon_core.verb:Building package 'dynamixel_workbench' with the following arguments: {'ament_cmake_args': None, 'build_base': '/home/akinsantos/minipulator_ws/build/dynamixel_workbench', 'catkin_cmake_args': None, 'catkin_skip_building_tests': False, 'cmake_args': None, 'cmake_clean_cache': False, 'cmake_clean_first': False, 'cmake_force_configure': False, 'cmake_target': None, 'cmake_target_skip_unavailable': False, 'install_base': '/home/akinsantos/minipulator_ws/install/dynamixel_workbench', 'merge_install': False, 'path': '/home/akinsantos/minipulator_ws/src/dynamixel-workbench/dynamixel_workbench', 'symlink_install': False, 'test_result_base': None}
[0.599s] Level 5:colcon.colcon_core.verb:set package 'movevit2_test' build argument 'cmake_args' from command line to 'None'
[0.599s] Level 5:colcon.colcon_core.verb:set package 'movevit2_test' build argument 'cmake_target' from command line to 'None'
[0.599s] Level 5:colcon.colcon_core.verb:set package 'movevit2_test' build argument 'cmake_target_skip_unavailable' from command line to 'False'
[0.599s] Level 5:colcon.colcon_core.verb:set package 'movevit2_test' build argument 'cmake_clean_cache' from command line to 'False'
[0.599s] Level 5:colcon.colcon_core.verb:set package 'movevit2_test' build argument 'cmake_clean_first' from command line to 'False'
[0.599s] Level 5:colcon.colcon_core.verb:set package 'movevit2_test' build argument 'cmake_force_configure' from command line to 'False'
[0.599s] Level 5:colcon.colcon_core.verb:set package 'movevit2_test' build argument 'ament_cmake_args' from command line to 'None'
[0.599s] Level 5:colcon.colcon_core.verb:set package 'movevit2_test' build argument 'catkin_cmake_args' from command line to 'None'
[0.599s] Level 5:colcon.colcon_core.verb:set package 'movevit2_test' build argument 'catkin_skip_building_tests' from command line to 'False'
[0.599s] DEBUG:colcon.colcon_core.verb:Building package 'movevit2_test' with the following arguments: {'ament_cmake_args': None, 'build_base': '/home/akinsantos/minipulator_ws/build/movevit2_test', 'catkin_cmake_args': None, 'catkin_skip_building_tests': False, 'cmake_args': None, 'cmake_clean_cache': False, 'cmake_clean_first': False, 'cmake_force_configure': False, 'cmake_target': None, 'cmake_target_skip_unavailable': False, 'install_base': '/home/akinsantos/minipulator_ws/install/movevit2_test', 'merge_install': False, 'path': '/home/akinsantos/minipulator_ws/src/movevit2_test', 'symlink_install': False, 'test_result_base': None}
[0.599s] Level 5:colcon.colcon_core.verb:set package 'phantomx_reactor_arm_moveit2_config' build argument 'cmake_args' from command line to 'None'
[0.599s] Level 5:colcon.colcon_core.verb:set package 'phantomx_reactor_arm_moveit2_config' build argument 'cmake_target' from command line to 'None'
[0.600s] Level 5:colcon.colcon_core.verb:set package 'phantomx_reactor_arm_moveit2_config' build argument 'cmake_target_skip_unavailable' from command line to 'False'
[0.600s] Level 5:colcon.colcon_core.verb:set package 'phantomx_reactor_arm_moveit2_config' build argument 'cmake_clean_cache' from command line to 'False'
[0.600s] Level 5:colcon.colcon_core.verb:set package 'phantomx_reactor_arm_moveit2_config' build argument 'cmake_clean_first' from command line to 'False'
[0.600s] Level 5:colcon.colcon_core.verb:set package 'phantomx_reactor_arm_moveit2_config' build argument 'cmake_force_configure' from command line to 'False'
[0.600s] Level 5:colcon.colcon_core.verb:set package 'phantomx_reactor_arm_moveit2_config' build argument 'ament_cmake_args' from command line to 'None'
[0.600s] Level 5:colcon.colcon_core.verb:set package 'phantomx_reactor_arm_moveit2_config' build argument 'catkin_cmake_args' from command line to 'None'
[0.600s] Level 5:colcon.colcon_core.verb:set package 'phantomx_reactor_arm_moveit2_config' build argument 'catkin_skip_building_tests' from command line to 'False'
[0.600s] DEBUG:colcon.colcon_core.verb:Building package 'phantomx_reactor_arm_moveit2_config' with the following arguments: {'ament_cmake_args': None, 'build_base': '/home/akinsantos/minipulator_ws/build/phantomx_reactor_arm_moveit2_config', 'catkin_cmake_args': None, 'catkin_skip_building_tests': False, 'cmake_args': None, 'cmake_clean_cache': False, 'cmake_clean_first': False, 'cmake_force_configure': False, 'cmake_target': None, 'cmake_target_skip_unavailable': False, 'install_base': '/home/akinsantos/minipulator_ws/install/phantomx_reactor_arm_moveit2_config', 'merge_install': False, 'path': '/home/akinsantos/minipulator_ws/src/phantomx_reactor_arm_moveit2_config', 'symlink_install': False, 'test_result_base': None}
[0.600s] INFO:colcon.colcon_core.executor:Executing jobs using 'parallel' executor
[0.601s] DEBUG:colcon.colcon_parallel_executor.executor.parallel:run_until_complete
[0.601s] INFO:colcon.colcon_ros.task.ament_cmake.build:Building ROS package in '/home/akinsantos/minipulator_ws/src/dynamixel-workbench/dynamixel_workbench_toolbox' with build type 'ament_cmake'
[0.601s] INFO:colcon.colcon_cmake.task.cmake.build:Building CMake package in '/home/akinsantos/minipulator_ws/src/dynamixel-workbench/dynamixel_workbench_toolbox'
[0.605s] INFO:colcon.colcon_core.plugin_system:Skipping extension 'colcon_core.shell.bat': Not used on non-Windows systems
[0.605s] INFO:colcon.colcon_core.shell:Skip shell extension 'powershell' for command environment: Not usable outside of PowerShell
[0.605s] DEBUG:colcon.colcon_core.shell:Skip shell extension 'dsv' for command environment
[0.610s] INFO:colcon.colcon_ros.task.ament_cmake.build:Building ROS package in '/home/akinsantos/minipulator_ws/src/phantomx_reactor_arm_description' with build type 'ament_cmake'
[0.610s] INFO:colcon.colcon_cmake.task.cmake.build:Building CMake package in '/home/akinsantos/minipulator_ws/src/phantomx_reactor_arm_description'
[0.610s] INFO:colcon.colcon_core.shell:Skip shell extension 'powershell' for command environment: Not usable outside of PowerShell
[0.610s] DEBUG:colcon.colcon_core.shell:Skip shell extension 'dsv' for command environment
[0.615s] INFO:colcon.colcon_ros.task.ament_cmake.build:Building ROS package in '/home/akinsantos/minipulator_ws/src/dynamixel-workbench-msgs/dynamixel_workbench_msgs' with build type 'ament_cmake'
[0.615s] INFO:colcon.colcon_cmake.task.cmake.build:Building CMake package in '/home/akinsantos/minipulator_ws/src/dynamixel-workbench-msgs/dynamixel_workbench_msgs'
[0.615s] INFO:colcon.colcon_core.shell:Skip shell extension 'powershell' for command environment: Not usable outside of PowerShell
[0.615s] DEBUG:colcon.colcon_core.shell:Skip shell extension 'dsv' for command environment
[0.620s] INFO:colcon.colcon_ros.task.ament_cmake.build:Building ROS package in '/home/akinsantos/minipulator_ws/src/open_manipulator_pro_gazebo' with build type 'ament_cmake'
[0.620s] INFO:colcon.colcon_cmake.task.cmake.build:Building CMake package in '/home/akinsantos/minipulator_ws/src/open_manipulator_pro_gazebo'
[0.620s] INFO:colcon.colcon_core.shell:Skip shell extension 'powershell' for command environment: Not usable outside of PowerShell
[0.621s] DEBUG:colcon.colcon_core.shell:Skip shell extension 'dsv' for command environment
[0.629s] DEBUG:colcon.colcon_core.event_handler.log_command:Invoking command in '/home/akinsantos/minipulator_ws/build/dynamixel_workbench_toolbox': CMAKE_PREFIX_PATH=${CMAKE_PREFIX_PATH}:/home/akinsantos/ws_moveit/install/moveit_configs_utils:/home/akinsantos/ws_moveit/install/launch_param_builder:/opt/ros/humble /usr/bin/cmake --build /home/akinsantos/minipulator_ws/build/dynamixel_workbench_toolbox -- -j8 -l8
[0.632s] DEBUG:colcon.colcon_core.event_handler.log_command:Invoking command in '/home/akinsantos/minipulator_ws/build/phantomx_reactor_arm_description': CMAKE_PREFIX_PATH=${CMAKE_PREFIX_PATH}:/home/akinsantos/ws_moveit/install/moveit_configs_utils:/home/akinsantos/ws_moveit/install/launch_param_builder:/opt/ros/humble /usr/bin/cmake --build /home/akinsantos/minipulator_ws/build/phantomx_reactor_arm_description -- -j8 -l8
[0.636s] DEBUG:colcon.colcon_core.event_handler.log_command:Invoking command in '/home/akinsantos/minipulator_ws/build/dynamixel_workbench_msgs': CMAKE_PREFIX_PATH=${CMAKE_PREFIX_PATH}:/home/akinsantos/ws_moveit/install/moveit_configs_utils:/home/akinsantos/ws_moveit/install/launch_param_builder:/opt/ros/humble /usr/bin/cmake --build /home/akinsantos/minipulator_ws/build/dynamixel_workbench_msgs -- -j8 -l8
[0.639s] DEBUG:colcon.colcon_core.event_handler.log_command:Invoking command in '/home/akinsantos/minipulator_ws/build/open_manipulator_pro_gazebo': CMAKE_PREFIX_PATH=${CMAKE_PREFIX_PATH}:/home/akinsantos/ws_moveit/install/moveit_configs_utils:/home/akinsantos/ws_moveit/install/launch_param_builder:/opt/ros/humble /usr/bin/cmake --build /home/akinsantos/minipulator_ws/build/open_manipulator_pro_gazebo -- -j8 -l8
[0.679s] DEBUG:colcon.colcon_core.event_handler.log_command:Invoked command in '/home/akinsantos/minipulator_ws/build/open_manipulator_pro_gazebo' returned '0': CMAKE_PREFIX_PATH=${CMAKE_PREFIX_PATH}:/home/akinsantos/ws_moveit/install/moveit_configs_utils:/home/akinsantos/ws_moveit/install/launch_param_builder:/opt/ros/humble /usr/bin/cmake --build /home/akinsantos/minipulator_ws/build/open_manipulator_pro_gazebo -- -j8 -l8
[0.689s] DEBUG:colcon.colcon_core.event_handler.log_command:Invoking command in '/home/akinsantos/minipulator_ws/build/open_manipulator_pro_gazebo': CMAKE_PREFIX_PATH=${CMAKE_PREFIX_PATH}:/home/akinsantos/ws_moveit/install/moveit_configs_utils:/home/akinsantos/ws_moveit/install/launch_param_builder:/opt/ros/humble /usr/bin/cmake --install /home/akinsantos/minipulator_ws/build/open_manipulator_pro_gazebo
[0.702s] Level 1:colcon.colcon_core.environment:create_environment_scripts_only(open_manipulator_pro_gazebo)
[0.703s] DEBUG:colcon.colcon_core.event_handler.log_command:Invoked command in '/home/akinsantos/minipulator_ws/build/open_manipulator_pro_gazebo' returned '0': CMAKE_PREFIX_PATH=${CMAKE_PREFIX_PATH}:/home/akinsantos/ws_moveit/install/moveit_configs_utils:/home/akinsantos/ws_moveit/install/launch_param_builder:/opt/ros/humble /usr/bin/cmake --install /home/akinsantos/minipulator_ws/build/open_manipulator_pro_gazebo
[0.716s] Level 1:colcon.colcon_core.environment:checking '/home/akinsantos/minipulator_ws/install/open_manipulator_pro_gazebo' for CMake module files
[0.717s] Level 1:colcon.colcon_core.environment:checking '/home/akinsantos/minipulator_ws/install/open_manipulator_pro_gazebo' for CMake config files
[0.717s] Level 1:colcon.colcon_core.shell:create_environment_hook('open_manipulator_pro_gazebo', 'cmake_prefix_path')
[0.717s] INFO:colcon.colcon_core.shell:Creating environment hook '/home/akinsantos/minipulator_ws/install/open_manipulator_pro_gazebo/share/open_manipulator_pro_gazebo/hook/cmake_prefix_path.ps1'
[0.718s] INFO:colcon.colcon_core.shell:Creating environment descriptor '/home/akinsantos/minipulator_ws/install/open_manipulator_pro_gazebo/share/open_manipulator_pro_gazebo/hook/cmake_prefix_path.dsv'
[0.718s] INFO:colcon.colcon_core.shell:Creating environment hook '/home/akinsantos/minipulator_ws/install/open_manipulator_pro_gazebo/share/open_manipulator_pro_gazebo/hook/cmake_prefix_path.sh'
[0.719s] Level 1:colcon.colcon_core.environment:checking '/home/akinsantos/minipulator_ws/install/open_manipulator_pro_gazebo/bin'
[0.719s] Level 1:colcon.colcon_core.environment:checking '/home/akinsantos/minipulator_ws/install/open_manipulator_pro_gazebo/lib/pkgconfig/open_manipulator_pro_gazebo.pc'
[0.719s] Level 1:colcon.colcon_core.environment:checking '/home/akinsantos/minipulator_ws/install/open_manipulator_pro_gazebo/lib/python3.10/site-packages'
[0.720s] Level 1:colcon.colcon_core.environment:checking '/home/akinsantos/minipulator_ws/install/open_manipulator_pro_gazebo/bin'
[0.720s] INFO:colcon.colcon_core.shell:Creating package script '/home/akinsantos/minipulator_ws/install/open_manipulator_pro_gazebo/share/open_manipulator_pro_gazebo/package.ps1'
[0.720s] INFO:colcon.colcon_core.shell:Creating package descriptor '/home/akinsantos/minipulator_ws/install/open_manipulator_pro_gazebo/share/open_manipulator_pro_gazebo/package.dsv'
[0.721s] INFO:colcon.colcon_core.shell:Creating package script '/home/akinsantos/minipulator_ws/install/open_manipulator_pro_gazebo/share/open_manipulator_pro_gazebo/package.sh'
[0.721s] INFO:colcon.colcon_core.shell:Creating package script '/home/akinsantos/minipulator_ws/install/open_manipulator_pro_gazebo/share/open_manipulator_pro_gazebo/package.bash'
[0.727s] INFO:colcon.colcon_core.shell:Creating package script '/home/akinsantos/minipulator_ws/install/open_manipulator_pro_gazebo/share/open_manipulator_pro_gazebo/package.zsh'
[0.727s] Level 1:colcon.colcon_core.environment:create_file_with_runtime_dependencies(/home/akinsantos/minipulator_ws/install/open_manipulator_pro_gazebo/share/colcon-core/packages/open_manipulator_pro_gazebo)
[0.729s] Level 1:colcon.colcon_core.environment:create_environment_scripts_only(open_manipulator_pro_gazebo)
[0.729s] Level 1:colcon.colcon_core.environment:checking '/home/akinsantos/minipulator_ws/install/open_manipulator_pro_gazebo' for CMake module files
[0.729s] Level 1:colcon.colcon_core.environment:checking '/home/akinsantos/minipulator_ws/install/open_manipulator_pro_gazebo' for CMake config files
[0.729s] Level 1:colcon.colcon_core.shell:create_environment_hook('open_manipulator_pro_gazebo', 'cmake_prefix_path')
[0.729s] INFO:colcon.colcon_core.shell:Creating environment hook '/home/akinsantos/minipulator_ws/install/open_manipulator_pro_gazebo/share/open_manipulator_pro_gazebo/hook/cmake_prefix_path.ps1'
[0.730s] INFO:colcon.colcon_core.shell:Creating environment descriptor '/home/akinsantos/minipulator_ws/install/open_manipulator_pro_gazebo/share/open_manipulator_pro_gazebo/hook/cmake_prefix_path.dsv'
[0.730s] INFO:colcon.colcon_core.shell:Creating environment hook '/home/akinsantos/minipulator_ws/install/open_manipulator_pro_gazebo/share/open_manipulator_pro_gazebo/hook/cmake_prefix_path.sh'
[0.730s] Level 1:colcon.colcon_core.environment:checking '/home/akinsantos/minipulator_ws/install/open_manipulator_pro_gazebo/bin'
[0.730s] Level 1:colcon.colcon_core.environment:checking '/home/akinsantos/minipulator_ws/install/open_manipulator_pro_gazebo/lib/pkgconfig/open_manipulator_pro_gazebo.pc'
[0.731s] Level 1:colcon.colcon_core.environment:checking '/home/akinsantos/minipulator_ws/install/open_manipulator_pro_gazebo/lib/python3.10/site-packages'
[0.731s] Level 1:colcon.colcon_core.environment:checking '/home/akinsantos/minipulator_ws/install/open_manipulator_pro_gazebo/bin'
[0.731s] INFO:colcon.colcon_core.shell:Creating package script '/home/akinsantos/minipulator_ws/install/open_manipulator_pro_gazebo/share/open_manipulator_pro_gazebo/package.ps1'
[0.732s] INFO:colcon.colcon_core.shell:Creating package descriptor '/home/akinsantos/minipulator_ws/install/open_manipulator_pro_gazebo/share/open_manipulator_pro_gazebo/package.dsv'
[0.732s] INFO:colcon.colcon_core.shell:Creating package script '/home/akinsantos/minipulator_ws/install/open_manipulator_pro_gazebo/share/open_manipulator_pro_gazebo/package.sh'
[0.732s] INFO:colcon.colcon_core.shell:Creating package script '/home/akinsantos/minipulator_ws/install/open_manipulator_pro_gazebo/share/open_manipulator_pro_gazebo/package.bash'
[0.733s] INFO:colcon.colcon_core.shell:Creating package script '/home/akinsantos/minipulator_ws/install/open_manipulator_pro_gazebo/share/open_manipulator_pro_gazebo/package.zsh'
[0.743s] Level 1:colcon.colcon_core.environment:create_file_with_runtime_dependencies(/home/akinsantos/minipulator_ws/install/open_manipulator_pro_gazebo/share/colcon-core/packages/open_manipulator_pro_gazebo)
[0.744s] DEBUG:colcon.colcon_core.event_handler.log_command:Invoked command in '/home/akinsantos/minipulator_ws/build/dynamixel_workbench_toolbox' returned '0': CMAKE_PREFIX_PATH=${CMAKE_PREFIX_PATH}:/home/akinsantos/ws_moveit/install/moveit_configs_utils:/home/akinsantos/ws_moveit/install/launch_param_builder:/opt/ros/humble /usr/bin/cmake --build /home/akinsantos/minipulator_ws/build/dynamixel_workbench_toolbox -- -j8 -l8
[0.748s] DEBUG:colcon.colcon_core.event_handler.log_command:Invoking command in '/home/akinsantos/minipulator_ws/build/dynamixel_workbench_toolbox': CMAKE_PREFIX_PATH=${CMAKE_PREFIX_PATH}:/home/akinsantos/ws_moveit/install/moveit_configs_utils:/home/akinsantos/ws_moveit/install/launch_param_builder:/opt/ros/humble /usr/bin/cmake --install /home/akinsantos/minipulator_ws/build/dynamixel_workbench_toolbox
[0.749s] DEBUG:colcon.colcon_core.event_handler.log_command:Invoked command in '/home/akinsantos/minipulator_ws/build/phantomx_reactor_arm_description' returned '0': CMAKE_PREFIX_PATH=${CMAKE_PREFIX_PATH}:/home/akinsantos/ws_moveit/install/moveit_configs_utils:/home/akinsantos/ws_moveit/install/launch_param_builder:/opt/ros/humble /usr/bin/cmake --build /home/akinsantos/minipulator_ws/build/phantomx_reactor_arm_description -- -j8 -l8
[0.751s] DEBUG:colcon.colcon_core.event_handler.log_command:Invoking command in '/home/akinsantos/minipulator_ws/build/phantomx_reactor_arm_description': CMAKE_PREFIX_PATH=${CMAKE_PREFIX_PATH}:/home/akinsantos/ws_moveit/install/moveit_configs_utils:/home/akinsantos/ws_moveit/install/launch_param_builder:/opt/ros/humble /usr/bin/cmake --install /home/akinsantos/minipulator_ws/build/phantomx_reactor_arm_description
[0.761s] Level 1:colcon.colcon_core.environment:create_environment_scripts_only(dynamixel_workbench_toolbox)
[0.761s] Level 1:colcon.colcon_core.environment:checking '/home/akinsantos/minipulator_ws/install/dynamixel_workbench_toolbox' for CMake module files
[0.762s] DEBUG:colcon.colcon_core.event_handler.log_command:Invoked command in '/home/akinsantos/minipulator_ws/build/dynamixel_workbench_toolbox' returned '0': CMAKE_PREFIX_PATH=${CMAKE_PREFIX_PATH}:/home/akinsantos/ws_moveit/install/moveit_configs_utils:/home/akinsantos/ws_moveit/install/launch_param_builder:/opt/ros/humble /usr/bin/cmake --install /home/akinsantos/minipulator_ws/build/dynamixel_workbench_toolbox
[0.764s] Level 1:colcon.colcon_core.environment:checking '/home/akinsantos/minipulator_ws/install/dynamixel_workbench_toolbox' for CMake config files
[0.765s] Level 1:colcon.colcon_core.shell:create_environment_hook('dynamixel_workbench_toolbox', 'cmake_prefix_path')
[0.766s] INFO:colcon.colcon_core.shell:Creating environment hook '/home/akinsantos/minipulator_ws/install/dynamixel_workbench_toolbox/share/dynamixel_workbench_toolbox/hook/cmake_prefix_path.ps1'
[0.766s] INFO:colcon.colcon_core.shell:Creating environment descriptor '/home/akinsantos/minipulator_ws/install/dynamixel_workbench_toolbox/share/dynamixel_workbench_toolbox/hook/cmake_prefix_path.dsv'
[0.767s] INFO:colcon.colcon_core.shell:Creating environment hook '/home/akinsantos/minipulator_ws/install/dynamixel_workbench_toolbox/share/dynamixel_workbench_toolbox/hook/cmake_prefix_path.sh'
[0.767s] Level 1:colcon.colcon_core.environment:checking '/home/akinsantos/minipulator_ws/install/dynamixel_workbench_toolbox/lib'
[0.767s] Level 1:colcon.colcon_core.shell:create_environment_hook('dynamixel_workbench_toolbox', 'ld_library_path_lib')
[0.767s] INFO:colcon.colcon_core.shell:Creating environment hook '/home/akinsantos/minipulator_ws/install/dynamixel_workbench_toolbox/share/dynamixel_workbench_toolbox/hook/ld_library_path_lib.ps1'
[0.768s] INFO:colcon.colcon_core.shell:Creating environment descriptor '/home/akinsantos/minipulator_ws/install/dynamixel_workbench_toolbox/share/dynamixel_workbench_toolbox/hook/ld_library_path_lib.dsv'
[0.768s] INFO:colcon.colcon_core.shell:Creating environment hook '/home/akinsantos/minipulator_ws/install/dynamixel_workbench_toolbox/share/dynamixel_workbench_toolbox/hook/ld_library_path_lib.sh'
[0.768s] Level 1:colcon.colcon_core.environment:checking '/home/akinsantos/minipulator_ws/install/dynamixel_workbench_toolbox/bin'
[0.768s] Level 1:colcon.colcon_core.environment:checking '/home/akinsantos/minipulator_ws/install/dynamixel_workbench_toolbox/lib/pkgconfig/dynamixel_workbench_toolbox.pc'
[0.769s] Level 1:colcon.colcon_core.environment:checking '/home/akinsantos/minipulator_ws/install/dynamixel_workbench_toolbox/lib/python3.10/site-packages'
[0.769s] Level 1:colcon.colcon_core.environment:checking '/home/akinsantos/minipulator_ws/install/dynamixel_workbench_toolbox/bin'
[0.769s] INFO:colcon.colcon_core.shell:Creating package script '/home/akinsantos/minipulator_ws/install/dynamixel_workbench_toolbox/share/dynamixel_workbench_toolbox/package.ps1'
[0.769s] INFO:colcon.colcon_core.shell:Creating package descriptor '/home/akinsantos/minipulator_ws/install/dynamixel_workbench_toolbox/share/dynamixel_workbench_toolbox/package.dsv'
[0.770s] INFO:colcon.colcon_core.shell:Creating package script '/home/akinsantos/minipulator_ws/install/dynamixel_workbench_toolbox/share/dynamixel_workbench_toolbox/package.sh'
[0.770s] INFO:colcon.colcon_core.shell:Creating package script '/home/akinsantos/minipulator_ws/install/dynamixel_workbench_toolbox/share/dynamixel_workbench_toolbox/package.bash'
[0.770s] INFO:colcon.colcon_core.shell:Creating package script '/home/akinsantos/minipulator_ws/install/dynamixel_workbench_toolbox/share/dynamixel_workbench_toolbox/package.zsh'
[0.771s] Level 1:colcon.colcon_core.environment:create_file_with_runtime_dependencies(/home/akinsantos/minipulator_ws/install/dynamixel_workbench_toolbox/share/colcon-core/packages/dynamixel_workbench_toolbox)
[0.771s] Level 1:colcon.colcon_core.environment:create_environment_scripts_only(dynamixel_workbench_toolbox)
[0.772s] Level 1:colcon.colcon_core.environment:checking '/home/akinsantos/minipulator_ws/install/dynamixel_workbench_toolbox' for CMake module files
[0.772s] Level 1:colcon.colcon_core.environment:checking '/home/akinsantos/minipulator_ws/install/dynamixel_workbench_toolbox' for CMake config files
[0.772s] Level 1:colcon.colcon_core.shell:create_environment_hook('dynamixel_workbench_toolbox', 'cmake_prefix_path')
[0.772s] INFO:colcon.colcon_core.shell:Creating environment hook '/home/akinsantos/minipulator_ws/install/dynamixel_workbench_toolbox/share/dynamixel_workbench_toolbox/hook/cmake_prefix_path.ps1'
[0.772s] INFO:colcon.colcon_core.shell:Creating environment descriptor '/home/akinsantos/minipulator_ws/install/dynamixel_workbench_toolbox/share/dynamixel_workbench_toolbox/hook/cmake_prefix_path.dsv'
[0.773s] INFO:colcon.colcon_core.shell:Creating environment hook '/home/akinsantos/minipulator_ws/install/dynamixel_workbench_toolbox/share/dynamixel_workbench_toolbox/hook/cmake_prefix_path.sh'
[0.773s] Level 1:colcon.colcon_core.environment:checking '/home/akinsantos/minipulator_ws/install/dynamixel_workbench_toolbox/lib'
[0.773s] Level 1:colcon.colcon_core.shell:create_environment_hook('dynamixel_workbench_toolbox', 'ld_library_path_lib')
[0.773s] INFO:colcon.colcon_core.shell:Creating environment hook '/home/akinsantos/minipulator_ws/install/dynamixel_workbench_toolbox/share/dynamixel_workbench_toolbox/hook/ld_library_path_lib.ps1'
[0.774s] INFO:colcon.colcon_core.shell:Creating environment descriptor '/home/akinsantos/minipulator_ws/install/dynamixel_workbench_toolbox/share/dynamixel_workbench_toolbox/hook/ld_library_path_lib.dsv'
[0.774s] INFO:colcon.colcon_core.shell:Creating environment hook '/home/akinsantos/minipulator_ws/install/dynamixel_workbench_toolbox/share/dynamixel_workbench_toolbox/hook/ld_library_path_lib.sh'
[0.774s] Level 1:colcon.colcon_core.environment:checking '/home/akinsantos/minipulator_ws/install/dynamixel_workbench_toolbox/bin'
[0.774s] Level 1:colcon.colcon_core.environment:checking '/home/akinsantos/minipulator_ws/install/dynamixel_workbench_toolbox/lib/pkgconfig/dynamixel_workbench_toolbox.pc'
[0.774s] Level 1:colcon.colcon_core.environment:checking '/home/akinsantos/minipulator_ws/install/dynamixel_workbench_toolbox/lib/python3.10/site-packages'
[0.775s] Level 1:colcon.colcon_core.environment:checking '/home/akinsantos/minipulator_ws/install/dynamixel_workbench_toolbox/bin'
[0.775s] INFO:colcon.colcon_core.shell:Creating package script '/home/akinsantos/minipulator_ws/install/dynamixel_workbench_toolbox/share/dynamixel_workbench_toolbox/package.ps1'
[0.775s] INFO:colcon.colcon_core.shell:Creating package descriptor '/home/akinsantos/minipulator_ws/install/dynamixel_workbench_toolbox/share/dynamixel_workbench_toolbox/package.dsv'
[0.776s] INFO:colcon.colcon_core.shell:Creating package script '/home/akinsantos/minipulator_ws/install/dynamixel_workbench_toolbox/share/dynamixel_workbench_toolbox/package.sh'
[0.776s] INFO:colcon.colcon_core.shell:Creating package script '/home/akinsantos/minipulator_ws/install/dynamixel_workbench_toolbox/share/dynamixel_workbench_toolbox/package.bash'
[0.776s] INFO:colcon.colcon_core.shell:Creating package script '/home/akinsantos/minipulator_ws/install/dynamixel_workbench_toolbox/share/dynamixel_workbench_toolbox/package.zsh'
[0.777s] Level 1:colcon.colcon_core.environment:create_file_with_runtime_dependencies(/home/akinsantos/minipulator_ws/install/dynamixel_workbench_toolbox/share/colcon-core/packages/dynamixel_workbench_toolbox)
[0.777s] INFO:colcon.colcon_ros.task.ament_cmake.build:Building ROS package in '/home/akinsantos/minipulator_ws/src/dynamixel_control/dynamixel_hardware' with build type 'ament_cmake'
[0.777s] INFO:colcon.colcon_cmake.task.cmake.build:Building CMake package in '/home/akinsantos/minipulator_ws/src/dynamixel_control/dynamixel_hardware'
[0.777s] INFO:colcon.colcon_core.shell:Skip shell extension 'powershell' for command environment: Not usable outside of PowerShell
[0.777s] DEBUG:colcon.colcon_core.shell:Skip shell extension 'dsv' for command environment
[0.783s] INFO:colcon.colcon_ros.task.ament_cmake.build:Building ROS package in '/home/akinsantos/minipulator_ws/src/dynamixel-workbench/dynamixel_workbench' with build type 'ament_cmake'
[0.783s] INFO:colcon.colcon_cmake.task.cmake.build:Building CMake package in '/home/akinsantos/minipulator_ws/src/dynamixel-workbench/dynamixel_workbench'
[0.783s] INFO:colcon.colcon_core.shell:Skip shell extension 'powershell' for command environment: Not usable outside of PowerShell
[0.783s] DEBUG:colcon.colcon_core.shell:Skip shell extension 'dsv' for command environment
[0.797s] Level 1:colcon.colcon_core.environment:create_environment_scripts_only(phantomx_reactor_arm_description)
[0.797s] Level 1:colcon.colcon_core.environment:checking '/home/akinsantos/minipulator_ws/install/phantomx_reactor_arm_description' for CMake module files
[0.798s] DEBUG:colcon.colcon_core.event_handler.log_command:Invoking command in '/home/akinsantos/minipulator_ws/build/dynamixel_hardware': AMENT_PREFIX_PATH=/home/akinsantos/minipulator_ws/install/dynamixel_workbench_toolbox:${AMENT_PREFIX_PATH} CMAKE_PREFIX_PATH=/home/akinsantos/minipulator_ws/install/dynamixel_workbench_toolbox:/home/akinsantos/ws_moveit/install/pilz_industrial_motion_planner_testutils:/home/akinsantos/ws_moveit/install/moveit_runtime:/home/akinsantos/ws_moveit/install/moveit2_tutorials:/home/akinsantos/ws_moveit/install/moveit:/home/akinsantos/ws_moveit/install/moveit_planners:/home/akinsantos/ws_moveit/install/pilz_industrial_motion_planner:/home/akinsantos/ws_moveit/install/moveit_visual_tools:/home/akinsantos/ws_moveit/install/moveit_task_constructor_visualization:/home/akinsantos/ws_moveit/install/moveit_task_constructor_demo:/home/akinsantos/ws_moveit/install/moveit_task_constructor_capabilities:/home/akinsantos/ws_moveit/install/moveit_task_constructor_core:/home/akinsantos/ws_moveit/install/moveit_ros_control_interface:/home/akinsantos/ws_moveit/install/moveit_plugins:/home/akinsantos/ws_moveit/install/moveit_simple_controller_manager:/home/akinsantos/ws_moveit/install/moveit_setup_assistant:/home/akinsantos/ws_moveit/install/moveit_setup_srdf_plugins:/home/akinsantos/ws_moveit/install/moveit_setup_core_plugins:/home/akinsantos/ws_moveit/install/moveit_setup_controllers:/home/akinsantos/ws_moveit/install/moveit_setup_app_plugins:/home/akinsantos/ws_moveit/install/moveit_setup_framework:/home/akinsantos/ws_moveit/install/moveit_servo:/home/akinsantos/ws_moveit/install/moveit_ros:/home/akinsantos/ws_moveit/install/moveit_ros_visualization:/home/akinsantos/ws_moveit/install/moveit_hybrid_planning:/home/akinsantos/ws_moveit/install/moveit_ros_planning_interface:/home/akinsantos/ws_moveit/install/moveit_ros_benchmarks:/home/akinsantos/ws_moveit/install/moveit_ros_warehouse:/home/akinsantos/ws_moveit/install/moveit_ros_robot_interaction:/home/akinsantos/ws_moveit/install/moveit_ros_perception:/home/akinsantos/ws_moveit/install/moveit_resources_prbt_pg70_support:/home/akinsantos/ws_moveit/install/moveit_resources_prbt_moveit_config:/home/akinsantos/ws_moveit/install/moveit_ros_move_group:/home/akinsantos/ws_moveit/install/moveit_planners_ompl:/home/akinsantos/ws_moveit/install/moveit_ros_planning:/home/akinsantos/ws_moveit/install/moveit_ros_occupancy_map_monitor:/home/akinsantos/ws_moveit/install/moveit_resources_prbt_ikfast_manipulator_plugin:/home/akinsantos/ws_moveit/install/moveit_planners_chomp:/home/akinsantos/ws_moveit/install/moveit_kinematics:/home/akinsantos/ws_moveit/install/moveit_chomp_optimizer_adapter:/home/akinsantos/ws_moveit/install/chomp_motion_planner:/home/akinsantos/ws_moveit/install/moveit_core:/home/akinsantos/ws_moveit/install/srdfdom:/home/akinsantos/ws_moveit/install/rviz_marker_tools:/home/akinsantos/ws_moveit/install/rosparam_shortcuts:/home/akinsantos/ws_moveit/install/moveit_task_constructor_msgs:/home/akinsantos/ws_moveit/install/moveit_resources_prbt_support:/home/akinsantos/ws_moveit/install/moveit_resources:/home/akinsantos/ws_moveit/install/moveit_resources_pr2_description:/home/akinsantos/ws_moveit/install/moveit_resources_panda_moveit_config:/home/akinsantos/ws_moveit/install/moveit_resources_panda_description:/home/akinsantos/ws_moveit/install/moveit_resources_fanuc_moveit_config:/home/akinsantos/ws_moveit/install/moveit_resources_fanuc_description:/home/akinsantos/ws_moveit/install/moveit_common:/home/akinsantos/ws_moveit/install/moveit_configs_utils:/home/akinsantos/ws_moveit/install/launch_param_builder:/opt/ros/humble LD_LIBRARY_PATH=/home/akinsantos/minipulator_ws/install/dynamixel_workbench_toolbox/lib:${LD_LIBRARY_PATH} /usr/bin/cmake --build /home/akinsantos/minipulator_ws/build/dynamixel_hardware -- -j8 -l8
[0.798s] DEBUG:colcon.colcon_core.event_handler.log_command:Invoked command in '/home/akinsantos/minipulator_ws/build/phantomx_reactor_arm_description' returned '0': CMAKE_PREFIX_PATH=${CMAKE_PREFIX_PATH}:/home/akinsantos/ws_moveit/install/moveit_configs_utils:/home/akinsantos/ws_moveit/install/launch_param_builder:/opt/ros/humble /usr/bin/cmake --install /home/akinsantos/minipulator_ws/build/phantomx_reactor_arm_description
[0.798s] Level 1:colcon.colcon_core.environment:checking '/home/akinsantos/minipulator_ws/install/phantomx_reactor_arm_description' for CMake config files
[0.798s] Level 1:colcon.colcon_core.shell:create_environment_hook('phantomx_reactor_arm_description', 'cmake_prefix_path')
[0.798s] INFO:colcon.colcon_core.shell:Creating environment hook '/home/akinsantos/minipulator_ws/install/phantomx_reactor_arm_description/share/phantomx_reactor_arm_description/hook/cmake_prefix_path.ps1'
[0.799s] INFO:colcon.colcon_core.shell:Creating environment descriptor '/home/akinsantos/minipulator_ws/install/phantomx_reactor_arm_description/share/phantomx_reactor_arm_description/hook/cmake_prefix_path.dsv'
[0.799s] INFO:colcon.colcon_core.shell:Creating environment hook '/home/akinsantos/minipulator_ws/install/phantomx_reactor_arm_description/share/phantomx_reactor_arm_description/hook/cmake_prefix_path.sh'
[0.800s] Level 1:colcon.colcon_core.environment:checking '/home/akinsantos/minipulator_ws/install/phantomx_reactor_arm_description/bin'
[0.800s] Level 1:colcon.colcon_core.environment:checking '/home/akinsantos/minipulator_ws/install/phantomx_reactor_arm_description/lib/pkgconfig/phantomx_reactor_arm_description.pc'
[0.800s] Level 1:colcon.colcon_core.environment:checking '/home/akinsantos/minipulator_ws/install/phantomx_reactor_arm_description/lib/python3.10/site-packages'
[0.800s] Level 1:colcon.colcon_core.environment:checking '/home/akinsantos/minipulator_ws/install/phantomx_reactor_arm_description/bin'
[0.800s] INFO:colcon.colcon_core.shell:Creating package script '/home/akinsantos/minipulator_ws/install/phantomx_reactor_arm_description/share/phantomx_reactor_arm_description/package.ps1'
[0.801s] INFO:colcon.colcon_core.shell:Creating package descriptor '/home/akinsantos/minipulator_ws/install/phantomx_reactor_arm_description/share/phantomx_reactor_arm_description/package.dsv'
[0.801s] INFO:colcon.colcon_core.shell:Creating package script '/home/akinsantos/minipulator_ws/install/phantomx_reactor_arm_description/share/phantomx_reactor_arm_description/package.sh'
[0.801s] INFO:colcon.colcon_core.shell:Creating package script '/home/akinsantos/minipulator_ws/install/phantomx_reactor_arm_description/share/phantomx_reactor_arm_description/package.bash'
[0.802s] INFO:colcon.colcon_core.shell:Creating package script '/home/akinsantos/minipulator_ws/install/phantomx_reactor_arm_description/share/phantomx_reactor_arm_description/package.zsh'
[0.802s] Level 1:colcon.colcon_core.environment:create_file_with_runtime_dependencies(/home/akinsantos/minipulator_ws/install/phantomx_reactor_arm_description/share/colcon-core/packages/phantomx_reactor_arm_description)
[0.803s] Level 1:colcon.colcon_core.environment:create_environment_scripts_only(phantomx_reactor_arm_description)
[0.803s] Level 1:colcon.colcon_core.environment:checking '/home/akinsantos/minipulator_ws/install/phantomx_reactor_arm_description' for CMake module files
[0.803s] Level 1:colcon.colcon_core.environment:checking '/home/akinsantos/minipulator_ws/install/phantomx_reactor_arm_description' for CMake config files
[0.803s] Level 1:colcon.colcon_core.shell:create_environment_hook('phantomx_reactor_arm_description', 'cmake_prefix_path')
[0.803s] INFO:colcon.colcon_core.shell:Creating environment hook '/home/akinsantos/minipulator_ws/install/phantomx_reactor_arm_description/share/phantomx_reactor_arm_description/hook/cmake_prefix_path.ps1'
[0.804s] INFO:colcon.colcon_core.shell:Creating environment descriptor '/home/akinsantos/minipulator_ws/install/phantomx_reactor_arm_description/share/phantomx_reactor_arm_description/hook/cmake_prefix_path.dsv'
[0.804s] INFO:colcon.colcon_core.shell:Creating environment hook '/home/akinsantos/minipulator_ws/install/phantomx_reactor_arm_description/share/phantomx_reactor_arm_description/hook/cmake_prefix_path.sh'
[0.804s] Level 1:colcon.colcon_core.environment:checking '/home/akinsantos/minipulator_ws/install/phantomx_reactor_arm_description/bin'
[0.804s] Level 1:colcon.colcon_core.environment:checking '/home/akinsantos/minipulator_ws/install/phantomx_reactor_arm_description/lib/pkgconfig/phantomx_reactor_arm_description.pc'
[0.805s] Level 1:colcon.colcon_core.environment:checking '/home/akinsantos/minipulator_ws/install/phantomx_reactor_arm_description/lib/python3.10/site-packages'
[0.805s] Level 1:colcon.colcon_core.environment:checking '/home/akinsantos/minipulator_ws/install/phantomx_reactor_arm_description/bin'
[0.805s] INFO:colcon.colcon_core.shell:Creating package script '/home/akinsantos/minipulator_ws/install/phantomx_reactor_arm_description/share/phantomx_reactor_arm_description/package.ps1'
[0.805s] INFO:colcon.colcon_core.shell:Creating package descriptor '/home/akinsantos/minipulator_ws/install/phantomx_reactor_arm_description/share/phantomx_reactor_arm_description/package.dsv'
[0.806s] INFO:colcon.colcon_core.shell:Creating package script '/home/akinsantos/minipulator_ws/install/phantomx_reactor_arm_description/share/phantomx_reactor_arm_description/package.sh'
[0.806s] INFO:colcon.colcon_core.shell:Creating package script '/home/akinsantos/minipulator_ws/install/phantomx_reactor_arm_description/share/phantomx_reactor_arm_description/package.bash'
[0.806s] INFO:colcon.colcon_core.shell:Creating package script '/home/akinsantos/minipulator_ws/install/phantomx_reactor_arm_description/share/phantomx_reactor_arm_description/package.zsh'
[0.807s] Level 1:colcon.colcon_core.environment:create_file_with_runtime_dependencies(/home/akinsantos/minipulator_ws/install/phantomx_reactor_arm_description/share/colcon-core/packages/phantomx_reactor_arm_description)
[0.807s] INFO:colcon.colcon_ros.task.ament_cmake.build:Building ROS package in '/home/akinsantos/minipulator_ws/src/movevit2_test' with build type 'ament_cmake'
[0.807s] INFO:colcon.colcon_cmake.task.cmake.build:Building CMake package in '/home/akinsantos/minipulator_ws/src/movevit2_test'
[0.807s] INFO:colcon.colcon_core.shell:Skip shell extension 'powershell' for command environment: Not usable outside of PowerShell
[0.807s] DEBUG:colcon.colcon_core.shell:Skip shell extension 'dsv' for command environment
[0.813s] INFO:colcon.colcon_ros.task.ament_cmake.build:Building ROS package in '/home/akinsantos/minipulator_ws/src/phantomx_reactor_arm_moveit2_config' with build type 'ament_cmake'
[0.814s] INFO:colcon.colcon_cmake.task.cmake.build:Building CMake package in '/home/akinsantos/minipulator_ws/src/phantomx_reactor_arm_moveit2_config'
[0.814s] INFO:colcon.colcon_core.shell:Skip shell extension 'powershell' for command environment: Not usable outside of PowerShell
[0.814s] DEBUG:colcon.colcon_core.shell:Skip shell extension 'dsv' for command environment
[0.821s] DEBUG:colcon.colcon_core.event_handler.log_command:Invoking command in '/home/akinsantos/minipulator_ws/build/dynamixel_workbench': AMENT_PREFIX_PATH=/home/akinsantos/minipulator_ws/install/dynamixel_workbench_toolbox:${AMENT_PREFIX_PATH} CMAKE_PREFIX_PATH=/home/akinsantos/minipulator_ws/install/dynamixel_workbench_toolbox:/home/akinsantos/ws_moveit/install/pilz_industrial_motion_planner_testutils:/home/akinsantos/ws_moveit/install/moveit_runtime:/home/akinsantos/ws_moveit/install/moveit2_tutorials:/home/akinsantos/ws_moveit/install/moveit:/home/akinsantos/ws_moveit/install/moveit_planners:/home/akinsantos/ws_moveit/install/pilz_industrial_motion_planner:/home/akinsantos/ws_moveit/install/moveit_visual_tools:/home/akinsantos/ws_moveit/install/moveit_task_constructor_visualization:/home/akinsantos/ws_moveit/install/moveit_task_constructor_demo:/home/akinsantos/ws_moveit/install/moveit_task_constructor_capabilities:/home/akinsantos/ws_moveit/install/moveit_task_constructor_core:/home/akinsantos/ws_moveit/install/moveit_ros_control_interface:/home/akinsantos/ws_moveit/install/moveit_plugins:/home/akinsantos/ws_moveit/install/moveit_simple_controller_manager:/home/akinsantos/ws_moveit/install/moveit_setup_assistant:/home/akinsantos/ws_moveit/install/moveit_setup_srdf_plugins:/home/akinsantos/ws_moveit/install/moveit_setup_core_plugins:/home/akinsantos/ws_moveit/install/moveit_setup_controllers:/home/akinsantos/ws_moveit/install/moveit_setup_app_plugins:/home/akinsantos/ws_moveit/install/moveit_setup_framework:/home/akinsantos/ws_moveit/install/moveit_servo:/home/akinsantos/ws_moveit/install/moveit_ros:/home/akinsantos/ws_moveit/install/moveit_ros_visualization:/home/akinsantos/ws_moveit/install/moveit_hybrid_planning:/home/akinsantos/ws_moveit/install/moveit_ros_planning_interface:/home/akinsantos/ws_moveit/install/moveit_ros_benchmarks:/home/akinsantos/ws_moveit/install/moveit_ros_warehouse:/home/akinsantos/ws_moveit/install/moveit_ros_robot_interaction:/home/akinsantos/ws_moveit/install/moveit_ros_perception:/home/akinsantos/ws_moveit/install/moveit_resources_prbt_pg70_support:/home/akinsantos/ws_moveit/install/moveit_resources_prbt_moveit_config:/home/akinsantos/ws_moveit/install/moveit_ros_move_group:/home/akinsantos/ws_moveit/install/moveit_planners_ompl:/home/akinsantos/ws_moveit/install/moveit_ros_planning:/home/akinsantos/ws_moveit/install/moveit_ros_occupancy_map_monitor:/home/akinsantos/ws_moveit/install/moveit_resources_prbt_ikfast_manipulator_plugin:/home/akinsantos/ws_moveit/install/moveit_planners_chomp:/home/akinsantos/ws_moveit/install/moveit_kinematics:/home/akinsantos/ws_moveit/install/moveit_chomp_optimizer_adapter:/home/akinsantos/ws_moveit/install/chomp_motion_planner:/home/akinsantos/ws_moveit/install/moveit_core:/home/akinsantos/ws_moveit/install/srdfdom:/home/akinsantos/ws_moveit/install/rviz_marker_tools:/home/akinsantos/ws_moveit/install/rosparam_shortcuts:/home/akinsantos/ws_moveit/install/moveit_task_constructor_msgs:/home/akinsantos/ws_moveit/install/moveit_resources_prbt_support:/home/akinsantos/ws_moveit/install/moveit_resources:/home/akinsantos/ws_moveit/install/moveit_resources_pr2_description:/home/akinsantos/ws_moveit/install/moveit_resources_panda_moveit_config:/home/akinsantos/ws_moveit/install/moveit_resources_panda_description:/home/akinsantos/ws_moveit/install/moveit_resources_fanuc_moveit_config:/home/akinsantos/ws_moveit/install/moveit_resources_fanuc_description:/home/akinsantos/ws_moveit/install/moveit_common:/home/akinsantos/ws_moveit/install/moveit_configs_utils:/home/akinsantos/ws_moveit/install/launch_param_builder:/opt/ros/humble LD_LIBRARY_PATH=/home/akinsantos/minipulator_ws/install/dynamixel_workbench_toolbox/lib:${LD_LIBRARY_PATH} /usr/bin/cmake --build /home/akinsantos/minipulator_ws/build/dynamixel_workbench -- -j8 -l8
[0.826s] DEBUG:colcon.colcon_core.event_handler.log_command:Invoking command in '/home/akinsantos/minipulator_ws/build/movevit2_test': AMENT_PREFIX_PATH=/home/akinsantos/minipulator_ws/install/phantomx_reactor_arm_description:${AMENT_PREFIX_PATH} CMAKE_PREFIX_PATH=/home/akinsantos/minipulator_ws/install/phantomx_reactor_arm_description:/home/akinsantos/ws_moveit/install/pilz_industrial_motion_planner_testutils:/home/akinsantos/ws_moveit/install/moveit_runtime:/home/akinsantos/ws_moveit/install/moveit2_tutorials:/home/akinsantos/ws_moveit/install/moveit:/home/akinsantos/ws_moveit/install/moveit_planners:/home/akinsantos/ws_moveit/install/pilz_industrial_motion_planner:/home/akinsantos/ws_moveit/install/moveit_visual_tools:/home/akinsantos/ws_moveit/install/moveit_task_constructor_visualization:/home/akinsantos/ws_moveit/install/moveit_task_constructor_demo:/home/akinsantos/ws_moveit/install/moveit_task_constructor_capabilities:/home/akinsantos/ws_moveit/install/moveit_task_constructor_core:/home/akinsantos/ws_moveit/install/moveit_ros_control_interface:/home/akinsantos/ws_moveit/install/moveit_plugins:/home/akinsantos/ws_moveit/install/moveit_simple_controller_manager:/home/akinsantos/ws_moveit/install/moveit_setup_assistant:/home/akinsantos/ws_moveit/install/moveit_setup_srdf_plugins:/home/akinsantos/ws_moveit/install/moveit_setup_core_plugins:/home/akinsantos/ws_moveit/install/moveit_setup_controllers:/home/akinsantos/ws_moveit/install/moveit_setup_app_plugins:/home/akinsantos/ws_moveit/install/moveit_setup_framework:/home/akinsantos/ws_moveit/install/moveit_servo:/home/akinsantos/ws_moveit/install/moveit_ros:/home/akinsantos/ws_moveit/install/moveit_ros_visualization:/home/akinsantos/ws_moveit/install/moveit_hybrid_planning:/home/akinsantos/ws_moveit/install/moveit_ros_planning_interface:/home/akinsantos/ws_moveit/install/moveit_ros_benchmarks:/home/akinsantos/ws_moveit/install/moveit_ros_warehouse:/home/akinsantos/ws_moveit/install/moveit_ros_robot_interaction:/home/akinsantos/ws_moveit/install/moveit_ros_perception:/home/akinsantos/ws_moveit/install/moveit_resources_prbt_pg70_support:/home/akinsantos/ws_moveit/install/moveit_resources_prbt_moveit_config:/home/akinsantos/ws_moveit/install/moveit_ros_move_group:/home/akinsantos/ws_moveit/install/moveit_planners_ompl:/home/akinsantos/ws_moveit/install/moveit_ros_planning:/home/akinsantos/ws_moveit/install/moveit_ros_occupancy_map_monitor:/home/akinsantos/ws_moveit/install/moveit_resources_prbt_ikfast_manipulator_plugin:/home/akinsantos/ws_moveit/install/moveit_planners_chomp:/home/akinsantos/ws_moveit/install/moveit_kinematics:/home/akinsantos/ws_moveit/install/moveit_chomp_optimizer_adapter:/home/akinsantos/ws_moveit/install/chomp_motion_planner:/home/akinsantos/ws_moveit/install/moveit_core:/home/akinsantos/ws_moveit/install/srdfdom:/home/akinsantos/ws_moveit/install/rviz_marker_tools:/home/akinsantos/ws_moveit/install/rosparam_shortcuts:/home/akinsantos/ws_moveit/install/moveit_task_constructor_msgs:/home/akinsantos/ws_moveit/install/moveit_resources_prbt_support:/home/akinsantos/ws_moveit/install/moveit_resources:/home/akinsantos/ws_moveit/install/moveit_resources_pr2_description:/home/akinsantos/ws_moveit/install/moveit_resources_panda_moveit_config:/home/akinsantos/ws_moveit/install/moveit_resources_panda_description:/home/akinsantos/ws_moveit/install/moveit_resources_fanuc_moveit_config:/home/akinsantos/ws_moveit/install/moveit_resources_fanuc_description:/home/akinsantos/ws_moveit/install/moveit_common:/home/akinsantos/ws_moveit/install/moveit_configs_utils:/home/akinsantos/ws_moveit/install/launch_param_builder:/opt/ros/humble /usr/bin/cmake --build /home/akinsantos/minipulator_ws/build/movevit2_test -- -j8 -l8
[0.829s] DEBUG:colcon.colcon_core.event_handler.log_command:Invoking command in '/home/akinsantos/minipulator_ws/build/phantomx_reactor_arm_moveit2_config': AMENT_PREFIX_PATH=/home/akinsantos/minipulator_ws/install/phantomx_reactor_arm_description:${AMENT_PREFIX_PATH} CMAKE_PREFIX_PATH=/home/akinsantos/minipulator_ws/install/phantomx_reactor_arm_description:/home/akinsantos/ws_moveit/install/pilz_industrial_motion_planner_testutils:/home/akinsantos/ws_moveit/install/moveit_runtime:/home/akinsantos/ws_moveit/install/moveit2_tutorials:/home/akinsantos/ws_moveit/install/moveit:/home/akinsantos/ws_moveit/install/moveit_planners:/home/akinsantos/ws_moveit/install/pilz_industrial_motion_planner:/home/akinsantos/ws_moveit/install/moveit_visual_tools:/home/akinsantos/ws_moveit/install/moveit_task_constructor_visualization:/home/akinsantos/ws_moveit/install/moveit_task_constructor_demo:/home/akinsantos/ws_moveit/install/moveit_task_constructor_capabilities:/home/akinsantos/ws_moveit/install/moveit_task_constructor_core:/home/akinsantos/ws_moveit/install/moveit_ros_control_interface:/home/akinsantos/ws_moveit/install/moveit_plugins:/home/akinsantos/ws_moveit/install/moveit_simple_controller_manager:/home/akinsantos/ws_moveit/install/moveit_setup_assistant:/home/akinsantos/ws_moveit/install/moveit_setup_srdf_plugins:/home/akinsantos/ws_moveit/install/moveit_setup_core_plugins:/home/akinsantos/ws_moveit/install/moveit_setup_controllers:/home/akinsantos/ws_moveit/install/moveit_setup_app_plugins:/home/akinsantos/ws_moveit/install/moveit_setup_framework:/home/akinsantos/ws_moveit/install/moveit_servo:/home/akinsantos/ws_moveit/install/moveit_ros:/home/akinsantos/ws_moveit/install/moveit_ros_visualization:/home/akinsantos/ws_moveit/install/moveit_hybrid_planning:/home/akinsantos/ws_moveit/install/moveit_ros_planning_interface:/home/akinsantos/ws_moveit/install/moveit_ros_benchmarks:/home/akinsantos/ws_moveit/install/moveit_ros_warehouse:/home/akinsantos/ws_moveit/install/moveit_ros_robot_interaction:/home/akinsantos/ws_moveit/install/moveit_ros_perception:/home/akinsantos/ws_moveit/install/moveit_resources_prbt_pg70_support:/home/akinsantos/ws_moveit/install/moveit_resources_prbt_moveit_config:/home/akinsantos/ws_moveit/install/moveit_ros_move_group:/home/akinsantos/ws_moveit/install/moveit_planners_ompl:/home/akinsantos/ws_moveit/install/moveit_ros_planning:/home/akinsantos/ws_moveit/install/moveit_ros_occupancy_map_monitor:/home/akinsantos/ws_moveit/install/moveit_resources_prbt_ikfast_manipulator_plugin:/home/akinsantos/ws_moveit/install/moveit_planners_chomp:/home/akinsantos/ws_moveit/install/moveit_kinematics:/home/akinsantos/ws_moveit/install/moveit_chomp_optimizer_adapter:/home/akinsantos/ws_moveit/install/chomp_motion_planner:/home/akinsantos/ws_moveit/install/moveit_core:/home/akinsantos/ws_moveit/install/srdfdom:/home/akinsantos/ws_moveit/install/rviz_marker_tools:/home/akinsantos/ws_moveit/install/rosparam_shortcuts:/home/akinsantos/ws_moveit/install/moveit_task_constructor_msgs:/home/akinsantos/ws_moveit/install/moveit_resources_prbt_support:/home/akinsantos/ws_moveit/install/moveit_resources:/home/akinsantos/ws_moveit/install/moveit_resources_pr2_description:/home/akinsantos/ws_moveit/install/moveit_resources_panda_moveit_config:/home/akinsantos/ws_moveit/install/moveit_resources_panda_description:/home/akinsantos/ws_moveit/install/moveit_resources_fanuc_moveit_config:/home/akinsantos/ws_moveit/install/moveit_resources_fanuc_description:/home/akinsantos/ws_moveit/install/moveit_common:/home/akinsantos/ws_moveit/install/moveit_configs_utils:/home/akinsantos/ws_moveit/install/launch_param_builder:/opt/ros/humble /usr/bin/cmake --build /home/akinsantos/minipulator_ws/build/phantomx_reactor_arm_moveit2_config -- -j8 -l8
[0.865s] DEBUG:colcon.colcon_core.event_handler.log_command:Invoked command in '/home/akinsantos/minipulator_ws/build/dynamixel_workbench' returned '0': AMENT_PREFIX_PATH=/home/akinsantos/minipulator_ws/install/dynamixel_workbench_toolbox:${AMENT_PREFIX_PATH} CMAKE_PREFIX_PATH=/home/akinsantos/minipulator_ws/install/dynamixel_workbench_toolbox:/home/akinsantos/ws_moveit/install/pilz_industrial_motion_planner_testutils:/home/akinsantos/ws_moveit/install/moveit_runtime:/home/akinsantos/ws_moveit/install/moveit2_tutorials:/home/akinsantos/ws_moveit/install/moveit:/home/akinsantos/ws_moveit/install/moveit_planners:/home/akinsantos/ws_moveit/install/pilz_industrial_motion_planner:/home/akinsantos/ws_moveit/install/moveit_visual_tools:/home/akinsantos/ws_moveit/install/moveit_task_constructor_visualization:/home/akinsantos/ws_moveit/install/moveit_task_constructor_demo:/home/akinsantos/ws_moveit/install/moveit_task_constructor_capabilities:/home/akinsantos/ws_moveit/install/moveit_task_constructor_core:/home/akinsantos/ws_moveit/install/moveit_ros_control_interface:/home/akinsantos/ws_moveit/install/moveit_plugins:/home/akinsantos/ws_moveit/install/moveit_simple_controller_manager:/home/akinsantos/ws_moveit/install/moveit_setup_assistant:/home/akinsantos/ws_moveit/install/moveit_setup_srdf_plugins:/home/akinsantos/ws_moveit/install/moveit_setup_core_plugins:/home/akinsantos/ws_moveit/install/moveit_setup_controllers:/home/akinsantos/ws_moveit/install/moveit_setup_app_plugins:/home/akinsantos/ws_moveit/install/moveit_setup_framework:/home/akinsantos/ws_moveit/install/moveit_servo:/home/akinsantos/ws_moveit/install/moveit_ros:/home/akinsantos/ws_moveit/install/moveit_ros_visualization:/home/akinsantos/ws_moveit/install/moveit_hybrid_planning:/home/akinsantos/ws_moveit/install/moveit_ros_planning_interface:/home/akinsantos/ws_moveit/install/moveit_ros_benchmarks:/home/akinsantos/ws_moveit/install/moveit_ros_warehouse:/home/akinsantos/ws_moveit/install/moveit_ros_robot_interaction:/home/akinsantos/ws_moveit/install/moveit_ros_perception:/home/akinsantos/ws_moveit/install/moveit_resources_prbt_pg70_support:/home/akinsantos/ws_moveit/install/moveit_resources_prbt_moveit_config:/home/akinsantos/ws_moveit/install/moveit_ros_move_group:/home/akinsantos/ws_moveit/install/moveit_planners_ompl:/home/akinsantos/ws_moveit/install/moveit_ros_planning:/home/akinsantos/ws_moveit/install/moveit_ros_occupancy_map_monitor:/home/akinsantos/ws_moveit/install/moveit_resources_prbt_ikfast_manipulator_plugin:/home/akinsantos/ws_moveit/install/moveit_planners_chomp:/home/akinsantos/ws_moveit/install/moveit_kinematics:/home/akinsantos/ws_moveit/install/moveit_chomp_optimizer_adapter:/home/akinsantos/ws_moveit/install/chomp_motion_planner:/home/akinsantos/ws_moveit/install/moveit_core:/home/akinsantos/ws_moveit/install/srdfdom:/home/akinsantos/ws_moveit/install/rviz_marker_tools:/home/akinsantos/ws_moveit/install/rosparam_shortcuts:/home/akinsantos/ws_moveit/install/moveit_task_constructor_msgs:/home/akinsantos/ws_moveit/install/moveit_resources_prbt_support:/home/akinsantos/ws_moveit/install/moveit_resources:/home/akinsantos/ws_moveit/install/moveit_resources_pr2_description:/home/akinsantos/ws_moveit/install/moveit_resources_panda_moveit_config:/home/akinsantos/ws_moveit/install/moveit_resources_panda_description:/home/akinsantos/ws_moveit/install/moveit_resources_fanuc_moveit_config:/home/akinsantos/ws_moveit/install/moveit_resources_fanuc_description:/home/akinsantos/ws_moveit/install/moveit_common:/home/akinsantos/ws_moveit/install/moveit_configs_utils:/home/akinsantos/ws_moveit/install/launch_param_builder:/opt/ros/humble LD_LIBRARY_PATH=/home/akinsantos/minipulator_ws/install/dynamixel_workbench_toolbox/lib:${LD_LIBRARY_PATH} /usr/bin/cmake --build /home/akinsantos/minipulator_ws/build/dynamixel_workbench -- -j8 -l8
[0.869s] DEBUG:colcon.colcon_core.event_handler.log_command:Invoking command in '/home/akinsantos/minipulator_ws/build/dynamixel_workbench': AMENT_PREFIX_PATH=/home/akinsantos/minipulator_ws/install/dynamixel_workbench_toolbox:${AMENT_PREFIX_PATH} CMAKE_PREFIX_PATH=/home/akinsantos/minipulator_ws/install/dynamixel_workbench_toolbox:/home/akinsantos/ws_moveit/install/pilz_industrial_motion_planner_testutils:/home/akinsantos/ws_moveit/install/moveit_runtime:/home/akinsantos/ws_moveit/install/moveit2_tutorials:/home/akinsantos/ws_moveit/install/moveit:/home/akinsantos/ws_moveit/install/moveit_planners:/home/akinsantos/ws_moveit/install/pilz_industrial_motion_planner:/home/akinsantos/ws_moveit/install/moveit_visual_tools:/home/akinsantos/ws_moveit/install/moveit_task_constructor_visualization:/home/akinsantos/ws_moveit/install/moveit_task_constructor_demo:/home/akinsantos/ws_moveit/install/moveit_task_constructor_capabilities:/home/akinsantos/ws_moveit/install/moveit_task_constructor_core:/home/akinsantos/ws_moveit/install/moveit_ros_control_interface:/home/akinsantos/ws_moveit/install/moveit_plugins:/home/akinsantos/ws_moveit/install/moveit_simple_controller_manager:/home/akinsantos/ws_moveit/install/moveit_setup_assistant:/home/akinsantos/ws_moveit/install/moveit_setup_srdf_plugins:/home/akinsantos/ws_moveit/install/moveit_setup_core_plugins:/home/akinsantos/ws_moveit/install/moveit_setup_controllers:/home/akinsantos/ws_moveit/install/moveit_setup_app_plugins:/home/akinsantos/ws_moveit/install/moveit_setup_framework:/home/akinsantos/ws_moveit/install/moveit_servo:/home/akinsantos/ws_moveit/install/moveit_ros:/home/akinsantos/ws_moveit/install/moveit_ros_visualization:/home/akinsantos/ws_moveit/install/moveit_hybrid_planning:/home/akinsantos/ws_moveit/install/moveit_ros_planning_interface:/home/akinsantos/ws_moveit/install/moveit_ros_benchmarks:/home/akinsantos/ws_moveit/install/moveit_ros_warehouse:/home/akinsantos/ws_moveit/install/moveit_ros_robot_interaction:/home/akinsantos/ws_moveit/install/moveit_ros_perception:/home/akinsantos/ws_moveit/install/moveit_resources_prbt_pg70_support:/home/akinsantos/ws_moveit/install/moveit_resources_prbt_moveit_config:/home/akinsantos/ws_moveit/install/moveit_ros_move_group:/home/akinsantos/ws_moveit/install/moveit_planners_ompl:/home/akinsantos/ws_moveit/install/moveit_ros_planning:/home/akinsantos/ws_moveit/install/moveit_ros_occupancy_map_monitor:/home/akinsantos/ws_moveit/install/moveit_resources_prbt_ikfast_manipulator_plugin:/home/akinsantos/ws_moveit/install/moveit_planners_chomp:/home/akinsantos/ws_moveit/install/moveit_kinematics:/home/akinsantos/ws_moveit/install/moveit_chomp_optimizer_adapter:/home/akinsantos/ws_moveit/install/chomp_motion_planner:/home/akinsantos/ws_moveit/install/moveit_core:/home/akinsantos/ws_moveit/install/srdfdom:/home/akinsantos/ws_moveit/install/rviz_marker_tools:/home/akinsantos/ws_moveit/install/rosparam_shortcuts:/home/akinsantos/ws_moveit/install/moveit_task_constructor_msgs:/home/akinsantos/ws_moveit/install/moveit_resources_prbt_support:/home/akinsantos/ws_moveit/install/moveit_resources:/home/akinsantos/ws_moveit/install/moveit_resources_pr2_description:/home/akinsantos/ws_moveit/install/moveit_resources_panda_moveit_config:/home/akinsantos/ws_moveit/install/moveit_resources_panda_description:/home/akinsantos/ws_moveit/install/moveit_resources_fanuc_moveit_config:/home/akinsantos/ws_moveit/install/moveit_resources_fanuc_description:/home/akinsantos/ws_moveit/install/moveit_common:/home/akinsantos/ws_moveit/install/moveit_configs_utils:/home/akinsantos/ws_moveit/install/launch_param_builder:/opt/ros/humble LD_LIBRARY_PATH=/home/akinsantos/minipulator_ws/install/dynamixel_workbench_toolbox/lib:${LD_LIBRARY_PATH} /usr/bin/cmake --install /home/akinsantos/minipulator_ws/build/dynamixel_workbench
[0.871s] DEBUG:colcon.colcon_core.event_handler.log_command:Invoked command in '/home/akinsantos/minipulator_ws/build/movevit2_test' returned '0': AMENT_PREFIX_PATH=/home/akinsantos/minipulator_ws/install/phantomx_reactor_arm_description:${AMENT_PREFIX_PATH} CMAKE_PREFIX_PATH=/home/akinsantos/minipulator_ws/install/phantomx_reactor_arm_description:/home/akinsantos/ws_moveit/install/pilz_industrial_motion_planner_testutils:/home/akinsantos/ws_moveit/install/moveit_runtime:/home/akinsantos/ws_moveit/install/moveit2_tutorials:/home/akinsantos/ws_moveit/install/moveit:/home/akinsantos/ws_moveit/install/moveit_planners:/home/akinsantos/ws_moveit/install/pilz_industrial_motion_planner:/home/akinsantos/ws_moveit/install/moveit_visual_tools:/home/akinsantos/ws_moveit/install/moveit_task_constructor_visualization:/home/akinsantos/ws_moveit/install/moveit_task_constructor_demo:/home/akinsantos/ws_moveit/install/moveit_task_constructor_capabilities:/home/akinsantos/ws_moveit/install/moveit_task_constructor_core:/home/akinsantos/ws_moveit/install/moveit_ros_control_interface:/home/akinsantos/ws_moveit/install/moveit_plugins:/home/akinsantos/ws_moveit/install/moveit_simple_controller_manager:/home/akinsantos/ws_moveit/install/moveit_setup_assistant:/home/akinsantos/ws_moveit/install/moveit_setup_srdf_plugins:/home/akinsantos/ws_moveit/install/moveit_setup_core_plugins:/home/akinsantos/ws_moveit/install/moveit_setup_controllers:/home/akinsantos/ws_moveit/install/moveit_setup_app_plugins:/home/akinsantos/ws_moveit/install/moveit_setup_framework:/home/akinsantos/ws_moveit/install/moveit_servo:/home/akinsantos/ws_moveit/install/moveit_ros:/home/akinsantos/ws_moveit/install/moveit_ros_visualization:/home/akinsantos/ws_moveit/install/moveit_hybrid_planning:/home/akinsantos/ws_moveit/install/moveit_ros_planning_interface:/home/akinsantos/ws_moveit/install/moveit_ros_benchmarks:/home/akinsantos/ws_moveit/install/moveit_ros_warehouse:/home/akinsantos/ws_moveit/install/moveit_ros_robot_interaction:/home/akinsantos/ws_moveit/install/moveit_ros_perception:/home/akinsantos/ws_moveit/install/moveit_resources_prbt_pg70_support:/home/akinsantos/ws_moveit/install/moveit_resources_prbt_moveit_config:/home/akinsantos/ws_moveit/install/moveit_ros_move_group:/home/akinsantos/ws_moveit/install/moveit_planners_ompl:/home/akinsantos/ws_moveit/install/moveit_ros_planning:/home/akinsantos/ws_moveit/install/moveit_ros_occupancy_map_monitor:/home/akinsantos/ws_moveit/install/moveit_resources_prbt_ikfast_manipulator_plugin:/home/akinsantos/ws_moveit/install/moveit_planners_chomp:/home/akinsantos/ws_moveit/install/moveit_kinematics:/home/akinsantos/ws_moveit/install/moveit_chomp_optimizer_adapter:/home/akinsantos/ws_moveit/install/chomp_motion_planner:/home/akinsantos/ws_moveit/install/moveit_core:/home/akinsantos/ws_moveit/install/srdfdom:/home/akinsantos/ws_moveit/install/rviz_marker_tools:/home/akinsantos/ws_moveit/install/rosparam_shortcuts:/home/akinsantos/ws_moveit/install/moveit_task_constructor_msgs:/home/akinsantos/ws_moveit/install/moveit_resources_prbt_support:/home/akinsantos/ws_moveit/install/moveit_resources:/home/akinsantos/ws_moveit/install/moveit_resources_pr2_description:/home/akinsantos/ws_moveit/install/moveit_resources_panda_moveit_config:/home/akinsantos/ws_moveit/install/moveit_resources_panda_description:/home/akinsantos/ws_moveit/install/moveit_resources_fanuc_moveit_config:/home/akinsantos/ws_moveit/install/moveit_resources_fanuc_description:/home/akinsantos/ws_moveit/install/moveit_common:/home/akinsantos/ws_moveit/install/moveit_configs_utils:/home/akinsantos/ws_moveit/install/launch_param_builder:/opt/ros/humble /usr/bin/cmake --build /home/akinsantos/minipulator_ws/build/movevit2_test -- -j8 -l8
[0.874s] DEBUG:colcon.colcon_core.event_handler.log_command:Invoking command in '/home/akinsantos/minipulator_ws/build/movevit2_test': AMENT_PREFIX_PATH=/home/akinsantos/minipulator_ws/install/phantomx_reactor_arm_description:${AMENT_PREFIX_PATH} CMAKE_PREFIX_PATH=/home/akinsantos/minipulator_ws/install/phantomx_reactor_arm_description:/home/akinsantos/ws_moveit/install/pilz_industrial_motion_planner_testutils:/home/akinsantos/ws_moveit/install/moveit_runtime:/home/akinsantos/ws_moveit/install/moveit2_tutorials:/home/akinsantos/ws_moveit/install/moveit:/home/akinsantos/ws_moveit/install/moveit_planners:/home/akinsantos/ws_moveit/install/pilz_industrial_motion_planner:/home/akinsantos/ws_moveit/install/moveit_visual_tools:/home/akinsantos/ws_moveit/install/moveit_task_constructor_visualization:/home/akinsantos/ws_moveit/install/moveit_task_constructor_demo:/home/akinsantos/ws_moveit/install/moveit_task_constructor_capabilities:/home/akinsantos/ws_moveit/install/moveit_task_constructor_core:/home/akinsantos/ws_moveit/install/moveit_ros_control_interface:/home/akinsantos/ws_moveit/install/moveit_plugins:/home/akinsantos/ws_moveit/install/moveit_simple_controller_manager:/home/akinsantos/ws_moveit/install/moveit_setup_assistant:/home/akinsantos/ws_moveit/install/moveit_setup_srdf_plugins:/home/akinsantos/ws_moveit/install/moveit_setup_core_plugins:/home/akinsantos/ws_moveit/install/moveit_setup_controllers:/home/akinsantos/ws_moveit/install/moveit_setup_app_plugins:/home/akinsantos/ws_moveit/install/moveit_setup_framework:/home/akinsantos/ws_moveit/install/moveit_servo:/home/akinsantos/ws_moveit/install/moveit_ros:/home/akinsantos/ws_moveit/install/moveit_ros_visualization:/home/akinsantos/ws_moveit/install/moveit_hybrid_planning:/home/akinsantos/ws_moveit/install/moveit_ros_planning_interface:/home/akinsantos/ws_moveit/install/moveit_ros_benchmarks:/home/akinsantos/ws_moveit/install/moveit_ros_warehouse:/home/akinsantos/ws_moveit/install/moveit_ros_robot_interaction:/home/akinsantos/ws_moveit/install/moveit_ros_perception:/home/akinsantos/ws_moveit/install/moveit_resources_prbt_pg70_support:/home/akinsantos/ws_moveit/install/moveit_resources_prbt_moveit_config:/home/akinsantos/ws_moveit/install/moveit_ros_move_group:/home/akinsantos/ws_moveit/install/moveit_planners_ompl:/home/akinsantos/ws_moveit/install/moveit_ros_planning:/home/akinsantos/ws_moveit/install/moveit_ros_occupancy_map_monitor:/home/akinsantos/ws_moveit/install/moveit_resources_prbt_ikfast_manipulator_plugin:/home/akinsantos/ws_moveit/install/moveit_planners_chomp:/home/akinsantos/ws_moveit/install/moveit_kinematics:/home/akinsantos/ws_moveit/install/moveit_chomp_optimizer_adapter:/home/akinsantos/ws_moveit/install/chomp_motion_planner:/home/akinsantos/ws_moveit/install/moveit_core:/home/akinsantos/ws_moveit/install/srdfdom:/home/akinsantos/ws_moveit/install/rviz_marker_tools:/home/akinsantos/ws_moveit/install/rosparam_shortcuts:/home/akinsantos/ws_moveit/install/moveit_task_constructor_msgs:/home/akinsantos/ws_moveit/install/moveit_resources_prbt_support:/home/akinsantos/ws_moveit/install/moveit_resources:/home/akinsantos/ws_moveit/install/moveit_resources_pr2_description:/home/akinsantos/ws_moveit/install/moveit_resources_panda_moveit_config:/home/akinsantos/ws_moveit/install/moveit_resources_panda_description:/home/akinsantos/ws_moveit/install/moveit_resources_fanuc_moveit_config:/home/akinsantos/ws_moveit/install/moveit_resources_fanuc_description:/home/akinsantos/ws_moveit/install/moveit_common:/home/akinsantos/ws_moveit/install/moveit_configs_utils:/home/akinsantos/ws_moveit/install/launch_param_builder:/opt/ros/humble /usr/bin/cmake --install /home/akinsantos/minipulator_ws/build/movevit2_test
[0.876s] DEBUG:colcon.colcon_core.event_handler.log_command:Invoked command in '/home/akinsantos/minipulator_ws/build/phantomx_reactor_arm_moveit2_config' returned '0': AMENT_PREFIX_PATH=/home/akinsantos/minipulator_ws/install/phantomx_reactor_arm_description:${AMENT_PREFIX_PATH} CMAKE_PREFIX_PATH=/home/akinsantos/minipulator_ws/install/phantomx_reactor_arm_description:/home/akinsantos/ws_moveit/install/pilz_industrial_motion_planner_testutils:/home/akinsantos/ws_moveit/install/moveit_runtime:/home/akinsantos/ws_moveit/install/moveit2_tutorials:/home/akinsantos/ws_moveit/install/moveit:/home/akinsantos/ws_moveit/install/moveit_planners:/home/akinsantos/ws_moveit/install/pilz_industrial_motion_planner:/home/akinsantos/ws_moveit/install/moveit_visual_tools:/home/akinsantos/ws_moveit/install/moveit_task_constructor_visualization:/home/akinsantos/ws_moveit/install/moveit_task_constructor_demo:/home/akinsantos/ws_moveit/install/moveit_task_constructor_capabilities:/home/akinsantos/ws_moveit/install/moveit_task_constructor_core:/home/akinsantos/ws_moveit/install/moveit_ros_control_interface:/home/akinsantos/ws_moveit/install/moveit_plugins:/home/akinsantos/ws_moveit/install/moveit_simple_controller_manager:/home/akinsantos/ws_moveit/install/moveit_setup_assistant:/home/akinsantos/ws_moveit/install/moveit_setup_srdf_plugins:/home/akinsantos/ws_moveit/install/moveit_setup_core_plugins:/home/akinsantos/ws_moveit/install/moveit_setup_controllers:/home/akinsantos/ws_moveit/install/moveit_setup_app_plugins:/home/akinsantos/ws_moveit/install/moveit_setup_framework:/home/akinsantos/ws_moveit/install/moveit_servo:/home/akinsantos/ws_moveit/install/moveit_ros:/home/akinsantos/ws_moveit/install/moveit_ros_visualization:/home/akinsantos/ws_moveit/install/moveit_hybrid_planning:/home/akinsantos/ws_moveit/install/moveit_ros_planning_interface:/home/akinsantos/ws_moveit/install/moveit_ros_benchmarks:/home/akinsantos/ws_moveit/install/moveit_ros_warehouse:/home/akinsantos/ws_moveit/install/moveit_ros_robot_interaction:/home/akinsantos/ws_moveit/install/moveit_ros_perception:/home/akinsantos/ws_moveit/install/moveit_resources_prbt_pg70_support:/home/akinsantos/ws_moveit/install/moveit_resources_prbt_moveit_config:/home/akinsantos/ws_moveit/install/moveit_ros_move_group:/home/akinsantos/ws_moveit/install/moveit_planners_ompl:/home/akinsantos/ws_moveit/install/moveit_ros_planning:/home/akinsantos/ws_moveit/install/moveit_ros_occupancy_map_monitor:/home/akinsantos/ws_moveit/install/moveit_resources_prbt_ikfast_manipulator_plugin:/home/akinsantos/ws_moveit/install/moveit_planners_chomp:/home/akinsantos/ws_moveit/install/moveit_kinematics:/home/akinsantos/ws_moveit/install/moveit_chomp_optimizer_adapter:/home/akinsantos/ws_moveit/install/chomp_motion_planner:/home/akinsantos/ws_moveit/install/moveit_core:/home/akinsantos/ws_moveit/install/srdfdom:/home/akinsantos/ws_moveit/install/rviz_marker_tools:/home/akinsantos/ws_moveit/install/rosparam_shortcuts:/home/akinsantos/ws_moveit/install/moveit_task_constructor_msgs:/home/akinsantos/ws_moveit/install/moveit_resources_prbt_support:/home/akinsantos/ws_moveit/install/moveit_resources:/home/akinsantos/ws_moveit/install/moveit_resources_pr2_description:/home/akinsantos/ws_moveit/install/moveit_resources_panda_moveit_config:/home/akinsantos/ws_moveit/install/moveit_resources_panda_description:/home/akinsantos/ws_moveit/install/moveit_resources_fanuc_moveit_config:/home/akinsantos/ws_moveit/install/moveit_resources_fanuc_description:/home/akinsantos/ws_moveit/install/moveit_common:/home/akinsantos/ws_moveit/install/moveit_configs_utils:/home/akinsantos/ws_moveit/install/launch_param_builder:/opt/ros/humble /usr/bin/cmake --build /home/akinsantos/minipulator_ws/build/phantomx_reactor_arm_moveit2_config -- -j8 -l8
[0.879s] DEBUG:colcon.colcon_core.event_handler.log_command:Invoking command in '/home/akinsantos/minipulator_ws/build/phantomx_reactor_arm_moveit2_config': AMENT_PREFIX_PATH=/home/akinsantos/minipulator_ws/install/phantomx_reactor_arm_description:${AMENT_PREFIX_PATH} CMAKE_PREFIX_PATH=/home/akinsantos/minipulator_ws/install/phantomx_reactor_arm_description:/home/akinsantos/ws_moveit/install/pilz_industrial_motion_planner_testutils:/home/akinsantos/ws_moveit/install/moveit_runtime:/home/akinsantos/ws_moveit/install/moveit2_tutorials:/home/akinsantos/ws_moveit/install/moveit:/home/akinsantos/ws_moveit/install/moveit_planners:/home/akinsantos/ws_moveit/install/pilz_industrial_motion_planner:/home/akinsantos/ws_moveit/install/moveit_visual_tools:/home/akinsantos/ws_moveit/install/moveit_task_constructor_visualization:/home/akinsantos/ws_moveit/install/moveit_task_constructor_demo:/home/akinsantos/ws_moveit/install/moveit_task_constructor_capabilities:/home/akinsantos/ws_moveit/install/moveit_task_constructor_core:/home/akinsantos/ws_moveit/install/moveit_ros_control_interface:/home/akinsantos/ws_moveit/install/moveit_plugins:/home/akinsantos/ws_moveit/install/moveit_simple_controller_manager:/home/akinsantos/ws_moveit/install/moveit_setup_assistant:/home/akinsantos/ws_moveit/install/moveit_setup_srdf_plugins:/home/akinsantos/ws_moveit/install/moveit_setup_core_plugins:/home/akinsantos/ws_moveit/install/moveit_setup_controllers:/home/akinsantos/ws_moveit/install/moveit_setup_app_plugins:/home/akinsantos/ws_moveit/install/moveit_setup_framework:/home/akinsantos/ws_moveit/install/moveit_servo:/home/akinsantos/ws_moveit/install/moveit_ros:/home/akinsantos/ws_moveit/install/moveit_ros_visualization:/home/akinsantos/ws_moveit/install/moveit_hybrid_planning:/home/akinsantos/ws_moveit/install/moveit_ros_planning_interface:/home/akinsantos/ws_moveit/install/moveit_ros_benchmarks:/home/akinsantos/ws_moveit/install/moveit_ros_warehouse:/home/akinsantos/ws_moveit/install/moveit_ros_robot_interaction:/home/akinsantos/ws_moveit/install/moveit_ros_perception:/home/akinsantos/ws_moveit/install/moveit_resources_prbt_pg70_support:/home/akinsantos/ws_moveit/install/moveit_resources_prbt_moveit_config:/home/akinsantos/ws_moveit/install/moveit_ros_move_group:/home/akinsantos/ws_moveit/install/moveit_planners_ompl:/home/akinsantos/ws_moveit/install/moveit_ros_planning:/home/akinsantos/ws_moveit/install/moveit_ros_occupancy_map_monitor:/home/akinsantos/ws_moveit/install/moveit_resources_prbt_ikfast_manipulator_plugin:/home/akinsantos/ws_moveit/install/moveit_planners_chomp:/home/akinsantos/ws_moveit/install/moveit_kinematics:/home/akinsantos/ws_moveit/install/moveit_chomp_optimizer_adapter:/home/akinsantos/ws_moveit/install/chomp_motion_planner:/home/akinsantos/ws_moveit/install/moveit_core:/home/akinsantos/ws_moveit/install/srdfdom:/home/akinsantos/ws_moveit/install/rviz_marker_tools:/home/akinsantos/ws_moveit/install/rosparam_shortcuts:/home/akinsantos/ws_moveit/install/moveit_task_constructor_msgs:/home/akinsantos/ws_moveit/install/moveit_resources_prbt_support:/home/akinsantos/ws_moveit/install/moveit_resources:/home/akinsantos/ws_moveit/install/moveit_resources_pr2_description:/home/akinsantos/ws_moveit/install/moveit_resources_panda_moveit_config:/home/akinsantos/ws_moveit/install/moveit_resources_panda_description:/home/akinsantos/ws_moveit/install/moveit_resources_fanuc_moveit_config:/home/akinsantos/ws_moveit/install/moveit_resources_fanuc_description:/home/akinsantos/ws_moveit/install/moveit_common:/home/akinsantos/ws_moveit/install/moveit_configs_utils:/home/akinsantos/ws_moveit/install/launch_param_builder:/opt/ros/humble /usr/bin/cmake --install /home/akinsantos/minipulator_ws/build/phantomx_reactor_arm_moveit2_config
[0.881s] Level 1:colcon.colcon_core.environment:create_environment_scripts_only(dynamixel_workbench)
[0.881s] Level 1:colcon.colcon_core.environment:checking '/home/akinsantos/minipulator_ws/install/dynamixel_workbench' for CMake module files
[0.882s] DEBUG:colcon.colcon_core.event_handler.log_command:Invoked command in '/home/akinsantos/minipulator_ws/build/dynamixel_workbench' returned '0': AMENT_PREFIX_PATH=/home/akinsantos/minipulator_ws/install/dynamixel_workbench_toolbox:${AMENT_PREFIX_PATH} CMAKE_PREFIX_PATH=/home/akinsantos/minipulator_ws/install/dynamixel_workbench_toolbox:/home/akinsantos/ws_moveit/install/pilz_industrial_motion_planner_testutils:/home/akinsantos/ws_moveit/install/moveit_runtime:/home/akinsantos/ws_moveit/install/moveit2_tutorials:/home/akinsantos/ws_moveit/install/moveit:/home/akinsantos/ws_moveit/install/moveit_planners:/home/akinsantos/ws_moveit/install/pilz_industrial_motion_planner:/home/akinsantos/ws_moveit/install/moveit_visual_tools:/home/akinsantos/ws_moveit/install/moveit_task_constructor_visualization:/home/akinsantos/ws_moveit/install/moveit_task_constructor_demo:/home/akinsantos/ws_moveit/install/moveit_task_constructor_capabilities:/home/akinsantos/ws_moveit/install/moveit_task_constructor_core:/home/akinsantos/ws_moveit/install/moveit_ros_control_interface:/home/akinsantos/ws_moveit/install/moveit_plugins:/home/akinsantos/ws_moveit/install/moveit_simple_controller_manager:/home/akinsantos/ws_moveit/install/moveit_setup_assistant:/home/akinsantos/ws_moveit/install/moveit_setup_srdf_plugins:/home/akinsantos/ws_moveit/install/moveit_setup_core_plugins:/home/akinsantos/ws_moveit/install/moveit_setup_controllers:/home/akinsantos/ws_moveit/install/moveit_setup_app_plugins:/home/akinsantos/ws_moveit/install/moveit_setup_framework:/home/akinsantos/ws_moveit/install/moveit_servo:/home/akinsantos/ws_moveit/install/moveit_ros:/home/akinsantos/ws_moveit/install/moveit_ros_visualization:/home/akinsantos/ws_moveit/install/moveit_hybrid_planning:/home/akinsantos/ws_moveit/install/moveit_ros_planning_interface:/home/akinsantos/ws_moveit/install/moveit_ros_benchmarks:/home/akinsantos/ws_moveit/install/moveit_ros_warehouse:/home/akinsantos/ws_moveit/install/moveit_ros_robot_interaction:/home/akinsantos/ws_moveit/install/moveit_ros_perception:/home/akinsantos/ws_moveit/install/moveit_resources_prbt_pg70_support:/home/akinsantos/ws_moveit/install/moveit_resources_prbt_moveit_config:/home/akinsantos/ws_moveit/install/moveit_ros_move_group:/home/akinsantos/ws_moveit/install/moveit_planners_ompl:/home/akinsantos/ws_moveit/install/moveit_ros_planning:/home/akinsantos/ws_moveit/install/moveit_ros_occupancy_map_monitor:/home/akinsantos/ws_moveit/install/moveit_resources_prbt_ikfast_manipulator_plugin:/home/akinsantos/ws_moveit/install/moveit_planners_chomp:/home/akinsantos/ws_moveit/install/moveit_kinematics:/home/akinsantos/ws_moveit/install/moveit_chomp_optimizer_adapter:/home/akinsantos/ws_moveit/install/chomp_motion_planner:/home/akinsantos/ws_moveit/install/moveit_core:/home/akinsantos/ws_moveit/install/srdfdom:/home/akinsantos/ws_moveit/install/rviz_marker_tools:/home/akinsantos/ws_moveit/install/rosparam_shortcuts:/home/akinsantos/ws_moveit/install/moveit_task_constructor_msgs:/home/akinsantos/ws_moveit/install/moveit_resources_prbt_support:/home/akinsantos/ws_moveit/install/moveit_resources:/home/akinsantos/ws_moveit/install/moveit_resources_pr2_description:/home/akinsantos/ws_moveit/install/moveit_resources_panda_moveit_config:/home/akinsantos/ws_moveit/install/moveit_resources_panda_description:/home/akinsantos/ws_moveit/install/moveit_resources_fanuc_moveit_config:/home/akinsantos/ws_moveit/install/moveit_resources_fanuc_description:/home/akinsantos/ws_moveit/install/moveit_common:/home/akinsantos/ws_moveit/install/moveit_configs_utils:/home/akinsantos/ws_moveit/install/launch_param_builder:/opt/ros/humble LD_LIBRARY_PATH=/home/akinsantos/minipulator_ws/install/dynamixel_workbench_toolbox/lib:${LD_LIBRARY_PATH} /usr/bin/cmake --install /home/akinsantos/minipulator_ws/build/dynamixel_workbench
[0.882s] Level 1:colcon.colcon_core.environment:checking '/home/akinsantos/minipulator_ws/install/dynamixel_workbench' for CMake config files
[0.882s] Level 1:colcon.colcon_core.shell:create_environment_hook('dynamixel_workbench', 'cmake_prefix_path')
[0.883s] INFO:colcon.colcon_core.shell:Creating environment hook '/home/akinsantos/minipulator_ws/install/dynamixel_workbench/share/dynamixel_workbench/hook/cmake_prefix_path.ps1'
[0.883s] INFO:colcon.colcon_core.shell:Creating environment descriptor '/home/akinsantos/minipulator_ws/install/dynamixel_workbench/share/dynamixel_workbench/hook/cmake_prefix_path.dsv'
[0.884s] INFO:colcon.colcon_core.shell:Creating environment hook '/home/akinsantos/minipulator_ws/install/dynamixel_workbench/share/dynamixel_workbench/hook/cmake_prefix_path.sh'
[0.884s] Level 1:colcon.colcon_core.environment:checking '/home/akinsantos/minipulator_ws/install/dynamixel_workbench/bin'
[0.884s] Level 1:colcon.colcon_core.environment:checking '/home/akinsantos/minipulator_ws/install/dynamixel_workbench/lib/pkgconfig/dynamixel_workbench.pc'
[0.884s] Level 1:colcon.colcon_core.environment:checking '/home/akinsantos/minipulator_ws/install/dynamixel_workbench/lib/python3.10/site-packages'
[0.885s] Level 1:colcon.colcon_core.environment:checking '/home/akinsantos/minipulator_ws/install/dynamixel_workbench/bin'
[0.885s] INFO:colcon.colcon_core.shell:Creating package script '/home/akinsantos/minipulator_ws/install/dynamixel_workbench/share/dynamixel_workbench/package.ps1'
[0.885s] INFO:colcon.colcon_core.shell:Creating package descriptor '/home/akinsantos/minipulator_ws/install/dynamixel_workbench/share/dynamixel_workbench/package.dsv'
[0.886s] INFO:colcon.colcon_core.shell:Creating package script '/home/akinsantos/minipulator_ws/install/dynamixel_workbench/share/dynamixel_workbench/package.sh'
[0.886s] INFO:colcon.colcon_core.shell:Creating package script '/home/akinsantos/minipulator_ws/install/dynamixel_workbench/share/dynamixel_workbench/package.bash'
[0.886s] INFO:colcon.colcon_core.shell:Creating package script '/home/akinsantos/minipulator_ws/install/dynamixel_workbench/share/dynamixel_workbench/package.zsh'
[0.888s] Level 1:colcon.colcon_core.environment:create_file_with_runtime_dependencies(/home/akinsantos/minipulator_ws/install/dynamixel_workbench/share/colcon-core/packages/dynamixel_workbench)
[0.888s] Level 1:colcon.colcon_core.environment:create_environment_scripts_only(dynamixel_workbench)
[0.888s] Level 1:colcon.colcon_core.environment:checking '/home/akinsantos/minipulator_ws/install/dynamixel_workbench' for CMake module files
[0.890s] Level 1:colcon.colcon_core.environment:checking '/home/akinsantos/minipulator_ws/install/dynamixel_workbench' for CMake config files
[0.893s] Level 1:colcon.colcon_core.shell:create_environment_hook('dynamixel_workbench', 'cmake_prefix_path')
[0.893s] INFO:colcon.colcon_core.shell:Creating environment hook '/home/akinsantos/minipulator_ws/install/dynamixel_workbench/share/dynamixel_workbench/hook/cmake_prefix_path.ps1'
[0.894s] INFO:colcon.colcon_core.shell:Creating environment descriptor '/home/akinsantos/minipulator_ws/install/dynamixel_workbench/share/dynamixel_workbench/hook/cmake_prefix_path.dsv'
[0.894s] INFO:colcon.colcon_core.shell:Creating environment hook '/home/akinsantos/minipulator_ws/install/dynamixel_workbench/share/dynamixel_workbench/hook/cmake_prefix_path.sh'
[0.894s] Level 1:colcon.colcon_core.environment:checking '/home/akinsantos/minipulator_ws/install/dynamixel_workbench/bin'
[0.895s] Level 1:colcon.colcon_core.environment:checking '/home/akinsantos/minipulator_ws/install/dynamixel_workbench/lib/pkgconfig/dynamixel_workbench.pc'
[0.895s] Level 1:colcon.colcon_core.environment:checking '/home/akinsantos/minipulator_ws/install/dynamixel_workbench/lib/python3.10/site-packages'
[0.895s] Level 1:colcon.colcon_core.environment:checking '/home/akinsantos/minipulator_ws/install/dynamixel_workbench/bin'
[0.895s] INFO:colcon.colcon_core.shell:Creating package script '/home/akinsantos/minipulator_ws/install/dynamixel_workbench/share/dynamixel_workbench/package.ps1'
[0.895s] INFO:colcon.colcon_core.shell:Creating package descriptor '/home/akinsantos/minipulator_ws/install/dynamixel_workbench/share/dynamixel_workbench/package.dsv'
[0.896s] INFO:colcon.colcon_core.shell:Creating package script '/home/akinsantos/minipulator_ws/install/dynamixel_workbench/share/dynamixel_workbench/package.sh'
[0.896s] INFO:colcon.colcon_core.shell:Creating package script '/home/akinsantos/minipulator_ws/install/dynamixel_workbench/share/dynamixel_workbench/package.bash'
[0.896s] INFO:colcon.colcon_core.shell:Creating package script '/home/akinsantos/minipulator_ws/install/dynamixel_workbench/share/dynamixel_workbench/package.zsh'
[0.897s] Level 1:colcon.colcon_core.environment:create_file_with_runtime_dependencies(/home/akinsantos/minipulator_ws/install/dynamixel_workbench/share/colcon-core/packages/dynamixel_workbench)
[0.897s] Level 1:colcon.colcon_core.environment:create_environment_scripts_only(phantomx_reactor_arm_moveit2_config)
[0.898s] Level 1:colcon.colcon_core.environment:checking '/home/akinsantos/minipulator_ws/install/phantomx_reactor_arm_moveit2_config' for CMake module files
[0.899s] DEBUG:colcon.colcon_core.event_handler.log_command:Invoked command in '/home/akinsantos/minipulator_ws/build/phantomx_reactor_arm_moveit2_config' returned '0': AMENT_PREFIX_PATH=/home/akinsantos/minipulator_ws/install/phantomx_reactor_arm_description:${AMENT_PREFIX_PATH} CMAKE_PREFIX_PATH=/home/akinsantos/minipulator_ws/install/phantomx_reactor_arm_description:/home/akinsantos/ws_moveit/install/pilz_industrial_motion_planner_testutils:/home/akinsantos/ws_moveit/install/moveit_runtime:/home/akinsantos/ws_moveit/install/moveit2_tutorials:/home/akinsantos/ws_moveit/install/moveit:/home/akinsantos/ws_moveit/install/moveit_planners:/home/akinsantos/ws_moveit/install/pilz_industrial_motion_planner:/home/akinsantos/ws_moveit/install/moveit_visual_tools:/home/akinsantos/ws_moveit/install/moveit_task_constructor_visualization:/home/akinsantos/ws_moveit/install/moveit_task_constructor_demo:/home/akinsantos/ws_moveit/install/moveit_task_constructor_capabilities:/home/akinsantos/ws_moveit/install/moveit_task_constructor_core:/home/akinsantos/ws_moveit/install/moveit_ros_control_interface:/home/akinsantos/ws_moveit/install/moveit_plugins:/home/akinsantos/ws_moveit/install/moveit_simple_controller_manager:/home/akinsantos/ws_moveit/install/moveit_setup_assistant:/home/akinsantos/ws_moveit/install/moveit_setup_srdf_plugins:/home/akinsantos/ws_moveit/install/moveit_setup_core_plugins:/home/akinsantos/ws_moveit/install/moveit_setup_controllers:/home/akinsantos/ws_moveit/install/moveit_setup_app_plugins:/home/akinsantos/ws_moveit/install/moveit_setup_framework:/home/akinsantos/ws_moveit/install/moveit_servo:/home/akinsantos/ws_moveit/install/moveit_ros:/home/akinsantos/ws_moveit/install/moveit_ros_visualization:/home/akinsantos/ws_moveit/install/moveit_hybrid_planning:/home/akinsantos/ws_moveit/install/moveit_ros_planning_interface:/home/akinsantos/ws_moveit/install/moveit_ros_benchmarks:/home/akinsantos/ws_moveit/install/moveit_ros_warehouse:/home/akinsantos/ws_moveit/install/moveit_ros_robot_interaction:/home/akinsantos/ws_moveit/install/moveit_ros_perception:/home/akinsantos/ws_moveit/install/moveit_resources_prbt_pg70_support:/home/akinsantos/ws_moveit/install/moveit_resources_prbt_moveit_config:/home/akinsantos/ws_moveit/install/moveit_ros_move_group:/home/akinsantos/ws_moveit/install/moveit_planners_ompl:/home/akinsantos/ws_moveit/install/moveit_ros_planning:/home/akinsantos/ws_moveit/install/moveit_ros_occupancy_map_monitor:/home/akinsantos/ws_moveit/install/moveit_resources_prbt_ikfast_manipulator_plugin:/home/akinsantos/ws_moveit/install/moveit_planners_chomp:/home/akinsantos/ws_moveit/install/moveit_kinematics:/home/akinsantos/ws_moveit/install/moveit_chomp_optimizer_adapter:/home/akinsantos/ws_moveit/install/chomp_motion_planner:/home/akinsantos/ws_moveit/install/moveit_core:/home/akinsantos/ws_moveit/install/srdfdom:/home/akinsantos/ws_moveit/install/rviz_marker_tools:/home/akinsantos/ws_moveit/install/rosparam_shortcuts:/home/akinsantos/ws_moveit/install/moveit_task_constructor_msgs:/home/akinsantos/ws_moveit/install/moveit_resources_prbt_support:/home/akinsantos/ws_moveit/install/moveit_resources:/home/akinsantos/ws_moveit/install/moveit_resources_pr2_description:/home/akinsantos/ws_moveit/install/moveit_resources_panda_moveit_config:/home/akinsantos/ws_moveit/install/moveit_resources_panda_description:/home/akinsantos/ws_moveit/install/moveit_resources_fanuc_moveit_config:/home/akinsantos/ws_moveit/install/moveit_resources_fanuc_description:/home/akinsantos/ws_moveit/install/moveit_common:/home/akinsantos/ws_moveit/install/moveit_configs_utils:/home/akinsantos/ws_moveit/install/launch_param_builder:/opt/ros/humble /usr/bin/cmake --install /home/akinsantos/minipulator_ws/build/phantomx_reactor_arm_moveit2_config
[0.899s] Level 1:colcon.colcon_core.environment:checking '/home/akinsantos/minipulator_ws/install/phantomx_reactor_arm_moveit2_config' for CMake config files
[0.899s] Level 1:colcon.colcon_core.shell:create_environment_hook('phantomx_reactor_arm_moveit2_config', 'cmake_prefix_path')
[0.899s] INFO:colcon.colcon_core.shell:Creating environment hook '/home/akinsantos/minipulator_ws/install/phantomx_reactor_arm_moveit2_config/share/phantomx_reactor_arm_moveit2_config/hook/cmake_prefix_path.ps1'
[0.900s] INFO:colcon.colcon_core.shell:Creating environment descriptor '/home/akinsantos/minipulator_ws/install/phantomx_reactor_arm_moveit2_config/share/phantomx_reactor_arm_moveit2_config/hook/cmake_prefix_path.dsv'
[0.900s] INFO:colcon.colcon_core.shell:Creating environment hook '/home/akinsantos/minipulator_ws/install/phantomx_reactor_arm_moveit2_config/share/phantomx_reactor_arm_moveit2_config/hook/cmake_prefix_path.sh'
[0.900s] Level 1:colcon.colcon_core.environment:checking '/home/akinsantos/minipulator_ws/install/phantomx_reactor_arm_moveit2_config/bin'
[0.900s] Level 1:colcon.colcon_core.environment:checking '/home/akinsantos/minipulator_ws/install/phantomx_reactor_arm_moveit2_config/lib/pkgconfig/phantomx_reactor_arm_moveit2_config.pc'
[0.900s] Level 1:colcon.colcon_core.environment:checking '/home/akinsantos/minipulator_ws/install/phantomx_reactor_arm_moveit2_config/lib/python3.10/site-packages'
[0.901s] Level 1:colcon.colcon_core.environment:checking '/home/akinsantos/minipulator_ws/install/phantomx_reactor_arm_moveit2_config/bin'
[0.901s] INFO:colcon.colcon_core.shell:Creating package script '/home/akinsantos/minipulator_ws/install/phantomx_reactor_arm_moveit2_config/share/phantomx_reactor_arm_moveit2_config/package.ps1'
[0.901s] INFO:colcon.colcon_core.shell:Creating package descriptor '/home/akinsantos/minipulator_ws/install/phantomx_reactor_arm_moveit2_config/share/phantomx_reactor_arm_moveit2_config/package.dsv'
[0.902s] INFO:colcon.colcon_core.shell:Creating package script '/home/akinsantos/minipulator_ws/install/phantomx_reactor_arm_moveit2_config/share/phantomx_reactor_arm_moveit2_config/package.sh'
[0.902s] INFO:colcon.colcon_core.shell:Creating package script '/home/akinsantos/minipulator_ws/install/phantomx_reactor_arm_moveit2_config/share/phantomx_reactor_arm_moveit2_config/package.bash'
[0.902s] INFO:colcon.colcon_core.shell:Creating package script '/home/akinsantos/minipulator_ws/install/phantomx_reactor_arm_moveit2_config/share/phantomx_reactor_arm_moveit2_config/package.zsh'
[0.903s] Level 1:colcon.colcon_core.environment:create_file_with_runtime_dependencies(/home/akinsantos/minipulator_ws/install/phantomx_reactor_arm_moveit2_config/share/colcon-core/packages/phantomx_reactor_arm_moveit2_config)
[0.903s] Level 1:colcon.colcon_core.environment:create_environment_scripts_only(phantomx_reactor_arm_moveit2_config)
[0.904s] Level 1:colcon.colcon_core.environment:checking '/home/akinsantos/minipulator_ws/install/phantomx_reactor_arm_moveit2_config' for CMake module files
[0.904s] Level 1:colcon.colcon_core.environment:checking '/home/akinsantos/minipulator_ws/install/phantomx_reactor_arm_moveit2_config' for CMake config files
[0.904s] Level 1:colcon.colcon_core.shell:create_environment_hook('phantomx_reactor_arm_moveit2_config', 'cmake_prefix_path')
[0.904s] INFO:colcon.colcon_core.shell:Creating environment hook '/home/akinsantos/minipulator_ws/install/phantomx_reactor_arm_moveit2_config/share/phantomx_reactor_arm_moveit2_config/hook/cmake_prefix_path.ps1'
[0.904s] INFO:colcon.colcon_core.shell:Creating environment descriptor '/home/akinsantos/minipulator_ws/install/phantomx_reactor_arm_moveit2_config/share/phantomx_reactor_arm_moveit2_config/hook/cmake_prefix_path.dsv'
[0.905s] INFO:colcon.colcon_core.shell:Creating environment hook '/home/akinsantos/minipulator_ws/install/phantomx_reactor_arm_moveit2_config/share/phantomx_reactor_arm_moveit2_config/hook/cmake_prefix_path.sh'
[0.905s] Level 1:colcon.colcon_core.environment:checking '/home/akinsantos/minipulator_ws/install/phantomx_reactor_arm_moveit2_config/bin'
[0.905s] Level 1:colcon.colcon_core.environment:checking '/home/akinsantos/minipulator_ws/install/phantomx_reactor_arm_moveit2_config/lib/pkgconfig/phantomx_reactor_arm_moveit2_config.pc'
[0.905s] Level 1:colcon.colcon_core.environment:checking '/home/akinsantos/minipulator_ws/install/phantomx_reactor_arm_moveit2_config/lib/python3.10/site-packages'
[0.905s] Level 1:colcon.colcon_core.environment:checking '/home/akinsantos/minipulator_ws/install/phantomx_reactor_arm_moveit2_config/bin'
[0.906s] INFO:colcon.colcon_core.shell:Creating package script '/home/akinsantos/minipulator_ws/install/phantomx_reactor_arm_moveit2_config/share/phantomx_reactor_arm_moveit2_config/package.ps1'
[0.906s] INFO:colcon.colcon_core.shell:Creating package descriptor '/home/akinsantos/minipulator_ws/install/phantomx_reactor_arm_moveit2_config/share/phantomx_reactor_arm_moveit2_config/package.dsv'
[0.906s] INFO:colcon.colcon_core.shell:Creating package script '/home/akinsantos/minipulator_ws/install/phantomx_reactor_arm_moveit2_config/share/phantomx_reactor_arm_moveit2_config/package.sh'
[0.907s] INFO:colcon.colcon_core.shell:Creating package script '/home/akinsantos/minipulator_ws/install/phantomx_reactor_arm_moveit2_config/share/phantomx_reactor_arm_moveit2_config/package.bash'
[0.907s] INFO:colcon.colcon_core.shell:Creating package script '/home/akinsantos/minipulator_ws/install/phantomx_reactor_arm_moveit2_config/share/phantomx_reactor_arm_moveit2_config/package.zsh'
[0.907s] Level 1:colcon.colcon_core.environment:create_file_with_runtime_dependencies(/home/akinsantos/minipulator_ws/install/phantomx_reactor_arm_moveit2_config/share/colcon-core/packages/phantomx_reactor_arm_moveit2_config)
[0.908s] Level 1:colcon.colcon_core.environment:create_environment_scripts_only(movevit2_test)
[0.908s] Level 1:colcon.colcon_core.environment:checking '/home/akinsantos/minipulator_ws/install/movevit2_test' for CMake module files
[0.908s] DEBUG:colcon.colcon_core.event_handler.log_command:Invoked command in '/home/akinsantos/minipulator_ws/build/movevit2_test' returned '0': AMENT_PREFIX_PATH=/home/akinsantos/minipulator_ws/install/phantomx_reactor_arm_description:${AMENT_PREFIX_PATH} CMAKE_PREFIX_PATH=/home/akinsantos/minipulator_ws/install/phantomx_reactor_arm_description:/home/akinsantos/ws_moveit/install/pilz_industrial_motion_planner_testutils:/home/akinsantos/ws_moveit/install/moveit_runtime:/home/akinsantos/ws_moveit/install/moveit2_tutorials:/home/akinsantos/ws_moveit/install/moveit:/home/akinsantos/ws_moveit/install/moveit_planners:/home/akinsantos/ws_moveit/install/pilz_industrial_motion_planner:/home/akinsantos/ws_moveit/install/moveit_visual_tools:/home/akinsantos/ws_moveit/install/moveit_task_constructor_visualization:/home/akinsantos/ws_moveit/install/moveit_task_constructor_demo:/home/akinsantos/ws_moveit/install/moveit_task_constructor_capabilities:/home/akinsantos/ws_moveit/install/moveit_task_constructor_core:/home/akinsantos/ws_moveit/install/moveit_ros_control_interface:/home/akinsantos/ws_moveit/install/moveit_plugins:/home/akinsantos/ws_moveit/install/moveit_simple_controller_manager:/home/akinsantos/ws_moveit/install/moveit_setup_assistant:/home/akinsantos/ws_moveit/install/moveit_setup_srdf_plugins:/home/akinsantos/ws_moveit/install/moveit_setup_core_plugins:/home/akinsantos/ws_moveit/install/moveit_setup_controllers:/home/akinsantos/ws_moveit/install/moveit_setup_app_plugins:/home/akinsantos/ws_moveit/install/moveit_setup_framework:/home/akinsantos/ws_moveit/install/moveit_servo:/home/akinsantos/ws_moveit/install/moveit_ros:/home/akinsantos/ws_moveit/install/moveit_ros_visualization:/home/akinsantos/ws_moveit/install/moveit_hybrid_planning:/home/akinsantos/ws_moveit/install/moveit_ros_planning_interface:/home/akinsantos/ws_moveit/install/moveit_ros_benchmarks:/home/akinsantos/ws_moveit/install/moveit_ros_warehouse:/home/akinsantos/ws_moveit/install/moveit_ros_robot_interaction:/home/akinsantos/ws_moveit/install/moveit_ros_perception:/home/akinsantos/ws_moveit/install/moveit_resources_prbt_pg70_support:/home/akinsantos/ws_moveit/install/moveit_resources_prbt_moveit_config:/home/akinsantos/ws_moveit/install/moveit_ros_move_group:/home/akinsantos/ws_moveit/install/moveit_planners_ompl:/home/akinsantos/ws_moveit/install/moveit_ros_planning:/home/akinsantos/ws_moveit/install/moveit_ros_occupancy_map_monitor:/home/akinsantos/ws_moveit/install/moveit_resources_prbt_ikfast_manipulator_plugin:/home/akinsantos/ws_moveit/install/moveit_planners_chomp:/home/akinsantos/ws_moveit/install/moveit_kinematics:/home/akinsantos/ws_moveit/install/moveit_chomp_optimizer_adapter:/home/akinsantos/ws_moveit/install/chomp_motion_planner:/home/akinsantos/ws_moveit/install/moveit_core:/home/akinsantos/ws_moveit/install/srdfdom:/home/akinsantos/ws_moveit/install/rviz_marker_tools:/home/akinsantos/ws_moveit/install/rosparam_shortcuts:/home/akinsantos/ws_moveit/install/moveit_task_constructor_msgs:/home/akinsantos/ws_moveit/install/moveit_resources_prbt_support:/home/akinsantos/ws_moveit/install/moveit_resources:/home/akinsantos/ws_moveit/install/moveit_resources_pr2_description:/home/akinsantos/ws_moveit/install/moveit_resources_panda_moveit_config:/home/akinsantos/ws_moveit/install/moveit_resources_panda_description:/home/akinsantos/ws_moveit/install/moveit_resources_fanuc_moveit_config:/home/akinsantos/ws_moveit/install/moveit_resources_fanuc_description:/home/akinsantos/ws_moveit/install/moveit_common:/home/akinsantos/ws_moveit/install/moveit_configs_utils:/home/akinsantos/ws_moveit/install/launch_param_builder:/opt/ros/humble /usr/bin/cmake --install /home/akinsantos/minipulator_ws/build/movevit2_test
[0.909s] Level 1:colcon.colcon_core.environment:checking '/home/akinsantos/minipulator_ws/install/movevit2_test' for CMake config files
[0.909s] Level 1:colcon.colcon_core.shell:create_environment_hook('movevit2_test', 'cmake_prefix_path')
[0.909s] INFO:colcon.colcon_core.shell:Creating environment hook '/home/akinsantos/minipulator_ws/install/movevit2_test/share/movevit2_test/hook/cmake_prefix_path.ps1'
[0.910s] INFO:colcon.colcon_core.shell:Creating environment descriptor '/home/akinsantos/minipulator_ws/install/movevit2_test/share/movevit2_test/hook/cmake_prefix_path.dsv'
[0.910s] INFO:colcon.colcon_core.shell:Creating environment hook '/home/akinsantos/minipulator_ws/install/movevit2_test/share/movevit2_test/hook/cmake_prefix_path.sh'
[0.911s] Level 1:colcon.colcon_core.environment:checking '/home/akinsantos/minipulator_ws/install/movevit2_test/bin'
[0.911s] Level 1:colcon.colcon_core.environment:checking '/home/akinsantos/minipulator_ws/install/movevit2_test/lib/pkgconfig/movevit2_test.pc'
[0.911s] Level 1:colcon.colcon_core.environment:checking '/home/akinsantos/minipulator_ws/install/movevit2_test/lib/python3.10/site-packages'
[0.911s] Level 1:colcon.colcon_core.environment:checking '/home/akinsantos/minipulator_ws/install/movevit2_test/bin'
[0.911s] INFO:colcon.colcon_core.shell:Creating package script '/home/akinsantos/minipulator_ws/install/movevit2_test/share/movevit2_test/package.ps1'
[0.912s] INFO:colcon.colcon_core.shell:Creating package descriptor '/home/akinsantos/minipulator_ws/install/movevit2_test/share/movevit2_test/package.dsv'
[0.912s] INFO:colcon.colcon_core.shell:Creating package script '/home/akinsantos/minipulator_ws/install/movevit2_test/share/movevit2_test/package.sh'
[0.912s] INFO:colcon.colcon_core.shell:Creating package script '/home/akinsantos/minipulator_ws/install/movevit2_test/share/movevit2_test/package.bash'
[0.912s] INFO:colcon.colcon_core.shell:Creating package script '/home/akinsantos/minipulator_ws/install/movevit2_test/share/movevit2_test/package.zsh'
[0.913s] Level 1:colcon.colcon_core.environment:create_file_with_runtime_dependencies(/home/akinsantos/minipulator_ws/install/movevit2_test/share/colcon-core/packages/movevit2_test)
[0.913s] Level 1:colcon.colcon_core.environment:create_environment_scripts_only(movevit2_test)
[0.913s] Level 1:colcon.colcon_core.environment:checking '/home/akinsantos/minipulator_ws/install/movevit2_test' for CMake module files
[0.914s] Level 1:colcon.colcon_core.environment:checking '/home/akinsantos/minipulator_ws/install/movevit2_test' for CMake config files
[0.914s] Level 1:colcon.colcon_core.shell:create_environment_hook('movevit2_test', 'cmake_prefix_path')
[0.914s] INFO:colcon.colcon_core.shell:Creating environment hook '/home/akinsantos/minipulator_ws/install/movevit2_test/share/movevit2_test/hook/cmake_prefix_path.ps1'
[0.914s] INFO:colcon.colcon_core.shell:Creating environment descriptor '/home/akinsantos/minipulator_ws/install/movevit2_test/share/movevit2_test/hook/cmake_prefix_path.dsv'
[0.914s] INFO:colcon.colcon_core.shell:Creating environment hook '/home/akinsantos/minipulator_ws/install/movevit2_test/share/movevit2_test/hook/cmake_prefix_path.sh'
[0.915s] Level 1:colcon.colcon_core.environment:checking '/home/akinsantos/minipulator_ws/install/movevit2_test/bin'
[0.915s] Level 1:colcon.colcon_core.environment:checking '/home/akinsantos/minipulator_ws/install/movevit2_test/lib/pkgconfig/movevit2_test.pc'
[0.915s] Level 1:colcon.colcon_core.environment:checking '/home/akinsantos/minipulator_ws/install/movevit2_test/lib/python3.10/site-packages'
[0.915s] Level 1:colcon.colcon_core.environment:checking '/home/akinsantos/minipulator_ws/install/movevit2_test/bin'
[0.915s] INFO:colcon.colcon_core.shell:Creating package script '/home/akinsantos/minipulator_ws/install/movevit2_test/share/movevit2_test/package.ps1'
[0.916s] INFO:colcon.colcon_core.shell:Creating package descriptor '/home/akinsantos/minipulator_ws/install/movevit2_test/share/movevit2_test/package.dsv'
[0.916s] INFO:colcon.colcon_core.shell:Creating package script '/home/akinsantos/minipulator_ws/install/movevit2_test/share/movevit2_test/package.sh'
[0.916s] INFO:colcon.colcon_core.shell:Creating package script '/home/akinsantos/minipulator_ws/install/movevit2_test/share/movevit2_test/package.bash'
[0.917s] INFO:colcon.colcon_core.shell:Creating package script '/home/akinsantos/minipulator_ws/install/movevit2_test/share/movevit2_test/package.zsh'
[0.917s] Level 1:colcon.colcon_core.environment:create_file_with_runtime_dependencies(/home/akinsantos/minipulator_ws/install/movevit2_test/share/colcon-core/packages/movevit2_test)
[0.918s] DEBUG:colcon.colcon_core.event_handler.log_command:Invoked command in '/home/akinsantos/minipulator_ws/build/dynamixel_hardware' returned '0': AMENT_PREFIX_PATH=/home/akinsantos/minipulator_ws/install/dynamixel_workbench_toolbox:${AMENT_PREFIX_PATH} CMAKE_PREFIX_PATH=/home/akinsantos/minipulator_ws/install/dynamixel_workbench_toolbox:/home/akinsantos/ws_moveit/install/pilz_industrial_motion_planner_testutils:/home/akinsantos/ws_moveit/install/moveit_runtime:/home/akinsantos/ws_moveit/install/moveit2_tutorials:/home/akinsantos/ws_moveit/install/moveit:/home/akinsantos/ws_moveit/install/moveit_planners:/home/akinsantos/ws_moveit/install/pilz_industrial_motion_planner:/home/akinsantos/ws_moveit/install/moveit_visual_tools:/home/akinsantos/ws_moveit/install/moveit_task_constructor_visualization:/home/akinsantos/ws_moveit/install/moveit_task_constructor_demo:/home/akinsantos/ws_moveit/install/moveit_task_constructor_capabilities:/home/akinsantos/ws_moveit/install/moveit_task_constructor_core:/home/akinsantos/ws_moveit/install/moveit_ros_control_interface:/home/akinsantos/ws_moveit/install/moveit_plugins:/home/akinsantos/ws_moveit/install/moveit_simple_controller_manager:/home/akinsantos/ws_moveit/install/moveit_setup_assistant:/home/akinsantos/ws_moveit/install/moveit_setup_srdf_plugins:/home/akinsantos/ws_moveit/install/moveit_setup_core_plugins:/home/akinsantos/ws_moveit/install/moveit_setup_controllers:/home/akinsantos/ws_moveit/install/moveit_setup_app_plugins:/home/akinsantos/ws_moveit/install/moveit_setup_framework:/home/akinsantos/ws_moveit/install/moveit_servo:/home/akinsantos/ws_moveit/install/moveit_ros:/home/akinsantos/ws_moveit/install/moveit_ros_visualization:/home/akinsantos/ws_moveit/install/moveit_hybrid_planning:/home/akinsantos/ws_moveit/install/moveit_ros_planning_interface:/home/akinsantos/ws_moveit/install/moveit_ros_benchmarks:/home/akinsantos/ws_moveit/install/moveit_ros_warehouse:/home/akinsantos/ws_moveit/install/moveit_ros_robot_interaction:/home/akinsantos/ws_moveit/install/moveit_ros_perception:/home/akinsantos/ws_moveit/install/moveit_resources_prbt_pg70_support:/home/akinsantos/ws_moveit/install/moveit_resources_prbt_moveit_config:/home/akinsantos/ws_moveit/install/moveit_ros_move_group:/home/akinsantos/ws_moveit/install/moveit_planners_ompl:/home/akinsantos/ws_moveit/install/moveit_ros_planning:/home/akinsantos/ws_moveit/install/moveit_ros_occupancy_map_monitor:/home/akinsantos/ws_moveit/install/moveit_resources_prbt_ikfast_manipulator_plugin:/home/akinsantos/ws_moveit/install/moveit_planners_chomp:/home/akinsantos/ws_moveit/install/moveit_kinematics:/home/akinsantos/ws_moveit/install/moveit_chomp_optimizer_adapter:/home/akinsantos/ws_moveit/install/chomp_motion_planner:/home/akinsantos/ws_moveit/install/moveit_core:/home/akinsantos/ws_moveit/install/srdfdom:/home/akinsantos/ws_moveit/install/rviz_marker_tools:/home/akinsantos/ws_moveit/install/rosparam_shortcuts:/home/akinsantos/ws_moveit/install/moveit_task_constructor_msgs:/home/akinsantos/ws_moveit/install/moveit_resources_prbt_support:/home/akinsantos/ws_moveit/install/moveit_resources:/home/akinsantos/ws_moveit/install/moveit_resources_pr2_description:/home/akinsantos/ws_moveit/install/moveit_resources_panda_moveit_config:/home/akinsantos/ws_moveit/install/moveit_resources_panda_description:/home/akinsantos/ws_moveit/install/moveit_resources_fanuc_moveit_config:/home/akinsantos/ws_moveit/install/moveit_resources_fanuc_description:/home/akinsantos/ws_moveit/install/moveit_common:/home/akinsantos/ws_moveit/install/moveit_configs_utils:/home/akinsantos/ws_moveit/install/launch_param_builder:/opt/ros/humble LD_LIBRARY_PATH=/home/akinsantos/minipulator_ws/install/dynamixel_workbench_toolbox/lib:${LD_LIBRARY_PATH} /usr/bin/cmake --build /home/akinsantos/minipulator_ws/build/dynamixel_hardware -- -j8 -l8
[0.920s] DEBUG:colcon.colcon_core.event_handler.log_command:Invoking command in '/home/akinsantos/minipulator_ws/build/dynamixel_hardware': AMENT_PREFIX_PATH=/home/akinsantos/minipulator_ws/install/dynamixel_workbench_toolbox:${AMENT_PREFIX_PATH} CMAKE_PREFIX_PATH=/home/akinsantos/minipulator_ws/install/dynamixel_workbench_toolbox:/home/akinsantos/ws_moveit/install/pilz_industrial_motion_planner_testutils:/home/akinsantos/ws_moveit/install/moveit_runtime:/home/akinsantos/ws_moveit/install/moveit2_tutorials:/home/akinsantos/ws_moveit/install/moveit:/home/akinsantos/ws_moveit/install/moveit_planners:/home/akinsantos/ws_moveit/install/pilz_industrial_motion_planner:/home/akinsantos/ws_moveit/install/moveit_visual_tools:/home/akinsantos/ws_moveit/install/moveit_task_constructor_visualization:/home/akinsantos/ws_moveit/install/moveit_task_constructor_demo:/home/akinsantos/ws_moveit/install/moveit_task_constructor_capabilities:/home/akinsantos/ws_moveit/install/moveit_task_constructor_core:/home/akinsantos/ws_moveit/install/moveit_ros_control_interface:/home/akinsantos/ws_moveit/install/moveit_plugins:/home/akinsantos/ws_moveit/install/moveit_simple_controller_manager:/home/akinsantos/ws_moveit/install/moveit_setup_assistant:/home/akinsantos/ws_moveit/install/moveit_setup_srdf_plugins:/home/akinsantos/ws_moveit/install/moveit_setup_core_plugins:/home/akinsantos/ws_moveit/install/moveit_setup_controllers:/home/akinsantos/ws_moveit/install/moveit_setup_app_plugins:/home/akinsantos/ws_moveit/install/moveit_setup_framework:/home/akinsantos/ws_moveit/install/moveit_servo:/home/akinsantos/ws_moveit/install/moveit_ros:/home/akinsantos/ws_moveit/install/moveit_ros_visualization:/home/akinsantos/ws_moveit/install/moveit_hybrid_planning:/home/akinsantos/ws_moveit/install/moveit_ros_planning_interface:/home/akinsantos/ws_moveit/install/moveit_ros_benchmarks:/home/akinsantos/ws_moveit/install/moveit_ros_warehouse:/home/akinsantos/ws_moveit/install/moveit_ros_robot_interaction:/home/akinsantos/ws_moveit/install/moveit_ros_perception:/home/akinsantos/ws_moveit/install/moveit_resources_prbt_pg70_support:/home/akinsantos/ws_moveit/install/moveit_resources_prbt_moveit_config:/home/akinsantos/ws_moveit/install/moveit_ros_move_group:/home/akinsantos/ws_moveit/install/moveit_planners_ompl:/home/akinsantos/ws_moveit/install/moveit_ros_planning:/home/akinsantos/ws_moveit/install/moveit_ros_occupancy_map_monitor:/home/akinsantos/ws_moveit/install/moveit_resources_prbt_ikfast_manipulator_plugin:/home/akinsantos/ws_moveit/install/moveit_planners_chomp:/home/akinsantos/ws_moveit/install/moveit_kinematics:/home/akinsantos/ws_moveit/install/moveit_chomp_optimizer_adapter:/home/akinsantos/ws_moveit/install/chomp_motion_planner:/home/akinsantos/ws_moveit/install/moveit_core:/home/akinsantos/ws_moveit/install/srdfdom:/home/akinsantos/ws_moveit/install/rviz_marker_tools:/home/akinsantos/ws_moveit/install/rosparam_shortcuts:/home/akinsantos/ws_moveit/install/moveit_task_constructor_msgs:/home/akinsantos/ws_moveit/install/moveit_resources_prbt_support:/home/akinsantos/ws_moveit/install/moveit_resources:/home/akinsantos/ws_moveit/install/moveit_resources_pr2_description:/home/akinsantos/ws_moveit/install/moveit_resources_panda_moveit_config:/home/akinsantos/ws_moveit/install/moveit_resources_panda_description:/home/akinsantos/ws_moveit/install/moveit_resources_fanuc_moveit_config:/home/akinsantos/ws_moveit/install/moveit_resources_fanuc_description:/home/akinsantos/ws_moveit/install/moveit_common:/home/akinsantos/ws_moveit/install/moveit_configs_utils:/home/akinsantos/ws_moveit/install/launch_param_builder:/opt/ros/humble LD_LIBRARY_PATH=/home/akinsantos/minipulator_ws/install/dynamixel_workbench_toolbox/lib:${LD_LIBRARY_PATH} /usr/bin/cmake --install /home/akinsantos/minipulator_ws/build/dynamixel_hardware
[0.942s] Level 1:colcon.colcon_core.environment:create_environment_scripts_only(dynamixel_hardware)
[0.942s] Level 1:colcon.colcon_core.environment:checking '/home/akinsantos/minipulator_ws/install/dynamixel_hardware' for CMake module files
[0.943s] DEBUG:colcon.colcon_core.event_handler.log_command:Invoked command in '/home/akinsantos/minipulator_ws/build/dynamixel_hardware' returned '0': AMENT_PREFIX_PATH=/home/akinsantos/minipulator_ws/install/dynamixel_workbench_toolbox:${AMENT_PREFIX_PATH} CMAKE_PREFIX_PATH=/home/akinsantos/minipulator_ws/install/dynamixel_workbench_toolbox:/home/akinsantos/ws_moveit/install/pilz_industrial_motion_planner_testutils:/home/akinsantos/ws_moveit/install/moveit_runtime:/home/akinsantos/ws_moveit/install/moveit2_tutorials:/home/akinsantos/ws_moveit/install/moveit:/home/akinsantos/ws_moveit/install/moveit_planners:/home/akinsantos/ws_moveit/install/pilz_industrial_motion_planner:/home/akinsantos/ws_moveit/install/moveit_visual_tools:/home/akinsantos/ws_moveit/install/moveit_task_constructor_visualization:/home/akinsantos/ws_moveit/install/moveit_task_constructor_demo:/home/akinsantos/ws_moveit/install/moveit_task_constructor_capabilities:/home/akinsantos/ws_moveit/install/moveit_task_constructor_core:/home/akinsantos/ws_moveit/install/moveit_ros_control_interface:/home/akinsantos/ws_moveit/install/moveit_plugins:/home/akinsantos/ws_moveit/install/moveit_simple_controller_manager:/home/akinsantos/ws_moveit/install/moveit_setup_assistant:/home/akinsantos/ws_moveit/install/moveit_setup_srdf_plugins:/home/akinsantos/ws_moveit/install/moveit_setup_core_plugins:/home/akinsantos/ws_moveit/install/moveit_setup_controllers:/home/akinsantos/ws_moveit/install/moveit_setup_app_plugins:/home/akinsantos/ws_moveit/install/moveit_setup_framework:/home/akinsantos/ws_moveit/install/moveit_servo:/home/akinsantos/ws_moveit/install/moveit_ros:/home/akinsantos/ws_moveit/install/moveit_ros_visualization:/home/akinsantos/ws_moveit/install/moveit_hybrid_planning:/home/akinsantos/ws_moveit/install/moveit_ros_planning_interface:/home/akinsantos/ws_moveit/install/moveit_ros_benchmarks:/home/akinsantos/ws_moveit/install/moveit_ros_warehouse:/home/akinsantos/ws_moveit/install/moveit_ros_robot_interaction:/home/akinsantos/ws_moveit/install/moveit_ros_perception:/home/akinsantos/ws_moveit/install/moveit_resources_prbt_pg70_support:/home/akinsantos/ws_moveit/install/moveit_resources_prbt_moveit_config:/home/akinsantos/ws_moveit/install/moveit_ros_move_group:/home/akinsantos/ws_moveit/install/moveit_planners_ompl:/home/akinsantos/ws_moveit/install/moveit_ros_planning:/home/akinsantos/ws_moveit/install/moveit_ros_occupancy_map_monitor:/home/akinsantos/ws_moveit/install/moveit_resources_prbt_ikfast_manipulator_plugin:/home/akinsantos/ws_moveit/install/moveit_planners_chomp:/home/akinsantos/ws_moveit/install/moveit_kinematics:/home/akinsantos/ws_moveit/install/moveit_chomp_optimizer_adapter:/home/akinsantos/ws_moveit/install/chomp_motion_planner:/home/akinsantos/ws_moveit/install/moveit_core:/home/akinsantos/ws_moveit/install/srdfdom:/home/akinsantos/ws_moveit/install/rviz_marker_tools:/home/akinsantos/ws_moveit/install/rosparam_shortcuts:/home/akinsantos/ws_moveit/install/moveit_task_constructor_msgs:/home/akinsantos/ws_moveit/install/moveit_resources_prbt_support:/home/akinsantos/ws_moveit/install/moveit_resources:/home/akinsantos/ws_moveit/install/moveit_resources_pr2_description:/home/akinsantos/ws_moveit/install/moveit_resources_panda_moveit_config:/home/akinsantos/ws_moveit/install/moveit_resources_panda_description:/home/akinsantos/ws_moveit/install/moveit_resources_fanuc_moveit_config:/home/akinsantos/ws_moveit/install/moveit_resources_fanuc_description:/home/akinsantos/ws_moveit/install/moveit_common:/home/akinsantos/ws_moveit/install/moveit_configs_utils:/home/akinsantos/ws_moveit/install/launch_param_builder:/opt/ros/humble LD_LIBRARY_PATH=/home/akinsantos/minipulator_ws/install/dynamixel_workbench_toolbox/lib:${LD_LIBRARY_PATH} /usr/bin/cmake --install /home/akinsantos/minipulator_ws/build/dynamixel_hardware
[0.943s] Level 1:colcon.colcon_core.environment:checking '/home/akinsantos/minipulator_ws/install/dynamixel_hardware' for CMake config files
[0.943s] Level 1:colcon.colcon_core.shell:create_environment_hook('dynamixel_hardware', 'cmake_prefix_path')
[0.943s] INFO:colcon.colcon_core.shell:Creating environment hook '/home/akinsantos/minipulator_ws/install/dynamixel_hardware/share/dynamixel_hardware/hook/cmake_prefix_path.ps1'
[0.944s] INFO:colcon.colcon_core.shell:Creating environment descriptor '/home/akinsantos/minipulator_ws/install/dynamixel_hardware/share/dynamixel_hardware/hook/cmake_prefix_path.dsv'
[0.944s] INFO:colcon.colcon_core.shell:Creating environment hook '/home/akinsantos/minipulator_ws/install/dynamixel_hardware/share/dynamixel_hardware/hook/cmake_prefix_path.sh'
[0.944s] Level 1:colcon.colcon_core.environment:checking '/home/akinsantos/minipulator_ws/install/dynamixel_hardware/lib'
[0.945s] Level 1:colcon.colcon_core.shell:create_environment_hook('dynamixel_hardware', 'ld_library_path_lib')
[0.945s] INFO:colcon.colcon_core.shell:Creating environment hook '/home/akinsantos/minipulator_ws/install/dynamixel_hardware/share/dynamixel_hardware/hook/ld_library_path_lib.ps1'
[0.945s] INFO:colcon.colcon_core.shell:Creating environment descriptor '/home/akinsantos/minipulator_ws/install/dynamixel_hardware/share/dynamixel_hardware/hook/ld_library_path_lib.dsv'
[0.945s] INFO:colcon.colcon_core.shell:Creating environment hook '/home/akinsantos/minipulator_ws/install/dynamixel_hardware/share/dynamixel_hardware/hook/ld_library_path_lib.sh'
[0.947s] Level 1:colcon.colcon_core.environment:checking '/home/akinsantos/minipulator_ws/install/dynamixel_hardware/bin'
[0.948s] Level 1:colcon.colcon_core.environment:checking '/home/akinsantos/minipulator_ws/install/dynamixel_hardware/lib/pkgconfig/dynamixel_hardware.pc'
[0.948s] Level 1:colcon.colcon_core.environment:checking '/home/akinsantos/minipulator_ws/install/dynamixel_hardware/lib/python3.10/site-packages'
[0.948s] Level 1:colcon.colcon_core.environment:checking '/home/akinsantos/minipulator_ws/install/dynamixel_hardware/bin'
[0.948s] INFO:colcon.colcon_core.shell:Creating package script '/home/akinsantos/minipulator_ws/install/dynamixel_hardware/share/dynamixel_hardware/package.ps1'
[0.949s] INFO:colcon.colcon_core.shell:Creating package descriptor '/home/akinsantos/minipulator_ws/install/dynamixel_hardware/share/dynamixel_hardware/package.dsv'
[0.949s] INFO:colcon.colcon_core.shell:Creating package script '/home/akinsantos/minipulator_ws/install/dynamixel_hardware/share/dynamixel_hardware/package.sh'
[0.949s] INFO:colcon.colcon_core.shell:Creating package script '/home/akinsantos/minipulator_ws/install/dynamixel_hardware/share/dynamixel_hardware/package.bash'
[0.949s] INFO:colcon.colcon_core.shell:Creating package script '/home/akinsantos/minipulator_ws/install/dynamixel_hardware/share/dynamixel_hardware/package.zsh'
[0.950s] Level 1:colcon.colcon_core.environment:create_file_with_runtime_dependencies(/home/akinsantos/minipulator_ws/install/dynamixel_hardware/share/colcon-core/packages/dynamixel_hardware)
[0.952s] Level 1:colcon.colcon_core.environment:create_environment_scripts_only(dynamixel_hardware)
[0.952s] Level 1:colcon.colcon_core.environment:checking '/home/akinsantos/minipulator_ws/install/dynamixel_hardware' for CMake module files
[0.952s] Level 1:colcon.colcon_core.environment:checking '/home/akinsantos/minipulator_ws/install/dynamixel_hardware' for CMake config files
[0.952s] Level 1:colcon.colcon_core.shell:create_environment_hook('dynamixel_hardware', 'cmake_prefix_path')
[0.953s] INFO:colcon.colcon_core.shell:Creating environment hook '/home/akinsantos/minipulator_ws/install/dynamixel_hardware/share/dynamixel_hardware/hook/cmake_prefix_path.ps1'
[0.953s] INFO:colcon.colcon_core.shell:Creating environment descriptor '/home/akinsantos/minipulator_ws/install/dynamixel_hardware/share/dynamixel_hardware/hook/cmake_prefix_path.dsv'
[0.953s] INFO:colcon.colcon_core.shell:Creating environment hook '/home/akinsantos/minipulator_ws/install/dynamixel_hardware/share/dynamixel_hardware/hook/cmake_prefix_path.sh'
[0.954s] Level 1:colcon.colcon_core.environment:checking '/home/akinsantos/minipulator_ws/install/dynamixel_hardware/lib'
[0.954s] Level 1:colcon.colcon_core.shell:create_environment_hook('dynamixel_hardware', 'ld_library_path_lib')
[0.954s] INFO:colcon.colcon_core.shell:Creating environment hook '/home/akinsantos/minipulator_ws/install/dynamixel_hardware/share/dynamixel_hardware/hook/ld_library_path_lib.ps1'
[0.954s] INFO:colcon.colcon_core.shell:Creating environment descriptor '/home/akinsantos/minipulator_ws/install/dynamixel_hardware/share/dynamixel_hardware/hook/ld_library_path_lib.dsv'
[0.954s] INFO:colcon.colcon_core.shell:Creating environment hook '/home/akinsantos/minipulator_ws/install/dynamixel_hardware/share/dynamixel_hardware/hook/ld_library_path_lib.sh'
[0.955s] Level 1:colcon.colcon_core.environment:checking '/home/akinsantos/minipulator_ws/install/dynamixel_hardware/bin'
[0.955s] Level 1:colcon.colcon_core.environment:checking '/home/akinsantos/minipulator_ws/install/dynamixel_hardware/lib/pkgconfig/dynamixel_hardware.pc'
[0.955s] Level 1:colcon.colcon_core.environment:checking '/home/akinsantos/minipulator_ws/install/dynamixel_hardware/lib/python3.10/site-packages'
[0.955s] Level 1:colcon.colcon_core.environment:checking '/home/akinsantos/minipulator_ws/install/dynamixel_hardware/bin'
[0.955s] INFO:colcon.colcon_core.shell:Creating package script '/home/akinsantos/minipulator_ws/install/dynamixel_hardware/share/dynamixel_hardware/package.ps1'
[0.958s] INFO:colcon.colcon_core.shell:Creating package descriptor '/home/akinsantos/minipulator_ws/install/dynamixel_hardware/share/dynamixel_hardware/package.dsv'
[0.958s] INFO:colcon.colcon_core.shell:Creating package script '/home/akinsantos/minipulator_ws/install/dynamixel_hardware/share/dynamixel_hardware/package.sh'
[0.959s] INFO:colcon.colcon_core.shell:Creating package script '/home/akinsantos/minipulator_ws/install/dynamixel_hardware/share/dynamixel_hardware/package.bash'
[0.959s] INFO:colcon.colcon_core.shell:Creating package script '/home/akinsantos/minipulator_ws/install/dynamixel_hardware/share/dynamixel_hardware/package.zsh'
[0.959s] Level 1:colcon.colcon_core.environment:create_file_with_runtime_dependencies(/home/akinsantos/minipulator_ws/install/dynamixel_hardware/share/colcon-core/packages/dynamixel_hardware)
[1.009s] DEBUG:colcon.colcon_core.event_handler.log_command:Invoked command in '/home/akinsantos/minipulator_ws/build/dynamixel_workbench_msgs' returned '0': CMAKE_PREFIX_PATH=${CMAKE_PREFIX_PATH}:/home/akinsantos/ws_moveit/install/moveit_configs_utils:/home/akinsantos/ws_moveit/install/launch_param_builder:/opt/ros/humble /usr/bin/cmake --build /home/akinsantos/minipulator_ws/build/dynamixel_workbench_msgs -- -j8 -l8
[1.011s] DEBUG:colcon.colcon_core.event_handler.log_command:Invoking command in '/home/akinsantos/minipulator_ws/build/dynamixel_workbench_msgs': CMAKE_PREFIX_PATH=${CMAKE_PREFIX_PATH}:/home/akinsantos/ws_moveit/install/moveit_configs_utils:/home/akinsantos/ws_moveit/install/launch_param_builder:/opt/ros/humble /usr/bin/cmake --install /home/akinsantos/minipulator_ws/build/dynamixel_workbench_msgs
[1.087s] Level 1:colcon.colcon_core.environment:create_environment_scripts_only(dynamixel_workbench_msgs)
[1.087s] Level 1:colcon.colcon_core.environment:checking '/home/akinsantos/minipulator_ws/install/dynamixel_workbench_msgs' for CMake module files
[1.087s] DEBUG:colcon.colcon_core.event_handler.log_command:Invoked command in '/home/akinsantos/minipulator_ws/build/dynamixel_workbench_msgs' returned '0': CMAKE_PREFIX_PATH=${CMAKE_PREFIX_PATH}:/home/akinsantos/ws_moveit/install/moveit_configs_utils:/home/akinsantos/ws_moveit/install/launch_param_builder:/opt/ros/humble /usr/bin/cmake --install /home/akinsantos/minipulator_ws/build/dynamixel_workbench_msgs
[1.088s] Level 1:colcon.colcon_core.environment:checking '/home/akinsantos/minipulator_ws/install/dynamixel_workbench_msgs' for CMake config files
[1.090s] Level 1:colcon.colcon_core.shell:create_environment_hook('dynamixel_workbench_msgs', 'cmake_prefix_path')
[1.091s] INFO:colcon.colcon_core.shell:Creating environment hook '/home/akinsantos/minipulator_ws/install/dynamixel_workbench_msgs/share/dynamixel_workbench_msgs/hook/cmake_prefix_path.ps1'
[1.091s] INFO:colcon.colcon_core.shell:Creating environment descriptor '/home/akinsantos/minipulator_ws/install/dynamixel_workbench_msgs/share/dynamixel_workbench_msgs/hook/cmake_prefix_path.dsv'
[1.091s] INFO:colcon.colcon_core.shell:Creating environment hook '/home/akinsantos/minipulator_ws/install/dynamixel_workbench_msgs/share/dynamixel_workbench_msgs/hook/cmake_prefix_path.sh'
[1.092s] Level 1:colcon.colcon_core.environment:checking '/home/akinsantos/minipulator_ws/install/dynamixel_workbench_msgs/lib'
[1.092s] Level 1:colcon.colcon_core.shell:create_environment_hook('dynamixel_workbench_msgs', 'ld_library_path_lib')
[1.092s] INFO:colcon.colcon_core.shell:Creating environment hook '/home/akinsantos/minipulator_ws/install/dynamixel_workbench_msgs/share/dynamixel_workbench_msgs/hook/ld_library_path_lib.ps1'
[1.092s] INFO:colcon.colcon_core.shell:Creating environment descriptor '/home/akinsantos/minipulator_ws/install/dynamixel_workbench_msgs/share/dynamixel_workbench_msgs/hook/ld_library_path_lib.dsv'
[1.093s] INFO:colcon.colcon_core.shell:Creating environment hook '/home/akinsantos/minipulator_ws/install/dynamixel_workbench_msgs/share/dynamixel_workbench_msgs/hook/ld_library_path_lib.sh'
[1.093s] Level 1:colcon.colcon_core.environment:checking '/home/akinsantos/minipulator_ws/install/dynamixel_workbench_msgs/bin'
[1.093s] Level 1:colcon.colcon_core.environment:checking '/home/akinsantos/minipulator_ws/install/dynamixel_workbench_msgs/lib/pkgconfig/dynamixel_workbench_msgs.pc'
[1.093s] Level 1:colcon.colcon_core.environment:checking '/home/akinsantos/minipulator_ws/install/dynamixel_workbench_msgs/lib/python3.10/site-packages'
[1.093s] Level 1:colcon.colcon_core.environment:checking '/home/akinsantos/minipulator_ws/install/dynamixel_workbench_msgs/bin'
[1.093s] INFO:colcon.colcon_core.shell:Creating package script '/home/akinsantos/minipulator_ws/install/dynamixel_workbench_msgs/share/dynamixel_workbench_msgs/package.ps1'
[1.094s] INFO:colcon.colcon_core.shell:Creating package descriptor '/home/akinsantos/minipulator_ws/install/dynamixel_workbench_msgs/share/dynamixel_workbench_msgs/package.dsv'
[1.094s] INFO:colcon.colcon_core.shell:Creating package script '/home/akinsantos/minipulator_ws/install/dynamixel_workbench_msgs/share/dynamixel_workbench_msgs/package.sh'
[1.094s] INFO:colcon.colcon_core.shell:Creating package script '/home/akinsantos/minipulator_ws/install/dynamixel_workbench_msgs/share/dynamixel_workbench_msgs/package.bash'
[1.095s] INFO:colcon.colcon_core.shell:Creating package script '/home/akinsantos/minipulator_ws/install/dynamixel_workbench_msgs/share/dynamixel_workbench_msgs/package.zsh'
[1.095s] Level 1:colcon.colcon_core.environment:create_file_with_runtime_dependencies(/home/akinsantos/minipulator_ws/install/dynamixel_workbench_msgs/share/colcon-core/packages/dynamixel_workbench_msgs)
[1.095s] Level 1:colcon.colcon_core.environment:create_environment_scripts_only(dynamixel_workbench_msgs)
[1.095s] Level 1:colcon.colcon_core.environment:checking '/home/akinsantos/minipulator_ws/install/dynamixel_workbench_msgs' for CMake module files
[1.096s] Level 1:colcon.colcon_core.environment:checking '/home/akinsantos/minipulator_ws/install/dynamixel_workbench_msgs' for CMake config files
[1.096s] Level 1:colcon.colcon_core.shell:create_environment_hook('dynamixel_workbench_msgs', 'cmake_prefix_path')
[1.097s] INFO:colcon.colcon_core.shell:Creating environment hook '/home/akinsantos/minipulator_ws/install/dynamixel_workbench_msgs/share/dynamixel_workbench_msgs/hook/cmake_prefix_path.ps1'
[1.097s] INFO:colcon.colcon_core.shell:Creating environment descriptor '/home/akinsantos/minipulator_ws/install/dynamixel_workbench_msgs/share/dynamixel_workbench_msgs/hook/cmake_prefix_path.dsv'
[1.097s] INFO:colcon.colcon_core.shell:Creating environment hook '/home/akinsantos/minipulator_ws/install/dynamixel_workbench_msgs/share/dynamixel_workbench_msgs/hook/cmake_prefix_path.sh'
[1.098s] Level 1:colcon.colcon_core.environment:checking '/home/akinsantos/minipulator_ws/install/dynamixel_workbench_msgs/lib'
[1.098s] Level 1:colcon.colcon_core.shell:create_environment_hook('dynamixel_workbench_msgs', 'ld_library_path_lib')
[1.098s] INFO:colcon.colcon_core.shell:Creating environment hook '/home/akinsantos/minipulator_ws/install/dynamixel_workbench_msgs/share/dynamixel_workbench_msgs/hook/ld_library_path_lib.ps1'
[1.098s] INFO:colcon.colcon_core.shell:Creating environment descriptor '/home/akinsantos/minipulator_ws/install/dynamixel_workbench_msgs/share/dynamixel_workbench_msgs/hook/ld_library_path_lib.dsv'
[1.098s] INFO:colcon.colcon_core.shell:Creating environment hook '/home/akinsantos/minipulator_ws/install/dynamixel_workbench_msgs/share/dynamixel_workbench_msgs/hook/ld_library_path_lib.sh'
[1.099s] Level 1:colcon.colcon_core.environment:checking '/home/akinsantos/minipulator_ws/install/dynamixel_workbench_msgs/bin'
[1.099s] Level 1:colcon.colcon_core.environment:checking '/home/akinsantos/minipulator_ws/install/dynamixel_workbench_msgs/lib/pkgconfig/dynamixel_workbench_msgs.pc'
[1.099s] Level 1:colcon.colcon_core.environment:checking '/home/akinsantos/minipulator_ws/install/dynamixel_workbench_msgs/lib/python3.10/site-packages'
[1.099s] Level 1:colcon.colcon_core.environment:checking '/home/akinsantos/minipulator_ws/install/dynamixel_workbench_msgs/bin'
[1.099s] INFO:colcon.colcon_core.shell:Creating package script '/home/akinsantos/minipulator_ws/install/dynamixel_workbench_msgs/share/dynamixel_workbench_msgs/package.ps1'
[1.100s] INFO:colcon.colcon_core.shell:Creating package descriptor '/home/akinsantos/minipulator_ws/install/dynamixel_workbench_msgs/share/dynamixel_workbench_msgs/package.dsv'
[1.100s] INFO:colcon.colcon_core.shell:Creating package script '/home/akinsantos/minipulator_ws/install/dynamixel_workbench_msgs/share/dynamixel_workbench_msgs/package.sh'
[1.100s] INFO:colcon.colcon_core.shell:Creating package script '/home/akinsantos/minipulator_ws/install/dynamixel_workbench_msgs/share/dynamixel_workbench_msgs/package.bash'
[1.100s] INFO:colcon.colcon_core.shell:Creating package script '/home/akinsantos/minipulator_ws/install/dynamixel_workbench_msgs/share/dynamixel_workbench_msgs/package.zsh'
[1.101s] Level 1:colcon.colcon_core.environment:create_file_with_runtime_dependencies(/home/akinsantos/minipulator_ws/install/dynamixel_workbench_msgs/share/colcon-core/packages/dynamixel_workbench_msgs)
[1.101s] DEBUG:colcon.colcon_parallel_executor.executor.parallel:closing loop
[1.101s] DEBUG:colcon.colcon_parallel_executor.executor.parallel:loop closed
[1.101s] DEBUG:colcon.colcon_parallel_executor.executor.parallel:run_until_complete finished with '0'
[1.101s] DEBUG:colcon.colcon_core.event_reactor:joining thread
[1.110s] INFO:colcon.colcon_core.plugin_system:Skipping extension 'colcon_notification.desktop_notification.terminal_notifier': Not used on non-Darwin systems
[1.110s] INFO:colcon.colcon_core.plugin_system:Skipping extension 'colcon_notification.desktop_notification.win32': Not used on non-Windows systems
[1.110s] INFO:colcon.colcon_notification.desktop_notification:Sending desktop notification using 'notify2'
[1.121s] DEBUG:colcon.colcon_core.event_reactor:joined thread
[1.121s] INFO:colcon.colcon_core.shell:Creating prefix script '/home/akinsantos/minipulator_ws/install/local_setup.ps1'
[1.122s] INFO:colcon.colcon_core.shell:Creating prefix util module '/home/akinsantos/minipulator_ws/install/_local_setup_util_ps1.py'
[1.123s] INFO:colcon.colcon_core.shell:Creating prefix chain script '/home/akinsantos/minipulator_ws/install/setup.ps1'
[1.126s] INFO:colcon.colcon_core.shell:Creating prefix script '/home/akinsantos/minipulator_ws/install/local_setup.sh'
[1.127s] INFO:colcon.colcon_core.shell:Creating prefix util module '/home/akinsantos/minipulator_ws/install/_local_setup_util_sh.py'
[1.127s] INFO:colcon.colcon_core.shell:Creating prefix chain script '/home/akinsantos/minipulator_ws/install/setup.sh'
[1.129s] INFO:colcon.colcon_core.shell:Creating prefix script '/home/akinsantos/minipulator_ws/install/local_setup.bash'
[1.130s] INFO:colcon.colcon_core.shell:Creating prefix chain script '/home/akinsantos/minipulator_ws/install/setup.bash'
[1.132s] INFO:colcon.colcon_core.shell:Creating prefix script '/home/akinsantos/minipulator_ws/install/local_setup.zsh'
[1.134s] INFO:colcon.colcon_core.shell:Creating prefix chain script '/home/akinsantos/minipulator_ws/install/setup.zsh'
